{
	"credit": "Made with Blockbench by Arcle",
	"parent": "block/orientable",
	"texture_size": [64, 64],
	"textures": {
		"0": "block/anvil",
		"3": "block/smithing_table_top",
		"7": "block/blast_furnace_side",
		"8": "block/deepslate",
		"9": "block/campfire_log_lit",
		"12": "block/blast_furnace_top",
		"14": "block/gray_concrete",
		"19": "block/smooth_stone",
		"20": "block/blast_furnace_fuel",
		"particle": "block/anvil"
	},
	"elements": [
		{
			"from": [-1.9, 0, -2],
			"to": [17.9, 2.2, 18],
			"faces": {
				"north": {"uv": [0, 0.6, 16, 1.5], "texture": "#19"},
				"east": {"uv": [0, 0.5, 16, 1.5], "texture": "#19"},
				"south": {"uv": [0, 0.6, 16, 1.5], "texture": "#19"},
				"west": {"uv": [0, 0.5, 16, 1.5], "texture": "#19"},
				"up": {"uv": [16, 16, 0, 0], "texture": "#19"},
				"down": {"uv": [16, 0, 0, 16], "texture": "#19"}
			}
		},
		{
			"from": [1.1, 14.3, 1],
			"to": [14.9, 17.2, 15],
			"rotation": {"angle": 0, "axis": "y", "origin": [0, 16, 0]},
			"faces": {
				"north": {"uv": [4.75, 0, 9.5, 0.5], "texture": "#12"},
				"east": {"uv": [4.75, 0.5, 9.5, 1], "texture": "#12"},
				"south": {"uv": [4.75, 1, 9.5, 1.5], "texture": "#12"},
				"west": {"uv": [4.75, 1.5, 9.5, 2], "texture": "#12"},
				"up": {"uv": [16, 16, 0, 0], "texture": "#12"},
				"down": {"uv": [16, 0, 0, 16], "texture": "#12"}
			}
		},
		{
			"from": [1.1, 14.3, 15],
			"to": [14.9, 17.2, 17],
			"rotation": {"angle": 0, "axis": "y", "origin": [0, 16, 16]},
			"faces": {
				"north": {"uv": [9.5, 1, 4.75, 1.5], "texture": "#12"},
				"east": {"uv": [9.5, 0.5, 4.75, 1], "texture": "#12"},
				"south": {"uv": [16, 0, 0, 1.5], "texture": "#12"},
				"west": {"uv": [9.5, 1.5, 4.75, 2], "texture": "#12"},
				"up": {"uv": [16, 0, 0, 1], "texture": "#12"},
				"down": {"uv": [16, 2, 0, 0], "texture": "#12"}
			}
		},
		{
			"from": [1.1, 14.3, -1],
			"to": [14.9, 17.2, 1],
			"rotation": {"angle": 0, "axis": "y", "origin": [0, 16, 0]},
			"faces": {
				"north": {"uv": [0, 0, 16, 1.5], "texture": "#12"},
				"east": {"uv": [4.75, 0.5, 9.5, 1], "texture": "#12"},
				"south": {"uv": [4.75, 1, 9.5, 1.5], "texture": "#12"},
				"west": {"uv": [4.75, 1.5, 9.5, 2], "texture": "#12"},
				"up": {"uv": [16, 1, 0, 0], "texture": "#12"},
				"down": {"uv": [16, 0, 0, 2], "texture": "#12"}
			}
		},
		{
			"from": [14.85, 14.3, 1.1],
			"to": [16.85, 17.2, 14.9],
			"rotation": {"angle": 0, "axis": "y", "origin": [15.85, 16, 16]},
			"faces": {
				"north": {"uv": [9.5, 0.5, 4.75, 1], "texture": "#12"},
				"east": {"uv": [16, 0, 0, 1.5], "texture": "#12"},
				"south": {"uv": [9.5, 1.5, 4.75, 2], "texture": "#12"},
				"west": {"uv": [9.5, 1, 4.75, 1.5], "texture": "#12"},
				"up": {"uv": [16, 0, 0, 1], "rotation": 270, "texture": "#12"},
				"down": {"uv": [16, 2, 0, 0], "rotation": 90, "texture": "#12"}
			}
		},
		{
			"from": [-0.85, 14.3, 1.1],
			"to": [1.15, 17.2, 14.9],
			"rotation": {"angle": 0, "axis": "y", "origin": [0.15, 16, 16]},
			"faces": {
				"north": {"uv": [4.75, 0.5, 9.5, 1], "texture": "#12"},
				"east": {"uv": [4.75, 1, 9.5, 1.5], "texture": "#12"},
				"south": {"uv": [4.75, 1.5, 9.5, 2], "texture": "#12"},
				"west": {"uv": [0, 0, 16, 1.5], "texture": "#12"},
				"up": {"uv": [16, 1, 0, 0], "rotation": 270, "texture": "#12"},
				"down": {"uv": [16, 0, 0, 2], "rotation": 90, "texture": "#12"}
			}
		},
		{
			"from": [0, 1, 1],
			"to": [2, 16, 15],
			"rotation": {"angle": 0, "axis": "y", "origin": [-14, 0, 0]},
			"faces": {
				"north": {"uv": [4.5, 8, 5, 11.75], "texture": "#7"},
				"east": {"uv": [0, 0, 16, 16], "texture": "#7"},
				"south": {"uv": [5, 8, 5.5, 11.75], "texture": "#7"},
				"west": {"uv": [0, 0, 16, 16], "texture": "#7"},
				"up": {"uv": [7, 11.5, 6.5, 8], "texture": "#7"},
				"down": {"uv": [7.5, 8, 7, 11.5], "texture": "#7"}
			}
		},
		{
			"from": [1, 1, 13.5],
			"to": [15, 16, 16],
			"faces": {
				"north": {"uv": [0, 0, 16, 16], "texture": "#7"},
				"east": {"uv": [4, 8, 4.5, 11.75], "texture": "#7"},
				"south": {"uv": [0, 0, 16, 16], "texture": "#7"},
				"west": {"uv": [8, 4.25, 8.5, 8], "texture": "#7"},
				"up": {"uv": [7.5, 8, 3.5, 7.5], "texture": "#7"},
				"down": {"uv": [11.5, 3.75, 7.5, 4.25], "texture": "#7"}
			}
		},
		{
			"from": [14, 1, 1],
			"to": [16, 16, 15],
			"faces": {
				"north": {"uv": [7.5, 4.25, 8, 8], "texture": "#7"},
				"east": {"uv": [0, 0, 16, 16], "texture": "#7"},
				"south": {"uv": [3.5, 8, 4, 11.75], "texture": "#7"},
				"west": {"uv": [0, 0, 16, 16], "texture": "#7"},
				"up": {"uv": [6, 11.5, 5.5, 8], "texture": "#7"},
				"down": {"uv": [6.5, 8, 6, 11.5], "texture": "#7"}
			}
		},
		{
			"from": [2, 1, 1.5],
			"to": [14, 3, 14],
			"rotation": {"angle": 0, "axis": "y", "origin": [-14, 0, 0]},
			"faces": {
				"north": {"uv": [0, 0, 6, 1], "texture": "#8"},
				"east": {"uv": [0, 0, 6.25, 1], "texture": "#8"},
				"south": {"uv": [0, 0, 6, 1], "texture": "#8"},
				"west": {"uv": [0, 0, 6.25, 1], "texture": "#8"},
				"up": {"uv": [0, 0, 16, 16], "texture": "#8"},
				"down": {"uv": [0, 0, 16, 16], "texture": "#8"}
			}
		},
		{
			"from": [2, 3.5, -4],
			"to": [14, 5.5, 0],
			"rotation": {"angle": 0, "axis": "y", "origin": [-14, -0.5, 0]},
			"faces": {
				"north": {"uv": [5, 6, 11, 8.5], "texture": "#19"},
				"east": {"uv": [4, 6, 4.75, 8.5], "texture": "#19"},
				"south": {"uv": [5, 6, 11, 8.5], "texture": "#19"},
				"west": {"uv": [8, 7, 10.75, 8.5], "texture": "#19"},
				"up": {"uv": [5, 2, 13, 5.75], "texture": "#19"},
				"down": {"uv": [5, 5, 11, 5.75], "texture": "#19"}
			}
		},
		{
			"from": [3, 2.2, -3],
			"to": [13, 3.5, 0],
			"rotation": {"angle": 0, "axis": "y", "origin": [-14, -0.5, 0]},
			"faces": {
				"north": {"uv": [5, 6, 11, 8.5], "texture": "#19"},
				"east": {"uv": [4, 3, 4.75, 5.5], "texture": "#19"},
				"south": {"uv": [5, 6, 11, 8.5], "texture": "#19"},
				"west": {"uv": [8, 7, 10.75, 8.5], "texture": "#19"},
				"up": {"uv": [5, 3, 11, 3.75], "texture": "#19"},
				"down": {"uv": [5, 3, 11, 3.75], "texture": "#19"}
			}
		},
		{
			"from": [13, 6, 0],
			"to": [15, 12, 1.5],
			"rotation": {"angle": 0, "axis": "y", "origin": [-14, 0, 0]},
			"faces": {
				"north": {"uv": [0, 4, 1.8, 10.6], "texture": "#7"},
				"east": {"uv": [1, 7, 2, 10], "texture": "#7"},
				"south": {"uv": [8.5, 6, 9, 9], "texture": "#7"},
				"west": {"uv": [2.1, 6.7, 3.1, 9.7], "texture": "#7"},
				"up": {"uv": [1, 11, 0.5, 10], "texture": "#7"},
				"down": {"uv": [1.5, 10, 1, 11], "texture": "#7"}
			}
		},
		{
			"from": [1, 12, 0],
			"to": [15, 16, 1.5],
			"rotation": {"angle": 0, "axis": "y", "origin": [-14, 0, 0]},
			"faces": {
				"north": {"uv": [0, 0, 16, 4], "texture": "#7"},
				"east": {"uv": [5, 7, 6, 9], "texture": "#7"},
				"south": {"uv": [6, 0, 12, 2], "texture": "#7"},
				"west": {"uv": [7, 6, 8, 8], "texture": "#7"},
				"up": {"uv": [12, 5, 6, 4], "texture": "#7"},
				"down": {"uv": [12, 5, 6, 6], "texture": "#7"}
			}
		},
		{
			"from": [1, 6, 0],
			"to": [3, 12, 1.5],
			"rotation": {"angle": 0, "axis": "y", "origin": [30, 0, 0]},
			"faces": {
				"north": {"uv": [8, 6, 8.5, 9], "texture": "#7"},
				"east": {"uv": [6, 6, 7, 9], "texture": "#7"},
				"south": {"uv": [7, 8, 7.5, 11], "texture": "#7"},
				"west": {"uv": [0, 7, 1, 10], "texture": "#7"},
				"up": {"uv": [5.5, 10, 5, 9], "texture": "#7"},
				"down": {"uv": [6, 9, 5.5, 10], "texture": "#7"}
			}
		},
		{
			"from": [3, 11, 0],
			"to": [4, 12, 1.5],
			"rotation": {"angle": 0, "axis": "y", "origin": [30, 1, 0]},
			"faces": {
				"north": {"uv": [2, 6, 2.5, 6.5], "texture": "#7"},
				"east": {"uv": [8, 7, 9, 7.5], "texture": "#7"},
				"south": {"uv": [2.5, 6, 3, 6.5], "texture": "#7"},
				"west": {"uv": [10, 7.5, 11, 8], "texture": "#7"},
				"up": {"uv": [7.5, 8, 7, 7], "texture": "#7"},
				"down": {"uv": [3.5, 6.5, 3, 7.5], "texture": "#7"}
			}
		},
		{
			"from": [1, 1, 0],
			"to": [15, 6, 1.5],
			"rotation": {"angle": 0, "axis": "y", "origin": [-14, 0, 0]},
			"faces": {
				"north": {"uv": [0, 0, 6, 2.5], "texture": "#7"},
				"east": {"uv": [3, 7, 4, 9.5], "texture": "#7"},
				"south": {"uv": [0, 2.5, 6, 5], "texture": "#7"},
				"west": {"uv": [4, 7, 5, 9.5], "texture": "#7"},
				"up": {"uv": [12, 3, 6, 2], "texture": "#7"},
				"down": {"uv": [12, 3, 6, 4], "texture": "#7"}
			}
		},
		{
			"from": [3, 6, 0],
			"to": [4, 7, 1.5],
			"rotation": {"angle": 0, "axis": "y", "origin": [30, 17, 0]},
			"faces": {
				"north": {"uv": [5, 10, 5.5, 10.5], "texture": "#7"},
				"east": {"uv": [9.5, 7.5, 10.5, 8], "texture": "#7"},
				"south": {"uv": [5.5, 10, 6, 10.5], "texture": "#7"},
				"west": {"uv": [8, 9.5, 9, 10], "texture": "#7"},
				"up": {"uv": [10, 10, 9.5, 9], "texture": "#7"},
				"down": {"uv": [0.5, 10, 0, 11], "texture": "#7"}
			}
		},
		{
			"from": [12, 6, 0],
			"to": [13, 7, 1.5],
			"rotation": {"angle": 0, "axis": "y", "origin": [-14, 17, 0]},
			"faces": {
				"north": {"uv": [1.5, 10, 2, 10.5], "texture": "#7"},
				"east": {"uv": [1.5, 9.5, 2.5, 10], "texture": "#7"},
				"south": {"uv": [1, 10, 1.5, 10.5], "texture": "#7"},
				"west": {"uv": [1, 9.5, 2, 10], "texture": "#7"},
				"up": {"uv": [2, 10.5, 1.5, 9.5], "texture": "#7"},
				"down": {"uv": [10, 6.5, 9.5, 7.5], "texture": "#7"}
			}
		},
		{
			"from": [12, 11, 0],
			"to": [13, 12, 1.5],
			"rotation": {"angle": 0, "axis": "y", "origin": [-14, 1, 0]},
			"faces": {
				"north": {"uv": [9.5, 8, 10, 8.5], "texture": "#7"},
				"east": {"uv": [6, 9, 7, 9.5], "texture": "#7"},
				"south": {"uv": [1.5, 10, 2, 10.5], "texture": "#7"},
				"west": {"uv": [9, 6, 10, 6.5], "texture": "#7"},
				"up": {"uv": [9.5, 7.5, 9, 6.5], "texture": "#7"},
				"down": {"uv": [9.5, 7.5, 9, 8.5], "texture": "#7"}
			}
		},
		{
			"from": [2.9, 7.3, -9.2],
			"to": [3.4, 8.1, 0.8],
			"rotation": {"angle": -22.5, "axis": "y", "origin": [3.1, 8.7, 0.7]},
			"faces": {
				"north": {"uv": [0.5, 0, 0.625, 0.2], "texture": "#0"},
				"east": {"uv": [0.5, 0, 3, 0.2], "texture": "#0"},
				"south": {"uv": [0.5, 0, 0.625, 0.2], "texture": "#0"},
				"west": {"uv": [0.5, 0, 3, 0.2], "texture": "#0"},
				"up": {"uv": [0.5, 0, 3, 0.125], "rotation": 270, "texture": "#0"},
				"down": {"uv": [0.5, 0, 3, 0.125], "rotation": 90, "texture": "#0"}
			}
		},
		{
			"from": [2.8, 7, -0.05],
			"to": [3.5, 11, 0.65],
			"rotation": {"angle": -22.5, "axis": "y", "origin": [3.1, 8.7, 0.7]},
			"faces": {
				"north": {"uv": [0.5, 0, 0.675, 1], "texture": "#0"},
				"east": {"uv": [0.5, 0, 0.675, 1], "texture": "#0"},
				"south": {"uv": [0.5, 0, 0.675, 1], "texture": "#0"},
				"west": {"uv": [0.5, 0, 0.675, 1], "texture": "#0"},
				"up": {"uv": [0.5, 0, 0.675, 0.175], "rotation": 270, "texture": "#0"},
				"down": {"uv": [0.5, 0, 0.675, 0.175], "rotation": 90, "texture": "#0"}
			}
		},
		{
			"from": [2.9, 9.9, -9.2],
			"to": [3.4, 10.7, 0.8],
			"rotation": {"angle": -22.5, "axis": "y", "origin": [3.1, 8.7, 0.7]},
			"faces": {
				"north": {"uv": [0.5, 0.2, 0.625, 0.4], "texture": "#0"},
				"east": {"uv": [0.5, 0.2, 3, 0.4], "texture": "#0"},
				"south": {"uv": [0.5, 0.2, 0.625, 0.4], "texture": "#0"},
				"west": {"uv": [0.5, 0.2, 3, 0.4], "texture": "#0"},
				"up": {"uv": [0.5, 0.175, 3, 0.3], "rotation": 270, "texture": "#0"},
				"down": {"uv": [0.5, 0.175, 3, 0.3], "rotation": 90, "texture": "#0"}
			}
		},
		{
			"from": [2.8, 6, -2.1],
			"to": [3.5, 12, -1.3],
			"rotation": {"angle": -22.5, "axis": "y", "origin": [3.1, 8.7, 0.7]},
			"faces": {
				"north": {"uv": [0.5, 0, 0.675, 1.5], "texture": "#0"},
				"east": {"uv": [0.5, 0, 0.7, 1.5], "texture": "#0"},
				"south": {"uv": [0.5, 0, 0.675, 1.5], "texture": "#0"},
				"west": {"uv": [0.5, 0, 0.7, 1.5], "texture": "#0"},
				"up": {"uv": [0.5, 0, 0.7, 0.175], "rotation": 270, "texture": "#0"},
				"down": {"uv": [0.5, 0, 0.7, 0.175], "rotation": 90, "texture": "#0"}
			}
		},
		{
			"from": [2.8, 6, -4.6],
			"to": [3.5, 12, -3.8],
			"rotation": {"angle": -22.5, "axis": "y", "origin": [3.1, 8.7, 0.7]},
			"faces": {
				"north": {"uv": [0.5, 0, 0.675, 1.5], "texture": "#0"},
				"east": {"uv": [0.5, 0, 0.7, 1.5], "texture": "#0"},
				"south": {"uv": [0.5, 0, 0.675, 1.5], "texture": "#0"},
				"west": {"uv": [0.5, 0, 0.7, 1.5], "texture": "#0"},
				"up": {"uv": [0.5, 0, 0.7, 0.175], "rotation": 270, "texture": "#0"},
				"down": {"uv": [0.5, 0, 0.7, 0.175], "rotation": 90, "texture": "#0"}
			}
		},
		{
			"from": [2.8, 6, -7.1],
			"to": [3.5, 12, -6.3],
			"rotation": {"angle": -22.5, "axis": "y", "origin": [3.1, 8.7, 0.7]},
			"faces": {
				"north": {"uv": [0.5, 0, 0.675, 1.5], "texture": "#0"},
				"east": {"uv": [0.5, 0, 0.7, 1.5], "texture": "#0"},
				"south": {"uv": [0.5, 0, 0.675, 1.5], "texture": "#0"},
				"west": {"uv": [0.5, 0, 0.7, 1.5], "texture": "#0"},
				"up": {"uv": [0.5, 0, 0.7, 0.175], "rotation": 270, "texture": "#0"},
				"down": {"uv": [0.5, 0, 0.7, 0.175], "rotation": 90, "texture": "#0"}
			}
		},
		{
			"from": [2.8, 7, -9.05],
			"to": [3.5, 11, -8.35],
			"rotation": {"angle": -22.5, "axis": "y", "origin": [3.1, 8.7, 0.7]},
			"faces": {
				"north": {"uv": [0.5, 0, 0.675, 1], "texture": "#0"},
				"east": {"uv": [0.5, 0, 0.675, 1], "texture": "#0"},
				"south": {"uv": [0.5, 0, 0.675, 1], "texture": "#0"},
				"west": {"uv": [0.5, 0, 0.675, 1], "texture": "#0"},
				"up": {"uv": [0.5, 0, 0.675, 0.175], "rotation": 270, "texture": "#0"},
				"down": {"uv": [0.5, 0, 0.675, 0.175], "rotation": 90, "texture": "#0"}
			}
		},
		{
			"from": [2.1, 7.3, -0.3],
			"to": [2.9, 8.1, 0],
			"rotation": {"angle": 0, "axis": "y", "origin": [2.8, 8.7, 0.4]},
			"faces": {
				"north": {"uv": [0.5, 0, 3, 0.2], "texture": "#0"},
				"east": {"uv": [0.5, 0, 0.625, 0.2], "texture": "#0"},
				"south": {"uv": [0.5, 0, 3, 0.2], "texture": "#0"},
				"west": {"uv": [0.5, 0, 0.625, 0.2], "texture": "#0"},
				"up": {"uv": [0.5, 0, 3, 0.125], "texture": "#0"},
				"down": {"uv": [0.5, 0, 3, 0.125], "texture": "#0"}
			}
		},
		{
			"from": [2.1, 9.9, -0.3],
			"to": [2.9, 10.7, 0],
			"rotation": {"angle": 0, "axis": "y", "origin": [2.8, 9.1, 0.4]},
			"faces": {
				"north": {"uv": [0.5, 0.2, 3, 0.4], "texture": "#0"},
				"east": {"uv": [0.5, 0.2, 0.625, 0.4], "texture": "#0"},
				"south": {"uv": [0.5, 0.2, 3, 0.4], "texture": "#0"},
				"west": {"uv": [0.5, 0.2, 0.625, 0.4], "texture": "#0"},
				"up": {"uv": [0.5, 0.175, 3, 0.3], "texture": "#0"},
				"down": {"uv": [0.5, 0.175, 3, 0.3], "texture": "#0"}
			}
		},
		{
			"from": [2, 13, 1.5],
			"to": [14, 16, 13.5],
			"faces": {
				"north": {"uv": [0, 0, 6, 0.5], "texture": "#12"},
				"east": {"uv": [0, 0, 6.25, 0.5], "texture": "#12"},
				"south": {"uv": [0, 0, 6, 0.5], "texture": "#12"},
				"west": {"uv": [0, 0, 6.25, 0.5], "texture": "#12"},
				"up": {"uv": [0, 0, 6, 6.25], "texture": "#12"},
				"down": {"uv": [0, 0, 16, 16], "texture": "#12"}
			}
		},
		{
			"from": [8.7375, 5.5, -4.03],
			"to": [9.2775, 6.13, -2.41],
			"rotation": {"angle": 0, "axis": "y", "origin": [11.0775, 5.5, -4.21]},
			"faces": {
				"north": {"uv": [4, 11, 6, 6], "texture": "#3"},
				"east": {"uv": [4, 11, 6, 6], "texture": "#3"},
				"south": {"uv": [4, 11, 6, 6], "texture": "#3"},
				"west": {"uv": [4, 11, 6, 6], "texture": "#3"},
				"up": {"uv": [4, 11, 6, 6], "texture": "#3"},
				"down": {"uv": [4, 11, 6, 6], "texture": "#3"}
			}
		},
		{
			"from": [7.0725, 5.5, -3.0175],
			"to": [7.6125, 6.13, -1.3975],
			"rotation": {"angle": -45, "axis": "y", "origin": [9.4125, 5.5, -3.1975]},
			"faces": {
				"north": {"uv": [11, 8, 9, 4], "texture": "#3"},
				"east": {"uv": [11, 8, 9, 4], "texture": "#3"},
				"south": {"uv": [11, 6, 9, 4], "texture": "#3"},
				"west": {"uv": [11, 8, 9, 4], "texture": "#3"},
				"up": {"uv": [11, 8, 9, 4], "texture": "#3"},
				"down": {"uv": [11, 8, 9, 4], "texture": "#3"}
			}
		},
		{
			"from": [8.13, 5.5, -4.975],
			"to": [9.93, 6.13, -4.345],
			"rotation": {"angle": -22.5, "axis": "y", "origin": [7.23, 5.5, -6.145]},
			"faces": {
				"north": {"uv": [7, 9, 1, 7], "texture": "#3"},
				"east": {"uv": [7, 9, 1, 7], "texture": "#3"},
				"south": {"uv": [7, 9, 1, 7], "texture": "#3"},
				"west": {"uv": [7, 9, 1, 7], "texture": "#3"},
				"up": {"uv": [7, 9, 1, 7], "texture": "#3"},
				"down": {"uv": [7, 9, 1, 7], "texture": "#3"}
			}
		},
		{
			"from": [8.13, 5.5, -1.655],
			"to": [9.93, 6.13, -1.025],
			"rotation": {"angle": 22.5, "axis": "y", "origin": [7.23, 5.5, 0.145]},
			"faces": {
				"north": {"uv": [1, 9, 7, 7], "texture": "#3"},
				"east": {"uv": [1, 9, 7, 7], "texture": "#3"},
				"south": {"uv": [1, 9, 7, 7], "texture": "#3"},
				"west": {"uv": [1, 9, 7, 7], "texture": "#3"},
				"up": {"uv": [7, 7, 1, 9], "texture": "#3"},
				"down": {"uv": [7, 7, 1, 9], "texture": "#3"}
			}
		},
		{
			"from": [8.7375, 5.5, -3.59],
			"to": [9.2775, 6.13, -1.97],
			"rotation": {"angle": 0, "axis": "y", "origin": [11.0775, 5.5, -1.79]},
			"faces": {
				"north": {"uv": [6, 11, 4, 6], "texture": "#3"},
				"east": {"uv": [6, 11, 4, 6], "texture": "#3"},
				"south": {"uv": [6, 11, 4, 6], "texture": "#3"},
				"west": {"uv": [6, 11, 4, 6], "texture": "#3"},
				"up": {"uv": [4, 6, 6, 11], "texture": "#3"},
				"down": {"uv": [4, 6, 6, 11], "texture": "#3"}
			}
		},
		{
			"from": [7.0725, 5.5, -4.6025],
			"to": [7.6125, 6.13, -2.9825],
			"rotation": {"angle": 45, "axis": "y", "origin": [9.4125, 5.5, -2.8025]},
			"faces": {
				"north": {"uv": [9, 6, 11, 4], "texture": "#3"},
				"east": {"uv": [9, 8, 11, 4], "texture": "#3"},
				"south": {"uv": [9, 8, 11, 4], "texture": "#3"},
				"west": {"uv": [9, 8, 11, 4], "texture": "#3"},
				"up": {"uv": [11, 4, 9, 8], "texture": "#3"},
				"down": {"uv": [11, 4, 9, 8], "texture": "#3"}
			}
		},
		{
			"from": [9.3, 5.5, -4.3],
			"to": [14.7, 6.13, -3.67],
			"rotation": {"angle": 22.5, "axis": "y", "origin": [11.1, 5.5, -2.5]},
			"faces": {
				"north": {"uv": [11, 6, 0, 4], "texture": "#3"},
				"east": {"uv": [11, 6, 0, 4], "texture": "#3"},
				"south": {"uv": [11, 6, 0, 4], "texture": "#3"},
				"west": {"uv": [11, 6, 0, 4], "texture": "#3"},
				"up": {"uv": [11, 6, 0, 4], "texture": "#3"},
				"down": {"uv": [11, 6, 0, 4], "texture": "#3"}
			}
		},
		{
			"from": [9.3, 5.5, -2.33],
			"to": [14.7, 6.13, -1.7],
			"rotation": {"angle": -22.5, "axis": "y", "origin": [11.1, 5.5, -3.5]},
			"faces": {
				"north": {"uv": [0, 6, 11, 4], "texture": "#3"},
				"east": {"uv": [0, 6, 11, 4], "texture": "#3"},
				"south": {"uv": [0, 6, 11, 4], "texture": "#3"},
				"west": {"uv": [0, 6, 11, 4], "texture": "#3"},
				"up": {"uv": [11, 4, 0, 6], "texture": "#3"},
				"down": {"uv": [11, 4, 0, 6], "texture": "#3"}
			}
		},
		{
			"from": [9.03, 5.5, -3.22],
			"to": [9.57, 6.4, -2.68],
			"rotation": {"angle": 0, "axis": "y", "origin": [8.4, 5.5, -3.85]},
			"faces": {
				"north": {"uv": [9, 9, 9.5, 10], "texture": "#0"},
				"east": {"uv": [10, 1, 10.5, 2], "texture": "#0"},
				"south": {"uv": [10, 2, 10.5, 3], "texture": "#0"},
				"west": {"uv": [3, 10, 3.5, 11], "texture": "#0"},
				"up": {"uv": [5, 8, 7, 6], "texture": "#0"},
				"down": {"uv": [8.5, 10, 8, 10.5], "texture": "#0"}
			}
		},
		{
			"from": [15, 2.2, -1],
			"to": [16.9, 15.3, 1],
			"rotation": {"angle": 0, "axis": "y", "origin": [30, 0, 0]},
			"faces": {
				"north": {"uv": [9, 5, 7, 14], "texture": "#0"},
				"east": {"uv": [10, 5, 8, 14], "texture": "#0"},
				"south": {"uv": [9, 5, 7, 14], "texture": "#0"},
				"west": {"uv": [9, 5, 7, 14], "texture": "#0"},
				"up": {"uv": [9, 5, 7, 14], "texture": "#0"},
				"down": {"uv": [9, 5, 7, 14], "texture": "#0"}
			}
		},
		{
			"from": [-0.9, 2.2, -1],
			"to": [1, 15.3, 1],
			"rotation": {"angle": 0, "axis": "y", "origin": [-14, 0, 0]},
			"faces": {
				"north": {"uv": [7, 5, 9, 14], "texture": "#0"},
				"east": {"uv": [7, 5, 9, 14], "texture": "#0"},
				"south": {"uv": [7, 5, 9, 14], "texture": "#0"},
				"west": {"uv": [8, 5, 10, 14], "texture": "#0"},
				"up": {"uv": [7, 5, 9, 14], "texture": "#0"},
				"down": {"uv": [7, 5, 9, 14], "texture": "#0"}
			}
		},
		{
			"from": [-0.9, 2.2, 15],
			"to": [1, 15.3, 17],
			"rotation": {"angle": 0, "axis": "y", "origin": [-14, 0, 16]},
			"faces": {
				"north": {"uv": [9, 5, 7, 14], "texture": "#0"},
				"east": {"uv": [9, 5, 7, 14], "texture": "#0"},
				"south": {"uv": [9, 5, 7, 14], "texture": "#0"},
				"west": {"uv": [10, 5, 8, 14], "texture": "#0"},
				"up": {"uv": [7, 14, 9, 5], "texture": "#0"},
				"down": {"uv": [7, 14, 9, 5], "texture": "#0"}
			}
		},
		{
			"from": [15, 2.2, 15],
			"to": [16.9, 15.3, 17],
			"rotation": {"angle": 0, "axis": "y", "origin": [30, 0, 16]},
			"faces": {
				"north": {"uv": [7, 5, 9, 14], "texture": "#0"},
				"east": {"uv": [8, 5, 10, 14], "texture": "#0"},
				"south": {"uv": [7, 5, 9, 14], "texture": "#0"},
				"west": {"uv": [7, 5, 9, 14], "texture": "#0"},
				"up": {"uv": [9, 14, 7, 5], "texture": "#0"},
				"down": {"uv": [9, 14, 7, 5], "texture": "#0"}
			}
		},
		{
			"from": [14.3, 13.9, -1.8],
			"to": [17.7, 18, 1.5],
			"rotation": {"angle": 0, "axis": "y", "origin": [30, 0, 0]},
			"faces": {
				"north": {"uv": [8.5, 4, 5, 9.15], "texture": "#0"},
				"east": {"uv": [8.5, 4, 5, 9.275], "texture": "#0"},
				"south": {"uv": [8.475, 4, 5, 9.275], "texture": "#0"},
				"west": {"uv": [8.5, 4, 5, 9.275], "texture": "#0"},
				"up": {"uv": [8.475, 4, 5, 7.5], "texture": "#0"},
				"down": {"uv": [8.475, 4, 5, 7.5], "texture": "#0"}
			}
		},
		{
			"from": [1.7, 16.9, -1.8],
			"to": [14.3, 18, -0.5],
			"rotation": {"angle": 0, "axis": "y", "origin": [30, 0, 0]},
			"faces": {
				"north": {"uv": [14.5, 5, 5, 5.75], "texture": "#0"},
				"east": {"uv": [14.5, 4, 5, 5.875], "texture": "#0"},
				"south": {"uv": [14.575, 4, 5, 5.875], "texture": "#0"},
				"west": {"uv": [14.6, 4, 5, 5.675], "texture": "#0"},
				"up": {"uv": [13.925, 8, 5, 9], "texture": "#0"},
				"down": {"uv": [14.575, 4, 5, 6.2], "texture": "#0"}
			}
		},
		{
			"from": [1.7, 16.9, 16.5],
			"to": [14.3, 18, 17.8],
			"rotation": {"angle": 0, "axis": "y", "origin": [30, 0, 16]},
			"faces": {
				"north": {"uv": [5, 4, 14.575, 5.875], "texture": "#0"},
				"east": {"uv": [5, 4, 14.5, 5.875], "texture": "#0"},
				"south": {"uv": [5, 5, 14.5, 5.75], "texture": "#0"},
				"west": {"uv": [5, 4, 14.6, 5.675], "texture": "#0"},
				"up": {"uv": [13.925, 9, 5, 8], "texture": "#0"},
				"down": {"uv": [14.575, 6.2, 5, 4], "texture": "#0"}
			}
		},
		{
			"from": [16.2, 16.9, 1.5],
			"to": [17.7, 18, 14.5],
			"rotation": {"angle": 0, "axis": "y", "origin": [18, 0, 30]},
			"faces": {
				"north": {"uv": [5, 4, 14.6, 5.675], "texture": "#0"},
				"east": {"uv": [5, 4, 14.575, 4.875], "texture": "#0"},
				"south": {"uv": [5, 4, 14.5, 5.875], "texture": "#0"},
				"west": {"uv": [5, 5, 14.5, 5.75], "texture": "#0"},
				"up": {"uv": [13.925, 9, 5, 8], "rotation": 90, "texture": "#0"},
				"down": {"uv": [14.575, 6.2, 5, 4], "rotation": 270, "texture": "#0"}
			}
		},
		{
			"from": [-1.7, 16.9, 1.5],
			"to": [-0.2, 18, 14.5],
			"rotation": {"angle": 0, "axis": "y", "origin": [-2, 0, 30]},
			"faces": {
				"north": {"uv": [14.6, 4, 5, 5.675], "texture": "#0"},
				"east": {"uv": [14.5, 5, 5, 5.75], "texture": "#0"},
				"south": {"uv": [14.5, 4, 5, 5.875], "texture": "#0"},
				"west": {"uv": [14.575, 4, 5, 4.875], "texture": "#0"},
				"up": {"uv": [13.925, 8, 5, 9], "rotation": 90, "texture": "#0"},
				"down": {"uv": [14.575, 4, 5, 6.2], "rotation": 270, "texture": "#0"}
			}
		},
		{
			"from": [-1.7, 13.9, -1.8],
			"to": [1.7, 18, 1.5],
			"rotation": {"angle": 0, "axis": "y", "origin": [-14, 0, 0]},
			"faces": {
				"north": {"uv": [5, 4, 8.5, 9.15], "texture": "#0"},
				"east": {"uv": [5, 4, 8.5, 9.275], "texture": "#0"},
				"south": {"uv": [5, 4, 8.475, 9.275], "texture": "#0"},
				"west": {"uv": [5, 4, 8.5, 9.275], "texture": "#0"},
				"up": {"uv": [5, 4, 8.475, 7.5], "texture": "#0"},
				"down": {"uv": [5, 4, 8.475, 7.5], "texture": "#0"}
			}
		},
		{
			"from": [-1.7, 13.9, 14.5],
			"to": [1.7, 18, 17.8],
			"rotation": {"angle": 0, "axis": "y", "origin": [-14, 0, 16]},
			"faces": {
				"north": {"uv": [8.5, 4, 5, 9.15], "texture": "#0"},
				"east": {"uv": [8.5, 4, 5, 9.275], "texture": "#0"},
				"south": {"uv": [8.475, 4, 5, 9.275], "texture": "#0"},
				"west": {"uv": [8.5, 4, 5, 9.275], "texture": "#0"},
				"up": {"uv": [5, 7.5, 8.475, 4], "texture": "#0"},
				"down": {"uv": [5, 7.5, 8.475, 4], "texture": "#0"}
			}
		},
		{
			"from": [14.3, 13.9, 14.5],
			"to": [17.7, 18, 17.8],
			"rotation": {"angle": 0, "axis": "y", "origin": [30, 0, 16]},
			"faces": {
				"north": {"uv": [5, 4, 8.5, 9.15], "texture": "#0"},
				"east": {"uv": [5, 4, 8.5, 9.275], "texture": "#0"},
				"south": {"uv": [5, 4, 8.475, 9.275], "texture": "#0"},
				"west": {"uv": [5, 4, 8.5, 9.275], "texture": "#0"},
				"up": {"uv": [8.475, 7.5, 5, 4], "texture": "#0"},
				"down": {"uv": [8.475, 7.5, 5, 4], "texture": "#0"}
			}
		},
		{
			"from": [0, 17, 4.5],
			"to": [2, 25, 6.5],
			"rotation": {"angle": 0, "axis": "y", "origin": [0, 17, 4.5]},
			"faces": {
				"north": {"uv": [6, 8, 8, 16], "texture": "#8"},
				"east": {"uv": [8, 8, 10, 16], "texture": "#8"},
				"south": {"uv": [10, 0, 12, 8], "texture": "#8"},
				"west": {"uv": [10, 8, 12, 16], "texture": "#8"},
				"up": {"uv": [14, 10, 12, 8], "texture": "#8"},
				"down": {"uv": [14, 10, 12, 12], "texture": "#8"}
			}
		},
		{
			"from": [-0.4, 17, 4],
			"to": [2.5, 18, 14],
			"rotation": {"angle": 0, "axis": "y", "origin": [0, 17, 4.5]},
			"faces": {
				"north": {"uv": [3, 2, 4.45, 2.5], "texture": "#12"},
				"east": {"uv": [0, 1.25, 5, 1.75], "texture": "#12"},
				"south": {"uv": [3, 2, 4.45, 2.5], "texture": "#12"},
				"west": {"uv": [0.25, 3.5, 5.25, 4], "texture": "#12"},
				"up": {"uv": [3.75, 4.75, 4.45, 7], "texture": "#12"},
				"down": {"uv": [3.75, 4.5, 4.45, 7], "texture": "#12"}
			}
		},
		{
			"from": [0, 17, 8],
			"to": [2, 25, 10],
			"rotation": {"angle": 0, "axis": "y", "origin": [0, 17, 8]},
			"faces": {
				"north": {"uv": [0, 8, 2, 16], "texture": "#8"},
				"east": {"uv": [8, 0, 10, 8], "texture": "#8"},
				"south": {"uv": [2, 8, 4, 16], "texture": "#8"},
				"west": {"uv": [4, 8, 6, 16], "texture": "#8"},
				"up": {"uv": [14, 6, 12, 4], "texture": "#8"},
				"down": {"uv": [14, 6, 12, 8], "texture": "#8"}
			}
		},
		{
			"from": [0, 17, 11.5],
			"to": [2, 25, 13.5],
			"rotation": {"angle": 0, "axis": "y", "origin": [0, 17, 11.5]},
			"faces": {
				"north": {"uv": [0, 0, 2, 8], "texture": "#8"},
				"east": {"uv": [2, 0, 4, 8], "texture": "#8"},
				"south": {"uv": [4, 0, 6, 8], "texture": "#8"},
				"west": {"uv": [6, 0, 8, 8], "texture": "#8"},
				"up": {"uv": [14, 2, 12, 0], "texture": "#8"},
				"down": {"uv": [14, 2, 12, 4], "texture": "#8"}
			}
		},
		{
			"from": [0, 25, 4.5],
			"to": [2, 26, 6.5],
			"rotation": {"angle": 0, "axis": "y", "origin": [0, 17, 4.5]},
			"faces": {
				"north": {"uv": [0, 0, 2, 2], "texture": "#0"},
				"east": {"uv": [0, 0, 2, 2], "texture": "#0"},
				"south": {"uv": [0, 0, 2, 2], "texture": "#0"},
				"west": {"uv": [0, 0, 2, 2], "texture": "#0"},
				"up": {"uv": [0, 0, 2, 2], "texture": "#0"},
				"down": {"uv": [0, 0, 2, 2], "texture": "#0"}
			}
		},
		{
			"from": [0, 25, 8],
			"to": [2, 26, 10],
			"rotation": {"angle": 0, "axis": "y", "origin": [0, 17, 8]},
			"faces": {
				"north": {"uv": [0, 0, 2, 9], "texture": "#0"},
				"east": {"uv": [0, 0, 2, 9], "texture": "#0"},
				"south": {"uv": [0, 0, 2, 9], "texture": "#0"},
				"west": {"uv": [0, 0, 2, 9], "texture": "#0"},
				"up": {"uv": [0, 0, 2, 2], "texture": "#0"},
				"down": {"uv": [0, 0, 2, 2], "texture": "#0"}
			}
		},
		{
			"from": [0, 25, 11.5],
			"to": [2, 26, 13.5],
			"rotation": {"angle": 0, "axis": "y", "origin": [0, 17, 11.5]},
			"faces": {
				"north": {"uv": [0, 0, 2, 9], "texture": "#0"},
				"east": {"uv": [0, 0, 2, 9], "texture": "#0"},
				"south": {"uv": [0, 0, 2, 9], "texture": "#0"},
				"west": {"uv": [0, 0, 2, 9], "texture": "#0"},
				"up": {"uv": [0, 0, 2, 2], "texture": "#0"},
				"down": {"uv": [0, 0, 2, 2], "texture": "#0"}
			}
		},
		{
			"from": [4.6, 17.3, 10.1],
			"to": [11.4, 20.8, 11.4],
			"rotation": {"angle": 0, "axis": "y", "origin": [0, 2.3, 0.4]},
			"faces": {
				"north": {"uv": [3.5, 0, 7, 2], "texture": "#8"},
				"east": {"uv": [7.5, 9.5, 8, 11.5], "texture": "#8"},
				"south": {"uv": [3.5, 2, 9, 6], "texture": "#8"},
				"west": {"uv": [7.5, 3.5, 8, 5.5], "texture": "#8"},
				"up": {"uv": [8.5, 9.5, 5, 9], "texture": "#8"},
				"down": {"uv": [12.5, 5, 9, 5.5], "texture": "#8"}
			}
		},
		{
			"from": [5.9, 16.3, 5.9],
			"to": [10.1, 17.8, 10.1],
			"rotation": {"angle": 0, "axis": "y", "origin": [0, 1.3, 0.4]},
			"faces": {
				"north": {"uv": [0, 0, 3.4, 1.75], "texture": "#0"},
				"east": {"uv": [0, 0, 3.4, 1.75], "texture": "#0"},
				"south": {"uv": [0, 0, 3.4, 1.75], "texture": "#0"},
				"west": {"uv": [0, 0, 3.4, 1.75], "texture": "#0"},
				"up": {"uv": [0, 0, 3.4, 3.4], "texture": "#0"},
				"down": {"uv": [0, 0, 3.4, 3.4], "texture": "#0"}
			}
		},
		{
			"from": [10.1, 17.3, 5.9],
			"to": [11.4, 20.8, 10.1],
			"rotation": {"angle": 0, "axis": "y", "origin": [0, 2.3, 0.4]},
			"faces": {
				"north": {"uv": [9.5, 5.5, 10, 7.5], "texture": "#8"},
				"east": {"uv": [7, 1, 10.5, 5], "texture": "#8"},
				"south": {"uv": [6, 9.5, 6.5, 11.5], "texture": "#8"},
				"west": {"uv": [4.5, 7, 6.5, 9], "texture": "#8"},
				"up": {"uv": [7, 11.5, 6.5, 9.5], "texture": "#8"},
				"down": {"uv": [7.5, 9.5, 7, 11.5], "texture": "#8"}
			}
		},
		{
			"from": [4.6, 17.3, 5.9],
			"to": [5.9, 20.8, 10.1],
			"rotation": {"angle": 0, "axis": "y", "origin": [-5.5, 2.3, 0.4]},
			"faces": {
				"north": {"uv": [8, 9.5, 8.5, 11.5], "texture": "#8"},
				"east": {"uv": [6.5, 7, 8.5, 9], "texture": "#8"},
				"south": {"uv": [8.5, 9.5, 9, 11.5], "texture": "#8"},
				"west": {"uv": [0, 8, 3.5, 12], "texture": "#8"},
				"up": {"uv": [9.5, 11.5, 9, 9.5], "texture": "#8"},
				"down": {"uv": [10, 9.5, 9.5, 11.5], "texture": "#8"}
			}
		},
		{
			"from": [4.6, 17.3, 4.6],
			"to": [11.4, 20.8, 5.9],
			"rotation": {"angle": 0, "axis": "y", "origin": [0, 2.3, 0.4]},
			"faces": {
				"north": {"uv": [0, 0, 5.5, 4], "texture": "#8"},
				"east": {"uv": [5, 0.5, 5.5, 2.5], "texture": "#8"},
				"south": {"uv": [0, 2, 3.5, 4], "texture": "#8"},
				"west": {"uv": [4.5, 0.5, 5, 2.5], "texture": "#8"},
				"up": {"uv": [12.5, 4.5, 9, 4], "texture": "#8"},
				"down": {"uv": [12.5, 4.5, 9, 5], "texture": "#8"}
			}
		},
		{
			"from": [3.6, 20.8, 3.6],
			"to": [12.4, 22.3, 5.4],
			"rotation": {"angle": 0, "axis": "y", "origin": [0, 2.3, 0.4]},
			"faces": {
				"north": {"uv": [1, 4, 5.5, 5], "texture": "#19"},
				"east": {"uv": [9.5, 3, 10.5, 4], "texture": "#19"},
				"south": {"uv": [4.5, 4, 9, 5], "texture": "#19"},
				"west": {"uv": [1, 10, 2, 11], "texture": "#19"},
				"up": {"uv": [5.5, 6, 1, 5], "texture": "#19"},
				"down": {"uv": [9, 5, 4.5, 6], "texture": "#19"}
			}
		},
		{
			"from": [3.6, 20.8, 10.6],
			"to": [12.4, 22.3, 12.4],
			"rotation": {"angle": 0, "axis": "y", "origin": [0, 2.3, 15.6]},
			"faces": {
				"north": {"uv": [2, 6, 6.5, 7], "texture": "#19"},
				"east": {"uv": [10, 6.5, 11, 7.5], "texture": "#19"},
				"south": {"uv": [4.5, 6, 9, 7], "texture": "#19"},
				"west": {"uv": [10, 7.5, 11, 8.5], "texture": "#19"},
				"up": {"uv": [6.5, 8, 2, 7], "texture": "#19"},
				"down": {"uv": [11.5, 1, 7, 2], "texture": "#19"}
			}
		},
		{
			"from": [3.6, 20.8, 5.4],
			"to": [5.4, 22.3, 10.6],
			"rotation": {"angle": 0, "axis": "y", "origin": [8.6, 2.3, 16]},
			"faces": {
				"north": {"uv": [1, 10, 2, 11], "texture": "#19"},
				"east": {"uv": [7, 3, 9.5, 4], "texture": "#19"},
				"south": {"uv": [10, 5.5, 11, 6.5], "texture": "#19"},
				"west": {"uv": [2, 8, 4.5, 9], "texture": "#19"},
				"up": {"uv": [11.5, 9.5, 10.5, 7], "texture": "#19"},
				"down": {"uv": [3, 9, 2, 11.5], "texture": "#19"}
			}
		},
		{
			"from": [10.6, 20.8, 5.4],
			"to": [12.4, 22.3, 10.6],
			"rotation": {"angle": 0, "axis": "y", "origin": [15.6, 2.3, 16]},
			"faces": {
				"north": {"uv": [10, 8.5, 11, 9.5], "texture": "#19"},
				"east": {"uv": [11, 1, 13.5, 2], "texture": "#19"},
				"south": {"uv": [10, 9.5, 11, 10.5], "texture": "#19"},
				"west": {"uv": [9, 2, 11.5, 3], "texture": "#19"},
				"up": {"uv": [4, 11.5, 3, 9], "texture": "#19"},
				"down": {"uv": [5, 9, 4, 11.5], "texture": "#19"}
			}
		},
		{
			"from": [10.4, 17.3, 3.6],
			"to": [12.4, 18.3, 5.6],
			"rotation": {"angle": 0, "axis": "y", "origin": [0, 2.3, 0.4]},
			"faces": {
				"north": {"uv": [6, 6, 8, 7.75], "texture": "#19"},
				"east": {"uv": [6, 6, 8, 7.75], "texture": "#19"},
				"south": {"uv": [6, 6, 8, 7.75], "texture": "#19"},
				"west": {"uv": [6, 6, 8, 7.75], "texture": "#19"},
				"up": {"uv": [6, 6, 8, 8], "texture": "#19"},
				"down": {"uv": [6, 6, 8, 8], "texture": "#19"}
			}
		},
		{
			"from": [3.6, 17.3, 3.6],
			"to": [5.6, 18.3, 5.6],
			"rotation": {"angle": 0, "axis": "y", "origin": [16, 2.3, 0.4]},
			"faces": {
				"north": {"uv": [8, 6, 6, 7.75], "texture": "#19"},
				"east": {"uv": [8, 6, 6, 7.75], "texture": "#19"},
				"south": {"uv": [8, 6, 6, 7.75], "texture": "#19"},
				"west": {"uv": [8, 6, 6, 7.75], "texture": "#19"},
				"up": {"uv": [8, 6, 6, 8], "texture": "#19"},
				"down": {"uv": [8, 6, 6, 8], "texture": "#19"}
			}
		},
		{
			"from": [3.6, 17.3, 10.4],
			"to": [5.6, 18.3, 12.4],
			"rotation": {"angle": 0, "axis": "y", "origin": [16, 2.3, 15.6]},
			"faces": {
				"north": {"uv": [6, 6, 8, 7.75], "texture": "#19"},
				"east": {"uv": [6, 6, 8, 7.75], "texture": "#19"},
				"south": {"uv": [6, 6, 8, 7.75], "texture": "#19"},
				"west": {"uv": [6, 6, 8, 7.75], "texture": "#19"},
				"up": {"uv": [8, 8, 6, 6], "texture": "#19"},
				"down": {"uv": [8, 8, 6, 6], "texture": "#19"}
			}
		},
		{
			"from": [10.4, 17.3, 10.4],
			"to": [12.4, 18.3, 12.4],
			"rotation": {"angle": 0, "axis": "y", "origin": [0, 2.3, 15.6]},
			"faces": {
				"north": {"uv": [8, 6, 6, 7.75], "texture": "#19"},
				"east": {"uv": [8, 6, 6, 7.75], "texture": "#19"},
				"south": {"uv": [8, 6, 6, 7.75], "texture": "#19"},
				"west": {"uv": [8, 6, 6, 7.75], "texture": "#19"},
				"up": {"uv": [6, 8, 8, 6], "texture": "#19"},
				"down": {"uv": [6, 8, 8, 6], "texture": "#19"}
			}
		},
		{
			"from": [9.2, 5.1, 5.5],
			"to": [12.3, 6.8, 7.9],
			"rotation": {"angle": 22.5, "axis": "y", "origin": [10.5, -0.2, 6.5]},
			"faces": {
				"north": {"uv": [3, 2, 4.5, 3], "texture": "#20"},
				"east": {"uv": [1, 6.5, 2, 7.5], "texture": "#20"},
				"south": {"uv": [3, 3, 4.5, 4], "texture": "#20"},
				"west": {"uv": [2, 6.5, 3, 7.5], "texture": "#20"},
				"up": {"uv": [1.5, 4.5, 0, 3.5], "texture": "#20"},
				"down": {"uv": [3, 3.5, 1.5, 4.5], "texture": "#20"}
			}
		},
		{
			"from": [6.6, 3, 8.5],
			"to": [10, 5.3, 12],
			"rotation": {"angle": 22.5, "axis": "y", "origin": [8.5, 0, 10]},
			"faces": {
				"north": {"uv": [3, 4, 4.5, 5], "texture": "#20"},
				"east": {"uv": [3, 0, 5, 1], "texture": "#20"},
				"south": {"uv": [0, 4.5, 1.5, 5.5], "texture": "#20"},
				"west": {"uv": [3, 1, 5, 2], "texture": "#20"},
				"up": {"uv": [1.5, 2, 0, 0], "texture": "#20"},
				"down": {"uv": [3, 0, 1.5, 2], "texture": "#20"}
			}
		},
		{
			"from": [6.5, 5.3, 9],
			"to": [8.9, 7.3, 11.5],
			"rotation": {"angle": 45, "axis": "y", "origin": [7.9, 0, 10]},
			"faces": {
				"north": {"uv": [3, 6.5, 4, 7.5], "texture": "#20"},
				"east": {"uv": [1.5, 4.5, 3, 5.5], "texture": "#20"},
				"south": {"uv": [6.5, 6, 7.5, 7], "texture": "#20"},
				"west": {"uv": [4.5, 2, 6, 3], "texture": "#20"},
				"up": {"uv": [5.5, 4.5, 4.5, 3], "texture": "#20"},
				"down": {"uv": [5.5, 4.5, 4.5, 6], "texture": "#20"}
			}
		},
		{
			"from": [9.1, 3.2, 5.5],
			"to": [11.5, 5.2, 8],
			"rotation": {"angle": 45, "axis": "y", "origin": [10.5, -2.1, 6.5]},
			"faces": {
				"north": {"uv": [0, 7, 1, 8], "texture": "#20"},
				"east": {"uv": [5, 0, 6.5, 1], "texture": "#20"},
				"south": {"uv": [7, 3, 8, 4], "texture": "#20"},
				"west": {"uv": [5, 1, 6.5, 2], "texture": "#20"},
				"up": {"uv": [4, 6.5, 3, 5], "texture": "#20"},
				"down": {"uv": [1, 5.5, 0, 7], "texture": "#20"}
			}
		},
		{
			"from": [3.5, 3, 8.7],
			"to": [6.6, 5.3, 11.9],
			"rotation": {"angle": 22.5, "axis": "y", "origin": [5.5, 0, 10]},
			"faces": {
				"north": {"uv": [1, 5.5, 2.5, 6.5], "texture": "#20"},
				"east": {"uv": [5.5, 3, 7, 4], "texture": "#20"},
				"south": {"uv": [5.5, 4, 7, 5], "texture": "#20"},
				"west": {"uv": [5.5, 5, 7, 6], "texture": "#20"},
				"up": {"uv": [1.5, 3.5, 0, 2], "texture": "#20"},
				"down": {"uv": [3, 2, 1.5, 3.5], "texture": "#20"}
			}
		},
		{
			"from": [4.3, 5.3, 8.5],
			"to": [6.3, 6.8, 10.8],
			"rotation": {"angle": -45, "axis": "y", "origin": [4.9, 0, 10]},
			"faces": {
				"north": {"uv": [4, 7, 5, 8], "texture": "#20"},
				"east": {"uv": [7, 4, 8, 5], "texture": "#20"},
				"south": {"uv": [7, 5, 8, 6], "texture": "#20"},
				"west": {"uv": [6.5, 7, 7.5, 8], "texture": "#20"},
				"up": {"uv": [8.5, 1, 7.5, 0], "texture": "#20"},
				"down": {"uv": [2, 7.5, 1, 8.5], "texture": "#20"}
			}
		},
		{
			"from": [6.5, 3.2, 5],
			"to": [8.9, 5.2, 7.5],
			"rotation": {"angle": -45, "axis": "y", "origin": [7.5, -2.1, 6.5]},
			"faces": {
				"north": {"uv": [7.5, 1, 8.5, 2], "texture": "#20"},
				"east": {"uv": [6, 2, 7.5, 3], "texture": "#20"},
				"south": {"uv": [2, 7.5, 3, 8.5], "texture": "#20"},
				"west": {"uv": [4, 6, 5.5, 7], "texture": "#20"},
				"up": {"uv": [6.5, 7.5, 5.5, 6], "texture": "#20"},
				"down": {"uv": [7.5, 0, 6.5, 1.5], "texture": "#20"}
			}
		},
		{
			"name": "LOG",
			"from": [3.2, 2.6, 5.4],
			"to": [8.2, 4.6, 7.4],
			"rotation": {"angle": 22.5, "axis": "z", "origin": [1.2, 2.6, 5.4]},
			"faces": {
				"north": {"uv": [3, 2, 8, 4], "texture": "#9"},
				"east": {"uv": [5, 2, 7, 4], "texture": "#9"},
				"south": {"uv": [0, 2, 5, 4], "texture": "#9"},
				"west": {"uv": [5, 4, 7, 6], "texture": "#9"},
				"up": {"uv": [5, 6, 0, 4], "texture": "#9"},
				"down": {"uv": [10, 0, 5, 2], "texture": "#9"}
			}
		},
		{
			"from": [16, 3.5, 5.5],
			"to": [17.8, 6, 7.5],
			"rotation": {"angle": 0, "axis": "y", "origin": [0, -8, -1]},
			"faces": {
				"north": {"uv": [0, 0, 3.5, 3.75], "texture": "#3"},
				"east": {"uv": [0, 0, 3.5, 3.75], "texture": "#3"},
				"south": {"uv": [0, 0, 3.5, 3.75], "texture": "#3"},
				"west": {"uv": [0, 0, 3.5, 3.75], "texture": "#3"},
				"up": {"uv": [0, 0, 3.5, 3.5], "texture": "#3"},
				"down": {"uv": [0, 0, 3.5, 3.5], "texture": "#3"}
			}
		},
		{
			"from": [16, 10.5, 5.5],
			"to": [17.8, 13, 7.5],
			"rotation": {"angle": 0, "axis": "y", "origin": [0, -1, -1]},
			"faces": {
				"north": {"uv": [0, 0, 3.5, 3.75], "texture": "#3"},
				"east": {"uv": [0, 0, 3.5, 3.75], "texture": "#3"},
				"south": {"uv": [0, 0, 3.5, 3.75], "texture": "#3"},
				"west": {"uv": [0, 0, 3.5, 3.75], "texture": "#3"},
				"up": {"uv": [0, 0, 3.5, 3.5], "texture": "#3"},
				"down": {"uv": [0, 0, 3.5, 3.5], "texture": "#3"}
			}
		},
		{
			"from": [16.8, 6, 5.5],
			"to": [17.8, 10.5, 7.5],
			"rotation": {"angle": 0, "axis": "y", "origin": [-0.2, -8, -1]},
			"faces": {
				"north": {"uv": [0, 0, 3.5, 3.75], "texture": "#14"},
				"east": {"uv": [0, 0, 3.5, 3.75], "texture": "#14"},
				"south": {"uv": [0, 0, 3.5, 3.75], "texture": "#14"},
				"west": {"uv": [0, 0, 3.5, 3.75], "texture": "#14"},
				"up": {"uv": [0, 0, 3.5, 3.5], "texture": "#14"},
				"down": {"uv": [0, 0, 3.5, 3.5], "texture": "#14"}
			}
		},
		{
			"from": [16, 10.5, 10.5],
			"to": [17.8, 13, 12.5],
			"rotation": {"angle": 0, "axis": "y", "origin": [0, -1, 4]},
			"faces": {
				"north": {"uv": [0, 0, 3.5, 3.75], "texture": "#3"},
				"east": {"uv": [0, 0, 3.5, 3.75], "texture": "#3"},
				"south": {"uv": [0, 0, 3.5, 3.75], "texture": "#3"},
				"west": {"uv": [0, 0, 3.5, 3.75], "texture": "#3"},
				"up": {"uv": [0, 0, 3.5, 3.5], "texture": "#3"},
				"down": {"uv": [0, 0, 3.5, 3.5], "texture": "#3"}
			}
		},
		{
			"from": [16.8, 6, 10.5],
			"to": [17.8, 10.5, 12.5],
			"rotation": {"angle": 0, "axis": "y", "origin": [-0.2, -8, 4]},
			"faces": {
				"north": {"uv": [0, 0, 3.5, 3.75], "texture": "#14"},
				"east": {"uv": [0, 0, 3.5, 3.75], "texture": "#14"},
				"south": {"uv": [0, 0, 3.5, 3.75], "texture": "#14"},
				"west": {"uv": [0, 0, 3.5, 3.75], "texture": "#14"},
				"up": {"uv": [0, 0, 3.5, 3.5], "texture": "#14"},
				"down": {"uv": [0, 0, 3.5, 3.5], "texture": "#14"}
			}
		},
		{
			"from": [16, 3.5, 10.5],
			"to": [17.8, 6, 12.5],
			"rotation": {"angle": 0, "axis": "y", "origin": [0, -8, 4]},
			"faces": {
				"north": {"uv": [0, 0, 3.5, 3.75], "texture": "#3"},
				"east": {"uv": [0, 0, 3.5, 3.75], "texture": "#3"},
				"south": {"uv": [0, 0, 3.5, 3.75], "texture": "#3"},
				"west": {"uv": [0, 0, 3.5, 3.75], "texture": "#3"},
				"up": {"uv": [0, 0, 3.5, 3.5], "texture": "#3"},
				"down": {"uv": [0, 0, 3.5, 3.5], "texture": "#3"}
			}
		},
		{
			"from": [-1.9, 2.2, -0.5],
			"to": [0.1, 3, 2],
			"rotation": {"angle": 0, "axis": "y", "origin": [-1.9, 1, -0.5]},
			"faces": {
				"north": {"uv": [2, 2, 3.5125, 2.66897], "texture": "#19"},
				"east": {"uv": [2, 2, 3.89063, 2.66897], "texture": "#19"},
				"south": {"uv": [2, 2, 3.5125, 2.66897], "texture": "#19"},
				"west": {"uv": [2, 2, 3.89063, 2.66897], "texture": "#19"},
				"up": {"uv": [2, 2, 3.5125, 4.09052], "texture": "#19"},
				"down": {"uv": [2, 2, 3.5125, 4.09052], "texture": "#19"}
			}
		},
		{
			"from": [-1.4, 4, 4],
			"to": [0.1, 5.5, 14],
			"rotation": {"angle": 0, "axis": "y", "origin": [-1.9, 3, -0.5]},
			"faces": {
				"north": {"uv": [2, 2, 3.13438, 3.25431], "texture": "#19"},
				"east": {"uv": [2, 2, 9.5625, 3.25431], "texture": "#19"},
				"south": {"uv": [2, 2, 3.13438, 3.25431], "texture": "#19"},
				"west": {"uv": [2, 2, 9.5625, 3.25431], "texture": "#19"},
				"up": {"uv": [2, 2, 3.13438, 10.36207], "texture": "#19"},
				"down": {"uv": [2, 2, 3.13438, 10.36207], "texture": "#19"}
			}
		},
		{
			"from": [-1.4, 4, 14],
			"to": [0.1, 5, 16],
			"rotation": {"angle": 0, "axis": "y", "origin": [-1.9, 3, 1.5]},
			"faces": {
				"north": {"uv": [2, 2, 3.13438, 2.83621], "texture": "#19"},
				"east": {"uv": [2, 2, 3.5125, 2.83621], "texture": "#19"},
				"south": {"uv": [2, 2, 3.13438, 2.83621], "texture": "#19"},
				"west": {"uv": [2, 2, 3.5125, 2.83621], "texture": "#19"},
				"up": {"uv": [2, 2, 3.13438, 3.67241], "texture": "#19"},
				"down": {"uv": [2, 2, 3.13438, 3.67241], "texture": "#19"}
			}
		},
		{
			"from": [-1.4, 5.5, 5.4],
			"to": [0.1, 7.5, 14],
			"rotation": {"angle": 0, "axis": "y", "origin": [-1.9, 4.5, -0.5]},
			"faces": {
				"north": {"uv": [2, 2, 3.13438, 3.67241], "texture": "#19"},
				"east": {"uv": [2, 2, 8.50375, 3.67241], "texture": "#19"},
				"south": {"uv": [2, 2, 3.13438, 3.67241], "texture": "#19"},
				"west": {"uv": [2, 2, 8.50375, 3.67241], "texture": "#19"},
				"up": {"uv": [2, 2, 3.13438, 9.19138], "texture": "#19"},
				"down": {"uv": [2, 2, 3.13438, 9.19138], "texture": "#19"}
			}
		},
		{
			"from": [-0.9, 7.5, 6],
			"to": [0.1, 9.5, 14],
			"rotation": {"angle": 0, "axis": "y", "origin": [-1.9, 6.5, -0.5]},
			"faces": {
				"north": {"uv": [2, 2, 2.75625, 3.67241], "texture": "#19"},
				"east": {"uv": [2, 2, 8.05, 3.67241], "texture": "#19"},
				"south": {"uv": [2, 2, 2.75625, 3.67241], "texture": "#19"},
				"west": {"uv": [2, 2, 8.05, 3.67241], "texture": "#19"},
				"up": {"uv": [2, 2, 2.75625, 8.68966], "texture": "#19"},
				"down": {"uv": [2, 2, 2.75625, 8.68966], "texture": "#19"}
			}
		},
		{
			"from": [-1.9, 2.2, 2],
			"to": [0.1, 4, 16],
			"rotation": {"angle": 0, "axis": "y", "origin": [-1.9, 2, -0.5]},
			"faces": {
				"north": {"uv": [2, 2, 3.5125, 3.50517], "texture": "#19"},
				"east": {"uv": [2, 2, 12.5875, 3.50517], "texture": "#19"},
				"south": {"uv": [2, 2, 3.5125, 3.50517], "texture": "#19"},
				"west": {"uv": [2, 2, 12.5875, 3.50517], "texture": "#19"},
				"up": {"uv": [2, 2, 3.5125, 13.7069], "texture": "#19"},
				"down": {"uv": [2, 2, 3.5125, 13.7069], "texture": "#19"}
			}
		},
		{
			"from": [-1.9, 2.2, 16],
			"to": [0, 5, 18],
			"rotation": {"angle": 0, "axis": "y", "origin": [-2, 3, 16]},
			"faces": {
				"north": {"uv": [2, 2, 3.43687, 4.34138], "texture": "#19"},
				"east": {"uv": [2, 2, 3.5125, 4.34138], "texture": "#19"},
				"south": {"uv": [2, 2, 3.43687, 4.34138], "texture": "#19"},
				"west": {"uv": [2, 2, 3.5125, 4.34138], "texture": "#19"},
				"up": {"uv": [2, 2, 3.43687, 3.67241], "texture": "#19"},
				"down": {"uv": [2, 2, 3.43687, 3.67241], "texture": "#19"}
			}
		},
		{
			"from": [0, 2.2, 16],
			"to": [16, 5, 18],
			"rotation": {"angle": 0, "axis": "y", "origin": [0, 3, 16]},
			"faces": {
				"north": {"uv": [2, 2, 14.1, 4.34138], "texture": "#19"},
				"east": {"uv": [2, 2, 3.5125, 4.34138], "texture": "#19"},
				"south": {"uv": [2, 2, 14.1, 4.34138], "texture": "#19"},
				"west": {"uv": [2, 2, 3.5125, 4.34138], "texture": "#19"},
				"up": {"uv": [2, 2, 14.1, 3.67241], "texture": "#19"},
				"down": {"uv": [2, 2, 14.1, 3.67241], "texture": "#19"}
			}
		},
		{
			"from": [16, 2.2, 16],
			"to": [17.9, 5, 18],
			"rotation": {"angle": 0, "axis": "y", "origin": [0, 3, 16]},
			"faces": {
				"north": {"uv": [2, 2, 3.43687, 4.34138], "texture": "#19"},
				"east": {"uv": [2, 2, 3.5125, 4.34138], "texture": "#19"},
				"south": {"uv": [2, 2, 3.43687, 4.34138], "texture": "#19"},
				"west": {"uv": [2, 2, 3.5125, 4.34138], "texture": "#19"},
				"up": {"uv": [2, 2, 3.43687, 3.67241], "texture": "#19"},
				"down": {"uv": [2, 2, 3.43687, 3.67241], "texture": "#19"}
			}
		},
		{
			"from": [16, 2.2, 1.5],
			"to": [17.9, 4, 16],
			"rotation": {"angle": 0, "axis": "y", "origin": [0, 3, 16]},
			"faces": {
				"north": {"uv": [2, 2, 3.43687, 3.50517], "texture": "#19"},
				"east": {"uv": [2, 2, 12.96563, 3.50517], "texture": "#19"},
				"south": {"uv": [2, 2, 3.43687, 3.50517], "texture": "#19"},
				"west": {"uv": [2, 2, 12.96563, 3.50517], "texture": "#19"},
				"up": {"uv": [2, 2, 3.43687, 14.125], "texture": "#19"},
				"down": {"uv": [2, 2, 3.43687, 14.125], "texture": "#19"}
			}
		},
		{
			"from": [16, 2.2, 0],
			"to": [17.4, 3, 1.5],
			"rotation": {"angle": 0, "axis": "y", "origin": [0, 3, 16]},
			"faces": {
				"north": {"uv": [2, 2, 3.05875, 2.66897], "texture": "#19"},
				"east": {"uv": [2, 2, 3.13438, 2.66897], "texture": "#19"},
				"south": {"uv": [2, 2, 3.05875, 2.66897], "texture": "#19"},
				"west": {"uv": [2, 2, 3.13438, 2.66897], "texture": "#19"},
				"up": {"uv": [2, 2, 3.05875, 3.25431], "texture": "#19"},
				"down": {"uv": [2, 2, 3.05875, 3.25431], "texture": "#19"}
			}
		},
		{
			"from": [16, 4, 4],
			"to": [17.4, 6.5, 14],
			"rotation": {"angle": 0, "axis": "y", "origin": [0, 5, 20]},
			"faces": {
				"north": {"uv": [2, 2, 3.05875, 4.09052], "texture": "#19"},
				"east": {"uv": [2, 2, 9.5625, 4.09052], "texture": "#19"},
				"south": {"uv": [2, 2, 3.05875, 4.09052], "texture": "#19"},
				"west": {"uv": [2, 2, 9.5625, 4.09052], "texture": "#19"},
				"up": {"uv": [2, 2, 3.05875, 10.36207], "texture": "#19"},
				"down": {"uv": [2, 2, 3.05875, 10.36207], "texture": "#19"}
			}
		},
		{
			"from": [16, 6.5, 6],
			"to": [17.4, 8, 14],
			"rotation": {"angle": 0, "axis": "y", "origin": [0, 5, 20]},
			"faces": {
				"north": {"uv": [2, 2, 3.05875, 3.25431], "texture": "#19"},
				"east": {"uv": [2, 2, 8.05, 3.25431], "texture": "#19"},
				"south": {"uv": [2, 2, 3.05875, 3.25431], "texture": "#19"},
				"west": {"uv": [2, 2, 8.05, 3.25431], "texture": "#19"},
				"up": {"uv": [2, 2, 3.05875, 8.68966], "texture": "#19"},
				"down": {"uv": [2, 2, 3.05875, 8.68966], "texture": "#19"}
			}
		},
		{
			"from": [16, 8, 6],
			"to": [16.9, 9.5, 14],
			"rotation": {"angle": 0, "axis": "y", "origin": [0, 6.5, 20]},
			"faces": {
				"north": {"uv": [2, 2, 2.68062, 3.25431], "texture": "#19"},
				"east": {"uv": [2, 2, 8.05, 3.25431], "texture": "#19"},
				"south": {"uv": [2, 2, 2.68062, 3.25431], "texture": "#19"},
				"west": {"uv": [2, 2, 8.05, 3.25431], "texture": "#19"},
				"up": {"uv": [2, 2, 2.68062, 8.68966], "texture": "#19"},
				"down": {"uv": [2, 2, 2.68062, 8.68966], "texture": "#19"}
			}
		},
		{
			"from": [16, 4, 14],
			"to": [17.4, 5, 16],
			"rotation": {"angle": 0, "axis": "y", "origin": [0, 5, 20]},
			"faces": {
				"north": {"uv": [2, 2, 3.05875, 2.83621], "texture": "#19"},
				"east": {"uv": [2, 2, 3.5125, 2.83621], "texture": "#19"},
				"south": {"uv": [2, 2, 3.05875, 2.83621], "texture": "#19"},
				"west": {"uv": [2, 2, 3.5125, 2.83621], "texture": "#19"},
				"up": {"uv": [2, 2, 3.05875, 3.67241], "texture": "#19"},
				"down": {"uv": [2, 2, 3.05875, 3.67241], "texture": "#19"}
			}
		},
		{
			"from": [-1.4, 5, 14],
			"to": [2, 11, 17.5],
			"rotation": {"angle": 0, "axis": "y", "origin": [0, 5.8, 15.5]},
			"faces": {
				"north": {"uv": [2, 2, 4.57125, 7.01724], "texture": "#19"},
				"east": {"uv": [2, 2, 4.64687, 7.01724], "texture": "#19"},
				"south": {"uv": [2, 2, 4.57125, 7.01724], "texture": "#19"},
				"west": {"uv": [2, 2, 4.64687, 7.01724], "texture": "#19"},
				"up": {"uv": [2, 2, 4.57125, 4.92672], "texture": "#19"},
				"down": {"uv": [2, 2, 4.57125, 4.92672], "texture": "#19"}
			}
		},
		{
			"from": [2, 5, 14],
			"to": [5, 8, 17.5],
			"rotation": {"angle": 0, "axis": "y", "origin": [0, 5.8, 15.5]},
			"faces": {
				"north": {"uv": [2, 2, 4.26875, 4.50862], "texture": "#19"},
				"east": {"uv": [2, 2, 4.64687, 4.50862], "texture": "#19"},
				"south": {"uv": [2, 2, 4.26875, 4.50862], "texture": "#19"},
				"west": {"uv": [2, 2, 4.64687, 4.50862], "texture": "#19"},
				"up": {"uv": [2, 2, 4.26875, 4.92672], "texture": "#19"},
				"down": {"uv": [2, 2, 4.26875, 4.92672], "texture": "#19"}
			}
		},
		{
			"from": [3, 8, 14],
			"to": [5, 9.5, 17],
			"rotation": {"angle": 0, "axis": "y", "origin": [0, 5.8, 15.5]},
			"faces": {
				"north": {"uv": [2, 2, 3.5125, 3.25431], "texture": "#19"},
				"east": {"uv": [2, 2, 4.26875, 3.25431], "texture": "#19"},
				"south": {"uv": [2, 2, 3.5125, 3.25431], "texture": "#19"},
				"west": {"uv": [2, 2, 4.26875, 3.25431], "texture": "#19"},
				"up": {"uv": [2, 2, 3.5125, 4.50862], "texture": "#19"},
				"down": {"uv": [2, 2, 3.5125, 4.50862], "texture": "#19"}
			}
		},
		{
			"from": [5, 5, 14],
			"to": [11, 10, 17],
			"rotation": {"angle": 0, "axis": "y", "origin": [2, 5.8, 15.5]},
			"faces": {
				"north": {"uv": [2, 2, 6.5375, 6.18103], "texture": "#19"},
				"east": {"uv": [2, 2, 4.26875, 6.18103], "texture": "#19"},
				"south": {"uv": [2, 2, 6.5375, 6.18103], "texture": "#19"},
				"west": {"uv": [2, 2, 4.26875, 6.18103], "texture": "#19"},
				"up": {"uv": [2, 2, 6.5375, 4.50862], "texture": "#19"},
				"down": {"uv": [2, 2, 6.5375, 4.50862], "texture": "#19"}
			}
		},
		{
			"from": [5.5, 10, 14],
			"to": [10.5, 11, 16.5],
			"rotation": {"angle": 0, "axis": "y", "origin": [2, 5.8, 15.5]},
			"faces": {
				"north": {"uv": [2, 2, 5.78125, 2.83621], "texture": "#19"},
				"east": {"uv": [2, 2, 3.89062, 2.83621], "texture": "#19"},
				"south": {"uv": [2, 2, 5.78125, 2.83621], "texture": "#19"},
				"west": {"uv": [2, 2, 3.89062, 2.83621], "texture": "#19"},
				"up": {"uv": [2, 2, 5.78125, 4.09052], "texture": "#19"},
				"down": {"uv": [2, 2, 5.78125, 4.09052], "texture": "#19"}
			}
		},
		{
			"from": [11, 9.5, 14],
			"to": [13, 10, 16.5],
			"rotation": {"angle": 0, "axis": "y", "origin": [5, 5.8, 15.5]},
			"faces": {
				"north": {"uv": [2, 2, 3.5125, 2.4181], "texture": "#19"},
				"east": {"uv": [2, 2, 3.89062, 2.4181], "texture": "#19"},
				"south": {"uv": [2, 2, 3.5125, 2.4181], "texture": "#19"},
				"west": {"uv": [2, 2, 3.89062, 2.4181], "texture": "#19"},
				"up": {"uv": [2, 2, 3.5125, 4.09052], "texture": "#19"},
				"down": {"uv": [2, 2, 3.5125, 4.09052], "texture": "#19"}
			}
		},
		{
			"from": [11, 5, 15],
			"to": [14, 9.5, 17.5],
			"rotation": {"angle": 0, "axis": "y", "origin": [5, 4.8, 16.5]},
			"faces": {
				"north": {"uv": [2, 2, 4.26875, 5.76293], "texture": "#19"},
				"east": {"uv": [2, 2, 3.89062, 5.76293], "texture": "#19"},
				"south": {"uv": [2, 2, 4.26875, 5.76293], "texture": "#19"},
				"west": {"uv": [2, 2, 3.89062, 5.76293], "texture": "#19"},
				"up": {"uv": [2, 2, 4.26875, 4.09052], "texture": "#19"},
				"down": {"uv": [2, 2, 4.26875, 4.09052], "texture": "#19"}
			}
		},
		{
			"from": [14, 5, 14],
			"to": [17.4, 10, 17.5],
			"rotation": {"angle": 0, "axis": "y", "origin": [8, 4.8, 16.5]},
			"faces": {
				"north": {"uv": [2, 2, 4.57125, 6.18103], "texture": "#19"},
				"east": {"uv": [2, 2, 4.64687, 6.18103], "texture": "#19"},
				"south": {"uv": [2, 2, 4.57125, 6.18103], "texture": "#19"},
				"west": {"uv": [2, 2, 4.64687, 6.18103], "texture": "#19"},
				"up": {"uv": [2, 2, 4.57125, 4.92672], "texture": "#19"},
				"down": {"uv": [2, 2, 4.57125, 4.92672], "texture": "#19"}
			}
		}
	],
	"display": {
		"thirdperson_righthand": {
			"rotation": [75, 45, 0],
			"translation": [0, 2.5, 0],
			"scale": [0.375, 0.375, 0.375]
		},
		"thirdperson_lefthand": {
			"rotation": [75, 45, 0],
			"translation": [0, 2.5, 0],
			"scale": [0.375, 0.375, 0.375]
		},
		"firstperson_righthand": {
			"rotation": [0, 45, 0],
			"scale": [0.4, 0.4, 0.4]
		},
		"firstperson_lefthand": {
			"rotation": [0, 45, 0],
			"scale": [0.4, 0.4, 0.4]
		},
		"ground": {
			"translation": [0, 3, 0],
			"scale": [0.25, 0.25, 0.25]
		},
		"gui": {
			"rotation": [30, 225, 0],
			"translation": [0, -0.5, 0],
			"scale": [0.625, 0.625, 0.625]
		},
		"fixed": {
			"rotation": [-90, 0, 0],
			"translation": [0, 0, -7.25]
		}
	},
	"groups": [
		{
			"name": "BOTTOM",
			"origin": [0, 0, 0],
			"color": 0,
			"children": [0]
		},
		{
			"name": "TOP",
			"origin": [0, 16, 0],
			"color": 0,
			"children": [1, 2, 3, 4, 5]
		},
		{
			"name": "SIDES",
			"origin": [0, 0, 0],
			"color": 0,
			"children": [6, 7, 8]
		},
		{
			"name": "FLOOR",
			"origin": [-14, 0, 0],
			"color": 0,
			"children": [9]
		},
		{
			"name": "FRONT",
			"origin": [-14, 0, 0],
			"color": 0,
			"children": [
				{
					"name": "Thing",
					"origin": [-14, -0.5, 0],
					"color": 0,
					"children": [10, 11]
				},
				{
					"name": "group",
					"origin": [-14, 1, 0],
					"color": 0,
					"children": [12, 13, 14, 15, 16, 17, 18, 19]
				}
			]
		},
		{
			"name": "DOOR",
			"origin": [30, -1.1, 0],
			"color": 0,
			"children": [
				{
					"name": "DOOR",
					"origin": [2.8, 8.9, 0.4],
					"color": 0,
					"children": [20, 21, 22, 23, 24, 25, 26]
				},
				{
					"name": "HINGE",
					"origin": [2.8, 9.1, 0.4],
					"color": 0,
					"children": [27, 28]
				}
			]
		},
		{
			"name": "CEILING",
			"origin": [0, 0, 0],
			"color": 0,
			"children": [29]
		},
		{
			"name": "Extras",
			"origin": [8, 8, 8],
			"color": 0,
			"children": [
				{
					"name": "Tongs",
					"origin": [8, 8, 8],
					"color": 0,
					"children": [
						{
							"name": "first",
							"origin": [4.7, 16, 0.95],
							"color": 0,
							"children": [30, 31, 32, 33, 34, 35]
						},
						{
							"name": "second",
							"origin": [4.7, 16, 0.95],
							"color": 0,
							"children": [36, 37]
						},
						38
					]
				},
				{
					"name": "Corners",
					"origin": [-14, 0, 16],
					"color": 0,
					"children": [39, 40, 41, 42, 43, 44, 45, 46, 47, 48, 49, 50]
				},
				{
					"name": "Chimneys",
					"origin": [0, 17, 11.5],
					"color": 0,
					"children": [51, 52, 53, 54, 55, 56, 57]
				},
				{
					"name": "CHIMNEY",
					"origin": [0, 0, 15.6],
					"color": 0,
					"children": [58, 59, 60, 61, 62, 63, 64, 65, 66, 67, 68, 69, 70]
				},
				{
					"name": "COAL",
					"origin": [10.5, -2.1, 4.5],
					"color": 0,
					"children": [
						71,
						72,
						73,
						74,
						{
							"name": "COAL",
							"origin": [10.5, -2.1, 4.5],
							"color": 0,
							"children": [75, 76, 77]
						},
						78
					]
				},
				{
					"name": "HANDLES",
					"origin": [0, -8, 4],
					"color": 0,
					"children": [79, 80, 81, 82, 83, 84]
				},
				{
					"name": "RockPileThing",
					"origin": [18, 2, 1],
					"color": 0,
					"children": [85, 86, 87, 88, 89, 90, 91, 92, 93, 94, 95, 96, 97, 98, 99, 100, 101, 102, 103, 104, 105, 106, 107]
				}
			]
		}
	]
}