{
	"credit": "Made with Blockbench",
	"texture_size": [8, 8],
	"textures": {
		"13": "block/cauldron_water",
		"16": "block/campfire_fire",
		"particle": "block/dark_oak_log"
	},
	"elements": [
		{
			"from": [5.1, 5, 8],
			"to": [11.1, 6, 14],
			"rotation": {"angle": 0, "axis": "y", "origin": [8.5, -1, 11.4]},
			"faces": {
				"north": {"uv": [0, 0, 6, 1], "texture": "#13"},
				"east": {"uv": [0, 0, 6, 1], "texture": "#13"},
				"south": {"uv": [0, 0, 6, 1], "texture": "#13"},
				"west": {"uv": [0, 0, 6, 1], "texture": "#13"},
				"up": {"uv": [6, 5, 12, 11], "rotation": 90, "texture": "#13"},
				"down": {"uv": [6, 5, 12, 11], "rotation": 270, "texture": "#13"}
			}
		},
		{
			"from": [1.268, 0, 12.616],
			"to": [13.532, 5.694, 12.616],
			"rotation": {"angle": 45, "axis": "y", "origin": [5.94, 0, 11.156]},
			"faces": {
				"north": {"uv": [0, 0, 16, 16], "texture": "#16"},
				"east": {"uv": [0, 0, 16, 16], "texture": "#16"},
				"south": {"uv": [0, 0, 16, 16], "texture": "#16"},
				"west": {"uv": [0, 0, 0, 7.8], "texture": "#16"},
				"up": {"uv": [0, 0, 12, 0], "texture": "#16"},
				"down": {"uv": [0, 0, 12, 0], "texture": "#16"}
			}
		},
		{
			"from": [1.268, 0, 9.404],
			"to": [13.532, 5.694, 9.404],
			"rotation": {"angle": -45, "axis": "y", "origin": [5.94, 0, 10.864]},
			"faces": {
				"north": {"uv": [16, 0, 0, 16], "texture": "#16"},
				"east": {"uv": [16, 0, 0, 16], "texture": "#16"},
				"south": {"uv": [16, 0, 0, 16], "texture": "#16"},
				"west": {"uv": [0, 0, 0, 7.8], "texture": "#16"},
				"up": {"uv": [0, 0, 12, 0], "texture": "#16"},
				"down": {"uv": [0, 0, 12, 0], "texture": "#16"}
			}
		}
	],
	"display": {
		"thirdperson_righthand": {
			"rotation": [75, 45, 0],
			"translation": [0, 2.5, 0],
			"scale": [0.375, 0.375, 0.375]
		},
		"thirdperson_lefthand": {
			"rotation": [75, 45, 0],
			"translation": [0, 2.5, 0],
			"scale": [0.375, 0.375, 0.375]
		},
		"firstperson_righthand": {
			"rotation": [0, 45, 0],
			"scale": [0.4, 0.4, 0.4]
		},
		"firstperson_lefthand": {
			"rotation": [0, 45, 0],
			"scale": [0.4, 0.4, 0.4]
		},
		"ground": {
			"translation": [0, 3, 0],
			"scale": [0.25, 0.25, 0.25]
		},
		"gui": {
			"rotation": [30, 225, 0],
			"translation": [0, -0.5, 0],
			"scale": [0.625, 0.625, 0.625]
		},
		"fixed": {
			"rotation": [-90, 0, 0],
			"translation": [0, 0, -7.25]
		}
	},
	"groups": [
		{
			"name": "Glass",
			"origin": [9.6, 7, 6.4],
			"color": 0,
			"children": []
		},
		{
			"name": "Glass",
			"origin": [9.6, 7, 6.4],
			"color": 0,
			"children": []
		},
		{
			"name": "Glass",
			"origin": [9.6, 7, 6.4],
			"color": 0,
			"children": []
		},
		{
			"name": "Glass",
			"origin": [9.6, 7, 6.4],
			"color": 0,
			"children": []
		},
		{
			"name": "Glass",
			"origin": [9.6, 7, 6.4],
			"color": 0,
			"children": []
		},
		{
			"name": "Glass",
			"origin": [9.6, 7, 6.4],
			"color": 0,
			"children": []
		},
		{
			"name": "Glass",
			"origin": [9.6, 7, 6.4],
			"color": 0,
			"children": [
				{
					"name": "group",
					"origin": [2.8, 1, 12.4],
					"color": 0,
					"children": [
						{
							"name": "group",
							"origin": [2.8, 1, 12.4],
							"color": 0,
							"children": []
						},
						{
							"name": "group",
							"origin": [2.8, 1, 12.4],
							"color": 0,
							"children": [
								{
									"name": "group",
									"origin": [2.8, 1, 12.4],
									"color": 0,
									"children": []
								}
							]
						}
					]
				}
			]
		},
		{
			"name": "Glass",
			"origin": [9.6, 7, 6.4],
			"color": 0,
			"children": [
				{
					"name": "group",
					"origin": [5.6, 16.7, 4.9],
					"color": 0,
					"children": []
				},
				{
					"name": "group",
					"origin": [5.6, 16.7, 4.9],
					"color": 0,
					"children": []
				}
			]
		},
		{
			"name": "Glass",
			"origin": [9.6, 7, 6.4],
			"color": 0,
			"children": [
				{
					"name": "group",
					"origin": [5.6, 16.7, 4.9],
					"color": 0,
					"children": []
				},
				{
					"name": "group",
					"origin": [5.6, 16.7, 4.9],
					"color": 0,
					"children": []
				}
			]
		},
		{
			"name": "Glass",
			"origin": [9.6, 7, 6.4],
			"color": 0,
			"children": [
				{
					"name": "group",
					"origin": [12, 13, 10.4],
					"color": 0,
					"children": []
				},
				{
					"name": "group",
					"origin": [12, 13, 10.4],
					"color": 0,
					"children": []
				}
			]
		},
		{
			"name": "Glass",
			"origin": [9.6, 7, 6.4],
			"color": 0,
			"children": [
				{
					"name": "group",
					"origin": [12, 13, 10.4],
					"color": 0,
					"children": []
				},
				{
					"name": "group",
					"origin": [12, 13, 10.4],
					"color": 0,
					"children": []
				}
			]
		},
		{
			"name": "Glass",
			"origin": [9.6, 7, 6.4],
			"color": 0,
			"children": [
				{
					"name": "group",
					"origin": [12, 13, 10.4],
					"color": 0,
					"children": []
				},
				{
					"name": "group",
					"origin": [12, 13, 10.4],
					"color": 0,
					"children": []
				}
			]
		},
		{
			"name": "candle",
			"origin": [10, 16, 15.5],
			"color": 0,
			"children": []
		},
		{
			"name": "candle",
			"origin": [10, 16, 15.5],
			"color": 0,
			"children": []
		},
		{
			"name": "SIDES",
			"origin": [0, 0, 0],
			"color": 0,
			"children": []
		},
		{
			"name": "FRONT",
			"origin": [-13, 0, 0],
			"color": 0,
			"children": []
		},
		{
			"name": "INTERIOR",
			"origin": [0, -0.75, 30],
			"color": 0,
			"children": [
				{
					"name": "LOGS",
					"origin": [6.1, 4, 6.2],
					"color": 0,
					"children": []
				}
			]
		},
		{
			"name": "TOP",
			"origin": [0, 0, 30],
			"color": 0,
			"children": []
		},
		{
			"name": "EXTRAS",
			"origin": [0, 0, -14],
			"color": 0,
			"children": [
				{
					"name": "Tongs",
					"origin": [8, 8, 8],
					"color": 0,
					"children": [
						{
							"name": "first",
							"origin": [4.7, 16, 0.95],
							"color": 0,
							"children": []
						},
						{
							"name": "second",
							"origin": [4.7, 16, 0.95],
							"color": 0,
							"children": []
						}
					]
				},
				{
					"name": "Chimney",
					"origin": [19, 0, -1],
					"color": 0,
					"children": []
				}
			]
		},
		{
			"name": "BOTTOM",
			"origin": [0, 0, 0],
			"color": 0,
			"children": []
		},
		0,
		{
			"name": "bottle",
			"origin": [12.5, 4.1, 7.5],
			"color": 0,
			"children": []
		},
		1,
		2
	]
}