{
	"credit": "Made with Blockbench",
	"parent": "minecraft:block/cube",
	"textures": {
		"7": "block/candle_lit",
		"8": "block/table_fire",
		"9": "block/spruce_planks",
		"10": "block/stripped_dark_oak_log",
		"11": "block/dark_oak_log",
		"13": "block/cartography_table_side3",
		"14": "block/gold_block",
		"15": "item/feather",
		"16": "block/map",
		"17": "block/black_candle",
		"19": "block/anvil",
		"20": "item/spyglass_model",
		"21": "block/sandstone_top",
		"particle": "block/cartography_table_side3"
	},
	"elements": [
		{
			"from": [12, 0, 4],
			"to": [12, 15, 12],
			"faces": {
				"north": {"uv": [0, 0, 0, 30], "texture": "#13"},
				"east": {"uv": [0, 0, 12, 12], "texture": "#13"},
				"south": {"uv": [0, 0, 0, 30], "texture": "#13"},
				"west": {"uv": [0, 0, 12, 12], "texture": "#13"},
				"up": {"uv": [0, 0, 0, 16], "texture": "#13"},
				"down": {"uv": [0, 0, 0, 16], "texture": "#13"}
			}
		},
		{
			"from": [4, 0, 12],
			"to": [12, 15, 12],
			"rotation": {"angle": 0, "axis": "y", "origin": [-7, 0, -2]},
			"faces": {
				"north": {"uv": [0, 0, 12, 12], "texture": "#13"},
				"east": {"uv": [0, 0, 0, 30], "texture": "#13"},
				"south": {"uv": [0, 0, 12, 12], "texture": "#13"},
				"west": {"uv": [0, 0, 0, 30], "texture": "#13"},
				"up": {"uv": [0, 0, 16, 0], "texture": "#13"},
				"down": {"uv": [0, 0, 16, 0], "texture": "#13"}
			}
		},
		{
			"from": [4, 0, 4],
			"to": [4, 15, 12],
			"rotation": {"angle": 0, "axis": "y", "origin": [-8, 0, 0]},
			"faces": {
				"north": {"uv": [0, 0, 0, 30], "texture": "#13"},
				"east": {"uv": [0, 0, 12, 12], "texture": "#13"},
				"south": {"uv": [0, 0, 0, 30], "texture": "#13"},
				"west": {"uv": [0, 0, 12, 12], "texture": "#13"},
				"up": {"uv": [0, 0, 0, 16], "texture": "#13"},
				"down": {"uv": [0, 0, 0, 16], "texture": "#13"}
			}
		},
		{
			"from": [12, 0.175, 2],
			"to": [14, 15, 4],
			"rotation": {"angle": 0, "axis": "y", "origin": [2, 0, -2]},
			"faces": {
				"north": {"uv": [0, 0, 4, 16], "texture": "#10"},
				"east": {"uv": [0, 0, 4, 16], "texture": "#10"},
				"south": {"uv": [0, 0, 4, 16], "texture": "#10"},
				"west": {"uv": [0, 0, 4, 16], "texture": "#10"},
				"up": {"uv": [0, 0, 4, 4], "texture": "#10"},
				"down": {"uv": [0, 0, 4, 4], "texture": "#10"}
			}
		},
		{
			"from": [4, 13, 2],
			"to": [12, 15, 4],
			"rotation": {"angle": 0, "axis": "y", "origin": [-8, 0, -2]},
			"faces": {
				"north": {"uv": [0, 0, 16, 4], "texture": "#10"},
				"east": {"uv": [0, 0, 4, 4], "texture": "#10"},
				"south": {"uv": [0, 0, 16, 4], "texture": "#10"},
				"west": {"uv": [0, 0, 4, 4], "texture": "#10"},
				"up": {"uv": [0, 0, 16, 4], "texture": "#10"},
				"down": {"uv": [0, 0, 16, 4], "texture": "#10"}
			}
		},
		{
			"from": [4, 13, 12.05],
			"to": [12, 15, 14],
			"rotation": {"angle": 0, "axis": "y", "origin": [-8, 0, 8]},
			"faces": {
				"north": {"uv": [0, 0, 16, 4], "texture": "#10"},
				"east": {"uv": [0, 0, 4, 4], "texture": "#10"},
				"south": {"uv": [0, 0, 16, 4], "texture": "#10"},
				"west": {"uv": [0, 0, 4, 4], "texture": "#10"},
				"up": {"uv": [0, 0, 16, 4], "texture": "#10"},
				"down": {"uv": [0, 0, 16, 4], "texture": "#10"}
			}
		},
		{
			"from": [3.975, 14, 4],
			"to": [12.05, 15, 12],
			"rotation": {"angle": 0, "axis": "y", "origin": [8, 0, 24]},
			"faces": {
				"north": {"uv": [0, 0, 16, 2], "texture": "#13"},
				"east": {"uv": [0, 0, 16, 2], "texture": "#13"},
				"south": {"uv": [0, 0, 16, 2], "texture": "#13"},
				"west": {"uv": [0, 0, 16, 2], "texture": "#13"},
				"up": {"uv": [1, 1, 15, 15], "rotation": 270, "texture": "#13"},
				"down": {"uv": [1, 1, 15, 15], "rotation": 90, "texture": "#13"}
			}
		},
		{
			"from": [12, 0.175, 12],
			"to": [14, 15, 14],
			"rotation": {"angle": 0, "axis": "y", "origin": [2, 0, 18]},
			"faces": {
				"north": {"uv": [4, 0, 0, 16], "texture": "#10"},
				"east": {"uv": [4, 0, 0, 16], "texture": "#10"},
				"south": {"uv": [4, 0, 0, 16], "texture": "#10"},
				"west": {"uv": [4, 0, 0, 16], "texture": "#10"},
				"up": {"uv": [0, 4, 4, 0], "texture": "#10"},
				"down": {"uv": [0, 4, 4, 0], "texture": "#10"}
			}
		},
		{
			"from": [2, 0.175, 2],
			"to": [4, 15, 4],
			"rotation": {"angle": 0, "axis": "y", "origin": [14, 0, -2]},
			"faces": {
				"north": {"uv": [4, 0, 0, 16], "texture": "#10"},
				"east": {"uv": [4, 0, 0, 16], "texture": "#10"},
				"south": {"uv": [4, 0, 0, 16], "texture": "#10"},
				"west": {"uv": [4, 0, 0, 16], "texture": "#10"},
				"up": {"uv": [4, 0, 0, 4], "texture": "#10"},
				"down": {"uv": [4, 0, 0, 4], "texture": "#10"}
			}
		},
		{
			"from": [2, 0.175, 12],
			"to": [4, 15, 14],
			"rotation": {"angle": 0, "axis": "y", "origin": [14, 0, 18]},
			"faces": {
				"north": {"uv": [0, 0, 4, 16], "texture": "#10"},
				"east": {"uv": [0, 0, 4, 16], "texture": "#10"},
				"south": {"uv": [0, 0, 4, 16], "texture": "#10"},
				"west": {"uv": [0, 0, 4, 16], "texture": "#10"},
				"up": {"uv": [4, 4, 0, 0], "texture": "#10"},
				"down": {"uv": [4, 4, 0, 0], "texture": "#10"}
			}
		},
		{
			"from": [12.05, 13, 4],
			"to": [14, 15, 12],
			"rotation": {"angle": 0, "axis": "y", "origin": [2, 0, 18]},
			"faces": {
				"north": {"uv": [4, 0, 7.9, 4], "texture": "#10"},
				"east": {"uv": [0, 0, 16, 4], "texture": "#10"},
				"south": {"uv": [4, 0, 7.9, 4], "texture": "#10"},
				"west": {"uv": [0, 0, 16, 4], "texture": "#10"},
				"up": {"uv": [0, 0, 3.9, 16], "texture": "#10"},
				"down": {"uv": [0, 0, 3.9, 16], "texture": "#10"}
			}
		},
		{
			"from": [2, 13, 4],
			"to": [4, 15, 12],
			"rotation": {"angle": 0, "axis": "y", "origin": [-8, 0, 18]},
			"faces": {
				"north": {"uv": [4, 0, 8, 4], "texture": "#10"},
				"east": {"uv": [4, 0, 20, 4], "texture": "#10"},
				"south": {"uv": [4, 0, 8, 4], "texture": "#10"},
				"west": {"uv": [4, 0, 20, 4], "texture": "#10"},
				"up": {"uv": [0, 4, 4, 20], "texture": "#10"},
				"down": {"uv": [0, 4, 4, 20], "texture": "#10"}
			}
		},
		{
			"from": [2, 15, 0],
			"to": [14, 16, 2],
			"faces": {
				"north": {"uv": [0, 0, 16, 2], "texture": "#11"},
				"east": {"uv": [0, 0, 4, 2], "texture": "#11"},
				"south": {"uv": [0, 0, 16, 2], "texture": "#11"},
				"west": {"uv": [0, 0, 4, 2], "texture": "#11"},
				"up": {"uv": [0, 0, 16, 4], "texture": "#11"},
				"down": {"uv": [0, 0, 16, 4], "texture": "#11"}
			}
		},
		{
			"from": [2, 15, 14],
			"to": [14, 16, 16],
			"rotation": {"angle": 0, "axis": "y", "origin": [0, 0, 16]},
			"faces": {
				"north": {"uv": [16, 0, 0, 2], "texture": "#11"},
				"east": {"uv": [4, 0, 0, 2], "texture": "#11"},
				"south": {"uv": [16, 0, 0, 2], "texture": "#11"},
				"west": {"uv": [4, 0, 0, 2], "texture": "#11"},
				"up": {"uv": [0, 4, 16, 0], "texture": "#11"},
				"down": {"uv": [0, 4, 16, 0], "texture": "#11"}
			}
		},
		{
			"from": [0, 15, 2],
			"to": [2, 16, 14],
			"rotation": {"angle": 0, "axis": "y", "origin": [2, 0, 16]},
			"faces": {
				"north": {"uv": [4, 0, 0, 2], "texture": "#11"},
				"east": {"uv": [16, 0, 0, 2], "texture": "#11"},
				"south": {"uv": [4, 0, 0, 2], "texture": "#11"},
				"west": {"uv": [16, 0, 0, 2], "texture": "#11"},
				"up": {"uv": [0, 4, 16, 0], "rotation": 270, "texture": "#11"},
				"down": {"uv": [0, 4, 16, 0], "rotation": 90, "texture": "#11"}
			}
		},
		{
			"from": [14, 15, 2],
			"to": [16, 16, 14],
			"rotation": {"angle": 0, "axis": "y", "origin": [14, 0, 16]},
			"faces": {
				"north": {"uv": [0, 0, 4, 2], "texture": "#11"},
				"east": {"uv": [0, 0, 16, 2], "texture": "#11"},
				"south": {"uv": [0, 0, 4, 2], "texture": "#11"},
				"west": {"uv": [0, 0, 16, 2], "texture": "#11"},
				"up": {"uv": [0, 0, 16, 4], "rotation": 270, "texture": "#11"},
				"down": {"uv": [0, 0, 16, 4], "rotation": 90, "texture": "#11"}
			}
		},
		{
			"from": [0, 1, 14],
			"to": [2, 17, 16],
			"rotation": {"angle": 0, "axis": "y", "origin": [2, 0, 16]},
			"faces": {
				"north": {"uv": [0, 0, 4, 16], "texture": "#11"},
				"east": {"uv": [0, 0, 4, 16], "texture": "#11"},
				"south": {"uv": [0, 0, 4, 16], "texture": "#11"},
				"west": {"uv": [0, 0, 4, 16], "texture": "#11"},
				"up": {"uv": [4, 4, 0, 0], "texture": "#11"},
				"down": {"uv": [4, 4, 0, 0], "texture": "#11"}
			}
		},
		{
			"from": [14, 1, 14],
			"to": [16, 17, 16],
			"rotation": {"angle": 0, "axis": "y", "origin": [14, 0, 16]},
			"faces": {
				"north": {"uv": [4, 0, 0, 16], "texture": "#11"},
				"east": {"uv": [4, 0, 0, 16], "texture": "#11"},
				"south": {"uv": [4, 0, 0, 16], "texture": "#11"},
				"west": {"uv": [4, 0, 0, 16], "texture": "#11"},
				"up": {"uv": [0, 4, 4, 0], "texture": "#11"},
				"down": {"uv": [0, 4, 4, 0], "texture": "#11"}
			}
		},
		{
			"from": [14, 1, 0],
			"to": [16, 17, 2],
			"rotation": {"angle": 0, "axis": "y", "origin": [14, 0, 0]},
			"faces": {
				"north": {"uv": [0, 0, 4, 16], "texture": "#11"},
				"east": {"uv": [0, 0, 4, 16], "texture": "#11"},
				"south": {"uv": [0, 0, 4, 16], "texture": "#11"},
				"west": {"uv": [0, 0, 4, 16], "texture": "#11"},
				"up": {"uv": [0, 0, 4, 4], "texture": "#11"},
				"down": {"uv": [0, 0, 4, 4], "texture": "#11"}
			}
		},
		{
			"from": [0, 1, 0],
			"to": [2, 17, 2],
			"rotation": {"angle": 0, "axis": "y", "origin": [2, 0, 0]},
			"faces": {
				"north": {"uv": [4, 0, 0, 16], "texture": "#11"},
				"east": {"uv": [4, 0, 0, 16], "texture": "#11"},
				"south": {"uv": [4, 0, 0, 16], "texture": "#11"},
				"west": {"uv": [4, 0, 0, 16], "texture": "#11"},
				"up": {"uv": [4, 0, 0, 4], "texture": "#11"},
				"down": {"uv": [4, 0, 0, 4], "texture": "#11"}
			}
		},
		{
			"from": [0, 0, 0],
			"to": [16, 1, 16],
			"rotation": {"angle": 0, "axis": "y", "origin": [4, 0, 2]},
			"faces": {
				"north": {"uv": [0, 0, 16, 2], "texture": "#9"},
				"east": {"uv": [0, 0, 16, 2], "texture": "#9"},
				"south": {"uv": [0, 0, 16, 2], "texture": "#9"},
				"west": {"uv": [0, 0, 16, 2], "texture": "#9"},
				"up": {"uv": [0, 0, 16, 16], "texture": "#9"},
				"down": {"uv": [0, 0, 16, 16], "texture": "#9"}
			}
		},
		{
			"from": [4.075, 1, 2],
			"to": [12, 2, 11.95],
			"faces": {
				"north": {"uv": [0, 7, 16, 9], "texture": "#13"},
				"east": {"uv": [0, 7, 4, 9], "texture": "#13"},
				"south": {"uv": [0, 7, 16, 9], "texture": "#13"},
				"west": {"uv": [0, 7, 4, 9], "texture": "#13"},
				"up": {"uv": [0, 7, 16, 11], "texture": "#13"},
				"down": {"uv": [0, 7, 16, 11], "texture": "#13"}
			}
		},
		{
			"from": [3.91761, 2.4, 2.28687],
			"to": [4.91761, 13, 2.78687],
			"rotation": {"angle": -22.5, "axis": "y", "origin": [4, 7, 2.4]},
			"faces": {
				"north": {"uv": [0, 0, 2, 21.2], "texture": "#10"},
				"east": {"uv": [0, 0, 1, 21.2], "texture": "#10"},
				"south": {"uv": [0, 0, 2, 21.2], "texture": "#10"},
				"west": {"uv": [0, 0, 1, 21.2], "texture": "#10"},
				"up": {"uv": [0, 0, 2, 1], "texture": "#10"},
				"down": {"uv": [0, 0, 2, 1], "texture": "#10"}
			}
		},
		{
			"from": [3.91761, 2, 1.28687],
			"to": [4.91761, 12.5, 2.28687],
			"rotation": {"angle": -22.5, "axis": "y", "origin": [4, 7, 2.4]},
			"faces": {
				"north": {"uv": [0, 0, 2, 21], "texture": "#10"},
				"east": {"uv": [0, 0, 2, 21], "texture": "#10"},
				"south": {"uv": [0, 0, 2, 21], "texture": "#10"},
				"west": {"uv": [0, 0, 2, 21], "texture": "#10"},
				"up": {"uv": [0, 0, 2, 2], "texture": "#10"},
				"down": {"uv": [0, 0, 2, 2], "texture": "#10"}
			}
		},
		{
			"from": [3.91761, 2.8, 0.28687],
			"to": [4.91761, 13, 1.28687],
			"rotation": {"angle": -22.5, "axis": "y", "origin": [4, 7, 2.4]},
			"faces": {
				"north": {"uv": [0, 0, 2, 20.4], "texture": "#10"},
				"east": {"uv": [0, 0, 2, 20.4], "texture": "#10"},
				"south": {"uv": [0, 0, 2, 20.4], "texture": "#10"},
				"west": {"uv": [0, 0, 2, 20.4], "texture": "#10"},
				"up": {"uv": [0, 0, 2, 2], "texture": "#10"},
				"down": {"uv": [0, 0, 2, 2], "texture": "#10"}
			}
		},
		{
			"from": [3.91761, 1.8, -0.71313],
			"to": [4.91761, 12.7, 0.28687],
			"rotation": {"angle": -22.5, "axis": "y", "origin": [4, 7, 2.4]},
			"faces": {
				"north": {"uv": [0, 0, 2, 21.8], "texture": "#10"},
				"east": {"uv": [0, 0, 2, 21.8], "texture": "#10"},
				"south": {"uv": [0, 0, 2, 21.8], "texture": "#10"},
				"west": {"uv": [0, 0, 2, 21.8], "texture": "#10"},
				"up": {"uv": [0, 0, 2, 2], "texture": "#10"},
				"down": {"uv": [0, 0, 2, 2], "texture": "#10"}
			}
		},
		{
			"from": [3.91761, 2.3, -1.71313],
			"to": [4.91761, 12.9, -0.71313],
			"rotation": {"angle": -22.5, "axis": "y", "origin": [4, 7, 2.4]},
			"faces": {
				"north": {"uv": [0, 0, 2, 21.2], "texture": "#10"},
				"east": {"uv": [0, 0, 2, 21.2], "texture": "#10"},
				"south": {"uv": [0, 0, 2, 21.2], "texture": "#10"},
				"west": {"uv": [0, 0, 2, 21.2], "texture": "#10"},
				"up": {"uv": [0, 0, 2, 2], "texture": "#10"},
				"down": {"uv": [0, 0, 2, 2], "texture": "#10"}
			}
		},
		{
			"from": [3.41761, 5, -1.21313],
			"to": [4.81761, 10, -0.71313],
			"rotation": {"angle": -22.5, "axis": "y", "origin": [4, 7, 2.4]},
			"faces": {
				"north": {"uv": [0, 0, 2.8, 10], "texture": "#14"},
				"east": {"uv": [0, 0, 1, 10], "texture": "#14"},
				"south": {"uv": [0, 0, 2.8, 10], "texture": "#14"},
				"west": {"uv": [0, 0, 1, 10], "texture": "#14"},
				"up": {"uv": [0, 0, 2.8, 1], "texture": "#14"},
				"down": {"uv": [0, 0, 2.8, 1], "texture": "#14"}
			}
		},
		{
			"from": [11.88687, 2.4, 2.31761],
			"to": [12.38687, 13, 3.31761],
			"rotation": {"angle": -45, "axis": "y", "origin": [12, 7, 2.4]},
			"faces": {
				"north": {"uv": [1, 0, 0, 21.2], "texture": "#10"},
				"east": {"uv": [2, 0, 0, 21.2], "texture": "#10"},
				"south": {"uv": [1, 0, 0, 21.2], "texture": "#10"},
				"west": {"uv": [2, 0, 0, 21.2], "texture": "#10"},
				"up": {"uv": [0, 1, 2, 0], "rotation": 90, "texture": "#10"},
				"down": {"uv": [0, 1, 2, 0], "rotation": 270, "texture": "#10"}
			}
		},
		{
			"from": [10.88687, 2, 2.31761],
			"to": [11.88687, 12.5, 3.31761],
			"rotation": {"angle": -45, "axis": "y", "origin": [12, 7, 2.4]},
			"faces": {
				"north": {"uv": [2, 0, 0, 21], "texture": "#10"},
				"east": {"uv": [2, 0, 0, 21], "texture": "#10"},
				"south": {"uv": [2, 0, 0, 21], "texture": "#10"},
				"west": {"uv": [2, 0, 0, 21], "texture": "#10"},
				"up": {"uv": [0, 2, 2, 0], "rotation": 90, "texture": "#10"},
				"down": {"uv": [0, 2, 2, 0], "rotation": 270, "texture": "#10"}
			}
		},
		{
			"from": [9.88687, 2.8, 2.31761],
			"to": [10.88687, 13, 3.31761],
			"rotation": {"angle": -45, "axis": "y", "origin": [12, 7, 2.4]},
			"faces": {
				"north": {"uv": [2, 0, 0, 20.4], "texture": "#10"},
				"east": {"uv": [2, 0, 0, 20.4], "texture": "#10"},
				"south": {"uv": [2, 0, 0, 20.4], "texture": "#10"},
				"west": {"uv": [2, 0, 0, 20.4], "texture": "#10"},
				"up": {"uv": [0, 2, 2, 0], "rotation": 90, "texture": "#10"},
				"down": {"uv": [0, 2, 2, 0], "rotation": 270, "texture": "#10"}
			}
		},
		{
			"from": [8.88687, 1.8, 2.31761],
			"to": [9.88687, 12.7, 3.31761],
			"rotation": {"angle": -45, "axis": "y", "origin": [12, 7, 2.4]},
			"faces": {
				"north": {"uv": [2, 0, 0, 21.8], "texture": "#10"},
				"east": {"uv": [2, 0, 0, 21.8], "texture": "#10"},
				"south": {"uv": [2, 0, 0, 21.8], "texture": "#10"},
				"west": {"uv": [2, 0, 0, 21.8], "texture": "#10"},
				"up": {"uv": [0, 2, 2, 0], "rotation": 90, "texture": "#10"},
				"down": {"uv": [0, 2, 2, 0], "rotation": 270, "texture": "#10"}
			}
		},
		{
			"from": [7.88687, 2.3, 2.31761],
			"to": [8.88687, 12.9, 3.31761],
			"rotation": {"angle": -45, "axis": "y", "origin": [12, 7, 2.4]},
			"faces": {
				"north": {"uv": [2, 0, 0, 21.2], "texture": "#10"},
				"east": {"uv": [2, 0, 0, 21.2], "texture": "#10"},
				"south": {"uv": [2, 0, 0, 21.2], "texture": "#10"},
				"west": {"uv": [2, 0, 0, 21.2], "texture": "#10"},
				"up": {"uv": [0, 2, 2, 0], "rotation": 90, "texture": "#10"},
				"down": {"uv": [0, 2, 2, 0], "rotation": 270, "texture": "#10"}
			}
		},
		{
			"from": [8.38687, 5, 1.81761],
			"to": [8.88687, 10, 3.21761],
			"rotation": {"angle": -45, "axis": "y", "origin": [12, 7, 2.4]},
			"faces": {
				"north": {"uv": [1, 0, 0, 10], "texture": "#14"},
				"east": {"uv": [2.8, 0, 0, 10], "texture": "#14"},
				"south": {"uv": [1, 0, 0, 10], "texture": "#14"},
				"west": {"uv": [2.8, 0, 0, 10], "texture": "#14"},
				"up": {"uv": [0, 1, 2.8, 0], "rotation": 90, "texture": "#14"},
				"down": {"uv": [0, 1, 2.8, 0], "rotation": 270, "texture": "#14"}
			}
		},
		{
			"from": [14.5, 2, 2],
			"to": [15.5, 4, 17],
			"rotation": {"angle": -22.5, "axis": "x", "origin": [14, 2, 2]},
			"faces": {
				"north": {"uv": [0, 0, 2, 4], "texture": "#9"},
				"east": {"uv": [0, 0, 9, 3], "texture": "#9"},
				"south": {"uv": [0, 0, 2, 4], "texture": "#9"},
				"west": {"uv": [0, 0, 9, 3], "texture": "#9"},
				"up": {"uv": [0, 0, 2, 16], "texture": "#9"},
				"down": {"uv": [0, 0, 2, 16], "texture": "#9"}
			}
		},
		{
			"from": [12.075, 0.225, 4.6],
			"to": [14, 10, 6.6],
			"rotation": {"angle": 0, "axis": "y", "origin": [12, 0, 4.6]},
			"faces": {
				"north": {"uv": [0, 0, 2, 10], "texture": "#21"},
				"east": {"uv": [2, 0, 4, 10], "texture": "#21"},
				"south": {"uv": [4, 0, 6, 10], "texture": "#21"},
				"west": {"uv": [6, 0, 8, 10], "texture": "#21"},
				"up": {"uv": [10, 2, 8, 0], "texture": "#21"},
				"down": {"uv": [10, 2, 8, 4], "texture": "#21"}
			}
		},
		{
			"from": [9.30625, 15.25, 2.61875],
			"to": [10.75, 16.75, 9.95],
			"rotation": {"angle": 22.5, "axis": "y", "origin": [9.25, 16.75, 2.45]},
			"faces": {
				"north": {"uv": [10, 2, 8, 4], "rotation": 180, "texture": "#21"},
				"east": {"uv": [4.5, 3, 6.5, 13], "rotation": 270, "texture": "#21"},
				"south": {"uv": [9.25, 4.25, 7.25, 2.25], "texture": "#21"},
				"west": {"uv": [5.5, 1.5, 7.5, 11.5], "rotation": 90, "texture": "#21"},
				"up": {"uv": [4.25, 2, 6.25, 12], "rotation": 180, "texture": "#21"},
				"down": {"uv": [4.75, 2.5, 6.75, 12.5], "texture": "#21"}
			}
		},
		{
			"from": [12.075, 1.725, 6.4],
			"to": [14, 11.5, 8.4],
			"rotation": {"angle": 22.5, "axis": "x", "origin": [12, 1.5, 6.4]},
			"faces": {
				"north": {"uv": [0, 0, 2, 10], "texture": "#21"},
				"east": {"uv": [2, 0, 4, 10], "texture": "#21"},
				"south": {"uv": [4, 0, 6, 10], "texture": "#21"},
				"west": {"uv": [6, 0, 8, 10], "texture": "#21"},
				"up": {"uv": [10, 2, 8, 0], "texture": "#21"},
				"down": {"uv": [10, 2, 8, 4], "texture": "#21"}
			}
		},
		{
			"from": [-0.5, 3, 4.5],
			"to": [0.5, 4, 11.5],
			"rotation": {"angle": 0, "axis": "z", "origin": [1, 15, 7.5]},
			"faces": {
				"north": {"uv": [4, 6, 6, 4], "texture": "#14"},
				"east": {"uv": [1, 7, 15, 5], "texture": "#14"},
				"south": {"uv": [6, 5, 8, 3], "texture": "#14"},
				"west": {"uv": [1, 7, 15, 5], "texture": "#14"},
				"up": {"uv": [6, 14, 8, 0], "texture": "#14"},
				"down": {"uv": [6, 15, 8, 1], "texture": "#14"}
			}
		},
		{
			"from": [0.5, 1, 13],
			"to": [1.5, 14.25, 14],
			"rotation": {"angle": 0, "axis": "z", "origin": [1, 15, 7.5]},
			"faces": {
				"north": {"uv": [0, 26.5, 2, 0], "texture": "#10"},
				"east": {"uv": [0, 26.5, 2, 0], "texture": "#10"},
				"south": {"uv": [0, 26.5, 2, 0], "texture": "#10"},
				"west": {"uv": [0, 26.5, 2, 0], "texture": "#10"},
				"up": {"uv": [0, 2, 2, 0], "texture": "#10"},
				"down": {"uv": [0, 2, 2, 0], "texture": "#10"}
			}
		},
		{
			"from": [0.5, 3, 12],
			"to": [1.5, 12.6, 13],
			"rotation": {"angle": 0, "axis": "z", "origin": [1, 15, 7.5]},
			"faces": {
				"north": {"uv": [0, 19.2, 2, 0], "texture": "#10"},
				"east": {"uv": [0, 19.2, 2, 0], "texture": "#10"},
				"south": {"uv": [0, 19.2, 2, 0], "texture": "#10"},
				"west": {"uv": [0, 19.2, 2, 0], "texture": "#10"},
				"up": {"uv": [0, 2, 2, 0], "texture": "#10"},
				"down": {"uv": [0, 2, 2, 0], "texture": "#10"}
			}
		},
		{
			"from": [0.5, 1.5, 11],
			"to": [1.5, 14, 12],
			"rotation": {"angle": 0, "axis": "z", "origin": [1, 15, 7.5]},
			"faces": {
				"north": {"uv": [0, 25, 2, 0], "texture": "#10"},
				"east": {"uv": [0, 25, 2, 0], "texture": "#10"},
				"south": {"uv": [0, 25, 2, 0], "texture": "#10"},
				"west": {"uv": [0, 25, 2, 0], "texture": "#10"},
				"up": {"uv": [0, 2, 2, 0], "texture": "#10"},
				"down": {"uv": [0, 2, 2, 0], "texture": "#10"}
			}
		},
		{
			"from": [0.5, 2, 10],
			"to": [1.5, 13.725, 11],
			"rotation": {"angle": 0, "axis": "z", "origin": [1, 15, 7.5]},
			"faces": {
				"north": {"uv": [0, 23.45, 2, 0], "texture": "#10"},
				"east": {"uv": [0, 23.45, 2, 0], "texture": "#10"},
				"south": {"uv": [0, 23.45, 2, 0], "texture": "#10"},
				"west": {"uv": [0, 23.45, 2, 0], "texture": "#10"},
				"up": {"uv": [0, 2, 2, 0], "texture": "#10"},
				"down": {"uv": [0, 2, 2, 0], "texture": "#10"}
			}
		},
		{
			"from": [0.5, 13, 9],
			"to": [1.5, 15, 10],
			"rotation": {"angle": 0, "axis": "z", "origin": [1, 15, 7.5]},
			"faces": {
				"north": {"uv": [0, 4, 2, 0], "texture": "#10"},
				"east": {"uv": [0, 4, 2, 0], "texture": "#10"},
				"south": {"uv": [0, 4, 2, 0], "texture": "#10"},
				"west": {"uv": [0, 4, 2, 0], "texture": "#10"},
				"up": {"uv": [0, 2, 2, 0], "texture": "#10"},
				"down": {"uv": [0, 2, 2, 0], "texture": "#10"}
			}
		},
		{
			"from": [0.5, 1.5, 9],
			"to": [1.5, 11, 10],
			"rotation": {"angle": 0, "axis": "z", "origin": [1, 15, 7.5]},
			"faces": {
				"north": {"uv": [0, 19, 2, 0], "texture": "#10"},
				"east": {"uv": [0, 19, 2, 0], "texture": "#10"},
				"south": {"uv": [0, 19, 2, 0], "texture": "#10"},
				"west": {"uv": [0, 19, 2, 0], "texture": "#10"},
				"up": {"uv": [0, 2, 2, 0], "texture": "#10"},
				"down": {"uv": [0, 2, 2, 0], "texture": "#10"}
			}
		},
		{
			"from": [0.5, 1, 8],
			"to": [1.5, 9, 9],
			"rotation": {"angle": 0, "axis": "z", "origin": [1, 15, 7.5]},
			"faces": {
				"north": {"uv": [0, 16, 2, 0], "texture": "#10"},
				"east": {"uv": [0, 16, 2, 0], "texture": "#10"},
				"south": {"uv": [0, 16, 2, 0], "texture": "#10"},
				"west": {"uv": [0, 16, 2, 0], "texture": "#10"},
				"up": {"uv": [0, 2, 2, 0], "texture": "#10"},
				"down": {"uv": [0, 2, 2, 0], "texture": "#10"}
			}
		},
		{
			"from": [0.5, 12, 8],
			"to": [1.5, 15, 9],
			"rotation": {"angle": 0, "axis": "z", "origin": [1, 15, 7.5]},
			"faces": {
				"north": {"uv": [0, 6, 2, 0], "texture": "#10"},
				"east": {"uv": [0, 6, 2, 0], "texture": "#10"},
				"south": {"uv": [0, 6, 2, 0], "texture": "#10"},
				"west": {"uv": [0, 6, 2, 0], "texture": "#10"},
				"up": {"uv": [0, 2, 2, 0], "texture": "#10"},
				"down": {"uv": [0, 2, 2, 0], "texture": "#10"}
			}
		},
		{
			"from": [0.5, 13, 7],
			"to": [1.5, 15, 8],
			"rotation": {"angle": 0, "axis": "z", "origin": [1, 15, 7.5]},
			"faces": {
				"north": {"uv": [0, 4, 2, 0], "texture": "#10"},
				"east": {"uv": [0, 4, 2, 0], "texture": "#10"},
				"south": {"uv": [0, 4, 2, 0], "texture": "#10"},
				"west": {"uv": [0, 4, 2, 0], "texture": "#10"},
				"up": {"uv": [0, 2, 2, 0], "texture": "#10"},
				"down": {"uv": [0, 2, 2, 0], "texture": "#10"}
			}
		},
		{
			"from": [0.5, 2, 7],
			"to": [1.5, 10, 8],
			"rotation": {"angle": 0, "axis": "z", "origin": [1, 15, 7.5]},
			"faces": {
				"north": {"uv": [0, 16, 2, 0], "texture": "#10"},
				"east": {"uv": [0, 16, 2, 0], "texture": "#10"},
				"south": {"uv": [0, 16, 2, 0], "texture": "#10"},
				"west": {"uv": [0, 16, 2, 0], "texture": "#10"},
				"up": {"uv": [0, 2, 2, 0], "texture": "#10"},
				"down": {"uv": [0, 2, 2, 0], "texture": "#10"}
			}
		},
		{
			"from": [0.5, 2.45, 6],
			"to": [1.5, 15, 7],
			"rotation": {"angle": 0, "axis": "z", "origin": [1, 15, 7.5]},
			"faces": {
				"north": {"uv": [0, 25.1, 2, 0], "texture": "#10"},
				"east": {"uv": [0, 25.1, 2, 0], "texture": "#10"},
				"south": {"uv": [0, 25.1, 2, 0], "texture": "#10"},
				"west": {"uv": [0, 25.1, 2, 0], "texture": "#10"},
				"up": {"uv": [0, 2, 2, 0], "texture": "#10"},
				"down": {"uv": [0, 2, 2, 0], "texture": "#10"}
			}
		},
		{
			"from": [0.5, 1, 5],
			"to": [1.5, 15.8, 6],
			"rotation": {"angle": 0, "axis": "z", "origin": [1, 15, 7.5]},
			"faces": {
				"north": {"uv": [0, 29.6, 2, 0], "texture": "#10"},
				"east": {"uv": [0, 29.6, 2, 0], "texture": "#10"},
				"south": {"uv": [0, 29.6, 2, 0], "texture": "#10"},
				"west": {"uv": [0, 29.6, 2, 0], "texture": "#10"},
				"up": {"uv": [0, 2, 2, 0], "texture": "#10"},
				"down": {"uv": [0, 2, 2, 0], "texture": "#10"}
			}
		},
		{
			"from": [0.5, 2, 4],
			"to": [1.5, 13.7, 5],
			"rotation": {"angle": 0, "axis": "z", "origin": [1, 15, 7.5]},
			"faces": {
				"north": {"uv": [0, 23.4, 2, 0], "texture": "#10"},
				"east": {"uv": [0, 23.4, 2, 0], "texture": "#10"},
				"south": {"uv": [0, 23.4, 2, 0], "texture": "#10"},
				"west": {"uv": [0, 23.4, 2, 0], "texture": "#10"},
				"up": {"uv": [0, 2, 2, 0], "texture": "#10"},
				"down": {"uv": [0, 2, 2, 0], "texture": "#10"}
			}
		},
		{
			"from": [0.5, 1.5, 3],
			"to": [1.5, 14.5, 4],
			"rotation": {"angle": 0, "axis": "z", "origin": [1, 15, 7.5]},
			"faces": {
				"north": {"uv": [0, 26, 2, 0], "texture": "#10"},
				"east": {"uv": [0, 26, 2, 0], "texture": "#10"},
				"south": {"uv": [0, 26, 2, 0], "texture": "#10"},
				"west": {"uv": [0, 26, 2, 0], "texture": "#10"},
				"up": {"uv": [0, 2, 2, 0], "texture": "#10"},
				"down": {"uv": [0, 2, 2, 0], "texture": "#10"}
			}
		},
		{
			"from": [0.5, 3, 2],
			"to": [1.5, 13, 3],
			"rotation": {"angle": 0, "axis": "z", "origin": [1, 15, 7.5]},
			"faces": {
				"north": {"uv": [0, 20, 2, 0], "texture": "#10"},
				"east": {"uv": [0, 20, 2, 0], "texture": "#10"},
				"south": {"uv": [0, 20, 2, 0], "texture": "#10"},
				"west": {"uv": [0, 16, 2, 0], "texture": "#10"},
				"up": {"uv": [0, 2, 2, 0], "texture": "#10"},
				"down": {"uv": [0, 2, 2, 0], "texture": "#10"}
			}
		},
		{
			"from": [3.875, 1.8, 7.15],
			"to": [5.575, 11.15, 8.85],
			"rotation": {"angle": 22.5, "axis": "z", "origin": [5.575, 11.15, 7.15]},
			"faces": {
				"north": {"uv": [2, 11, 0, 0], "texture": "#20"},
				"east": {"uv": [2, 11, 0, 0], "texture": "#20"},
				"south": {"uv": [2, 11, 0, 0], "texture": "#20"},
				"west": {"uv": [2, 11, 0, 0], "texture": "#20"},
				"up": {"uv": [2, 2, 0, 0], "texture": "#20"},
				"down": {"uv": [2, 2, 0, 0], "texture": "#20"}
			}
		},
		{
			"from": [11, 16, 14.5],
			"to": [12, 19, 15.5],
			"rotation": {"angle": 0, "axis": "y", "origin": [11, 16, 13.5]},
			"faces": {
				"north": {"uv": [0, 6, 2, 16], "texture": "#7"},
				"east": {"uv": [0, 6, 2, 16], "texture": "#7"},
				"south": {"uv": [0, 6, 2, 16], "texture": "#7"},
				"west": {"uv": [0, 6, 2, 16], "texture": "#7"},
				"up": {"uv": [0, 6, 2, 8], "texture": "#7"},
				"down": {"uv": [0, 14, 2, 16], "texture": "#7"}
			}
		},
		{
			"from": [11.3, 19, 15],
			"to": [11.7, 19.5, 15],
			"rotation": {"angle": 0, "axis": "y", "origin": [11, 16, 13.5]},
			"faces": {
				"north": {"uv": [0, 5, 1, 6], "texture": "#7"},
				"east": {"uv": [0, 0, 0, 0.5], "texture": "#7"},
				"south": {"uv": [0, 5, 1, 6], "texture": "#7"},
				"west": {"uv": [0, 0, 0, 0.5], "texture": "#7"},
				"up": {"uv": [0, 0, 0.4, 0], "texture": "#7"},
				"down": {"uv": [0, 0, 0.4, 0], "texture": "#7"}
			}
		},
		{
			"from": [11.5, 19, 14.8],
			"to": [11.5, 19.5, 15.2],
			"rotation": {"angle": 0, "axis": "y", "origin": [10, 16, 15.5]},
			"faces": {
				"north": {"uv": [0, 0, 0, 1.5], "texture": "#7"},
				"east": {"uv": [0, 5, 1, 6], "texture": "#7"},
				"south": {"uv": [0, 0, 0, 0.5], "texture": "#7"},
				"west": {"uv": [0, 5, 1, 6], "texture": "#7"},
				"up": {"uv": [0, 0, 0.4, 0], "rotation": 270, "texture": "#7"},
				"down": {"uv": [0, 0, 0.4, 0], "rotation": 90, "texture": "#7"}
			}
		},
		{
			"from": [11.08, 19.312, 14.9985],
			"to": [11.94, 20.43, 14.9985],
			"rotation": {"angle": 0, "axis": "y", "origin": [11.08, 17.42, 14.1385]},
			"faces": {
				"north": {"uv": [0, 0, 2, 3], "texture": "#8"},
				"east": {"uv": [0, 0, 0, 3], "texture": "#8"},
				"south": {"uv": [2, 0, 4, 3], "texture": "#8"},
				"west": {"uv": [0, 0, 0, 3], "texture": "#8"},
				"up": {"uv": [2, 0, 0, 0], "texture": "#8"},
				"down": {"uv": [2, 0, 0, 0], "texture": "#8"}
			}
		},
		{
			"from": [11.54, 19.312, 14.5785],
			"to": [11.54, 20.43, 15.4385],
			"rotation": {"angle": 0, "axis": "y", "origin": [10.68, 17.42, 15.4385]},
			"faces": {
				"north": {"uv": [0, 0, 0, 3], "texture": "#8"},
				"east": {"uv": [2, 0, 4, 3], "texture": "#8"},
				"south": {"uv": [0, 0, 0, 3], "texture": "#8"},
				"west": {"uv": [0, 0, 2, 3], "texture": "#8"},
				"up": {"uv": [2, 0, 0, 0], "rotation": 270, "texture": "#8"},
				"down": {"uv": [2, 0, 0, 0], "rotation": 90, "texture": "#8"}
			}
		},
		{
			"from": [11.5, 14.6, 10.5],
			"to": [12.5, 17.6, 11.5],
			"rotation": {"angle": 0, "axis": "y", "origin": [11.5, 14.6, 9.5]},
			"faces": {
				"north": {"uv": [0, 6, 2, 16], "texture": "#7"},
				"east": {"uv": [0, 6, 2, 16], "texture": "#7"},
				"south": {"uv": [0, 6, 2, 16], "texture": "#7"},
				"west": {"uv": [0, 6, 2, 16], "texture": "#7"},
				"up": {"uv": [0, 6, 2, 8], "texture": "#7"},
				"down": {"uv": [0, 14, 2, 16], "texture": "#7"}
			}
		},
		{
			"from": [11.8, 17.6, 11],
			"to": [12.2, 18.1, 11],
			"rotation": {"angle": 0, "axis": "y", "origin": [11.5, 14.6, 9.5]},
			"faces": {
				"north": {"uv": [0, 5, 1, 6], "texture": "#7"},
				"east": {"uv": [0, 0, 0, 0.5], "texture": "#7"},
				"south": {"uv": [0, 5, 1, 6], "texture": "#7"},
				"west": {"uv": [0, 0, 0, 0.5], "texture": "#7"},
				"up": {"uv": [0, 0, 0.4, 0], "texture": "#7"},
				"down": {"uv": [0, 0, 0.4, 0], "texture": "#7"}
			}
		},
		{
			"from": [12, 17.6, 10.8],
			"to": [12, 18.1, 11.2],
			"rotation": {"angle": 0, "axis": "y", "origin": [10.5, 14.6, 11.5]},
			"faces": {
				"north": {"uv": [0, 0, 0, 1.5], "texture": "#7"},
				"east": {"uv": [0, 5, 1, 6], "texture": "#7"},
				"south": {"uv": [0, 0, 0, 0.5], "texture": "#7"},
				"west": {"uv": [0, 5, 1, 6], "texture": "#7"},
				"up": {"uv": [0, 0, 0.4, 0], "rotation": 270, "texture": "#7"},
				"down": {"uv": [0, 0, 0.4, 0], "rotation": 90, "texture": "#7"}
			}
		},
		{
			"from": [11.58, 17.912, 10.9985],
			"to": [12.44, 19.03, 10.9985],
			"rotation": {"angle": 0, "axis": "y", "origin": [11.58, 16.02, 10.1385]},
			"faces": {
				"north": {"uv": [0, 0, 2, 3], "texture": "#8"},
				"east": {"uv": [0, 0, 0, 3], "texture": "#8"},
				"south": {"uv": [2, 0, 4, 3], "texture": "#8"},
				"west": {"uv": [0, 0, 0, 3], "texture": "#8"},
				"up": {"uv": [2, 0, 0, 0], "texture": "#8"},
				"down": {"uv": [2, 0, 0, 0], "texture": "#8"}
			}
		},
		{
			"from": [12.04, 17.912, 10.5785],
			"to": [12.04, 19.03, 11.4385],
			"rotation": {"angle": 0, "axis": "y", "origin": [11.18, 16.02, 11.4385]},
			"faces": {
				"north": {"uv": [0, 0, 0, 3], "texture": "#8"},
				"east": {"uv": [2, 0, 4, 3], "texture": "#8"},
				"south": {"uv": [0, 0, 0, 3], "texture": "#8"},
				"west": {"uv": [0, 0, 2, 3], "texture": "#8"},
				"up": {"uv": [2, 0, 0, 0], "rotation": 270, "texture": "#8"},
				"down": {"uv": [2, 0, 0, 0], "rotation": 90, "texture": "#8"}
			}
		},
		{
			"from": [0.459, 16, 10.264],
			"to": [1.329, 18.61, 11.134],
			"rotation": {"angle": 0, "axis": "y", "origin": [0.459, 16, 9.394]},
			"faces": {
				"north": {"uv": [0, 6, 2, 16], "texture": "#7"},
				"east": {"uv": [0, 6, 2, 16], "texture": "#7"},
				"south": {"uv": [0, 6, 2, 16], "texture": "#7"},
				"west": {"uv": [0, 6, 2, 16], "texture": "#7"},
				"up": {"uv": [0, 6, 2, 8], "texture": "#7"},
				"down": {"uv": [0, 14, 2, 16], "texture": "#7"}
			}
		},
		{
			"from": [0.72, 18.61, 10.699],
			"to": [1.068, 19.045, 10.699],
			"rotation": {"angle": 0, "axis": "y", "origin": [0.459, 16, 9.394]},
			"faces": {
				"north": {"uv": [0, 5, 1, 6], "texture": "#7"},
				"east": {"uv": [0, 0, 0, 0.5], "texture": "#7"},
				"south": {"uv": [0, 5, 1, 6], "texture": "#7"},
				"west": {"uv": [0, 0, 0, 0.5], "texture": "#7"},
				"up": {"uv": [0, 0, 0.4, 0], "texture": "#7"},
				"down": {"uv": [0, 0, 0.4, 0], "texture": "#7"}
			}
		},
		{
			"from": [0.894, 18.61, 10.525],
			"to": [0.894, 19.045, 10.873],
			"rotation": {"angle": 0, "axis": "y", "origin": [-0.411, 16, 11.134]},
			"faces": {
				"north": {"uv": [0, 0, 0, 1.5], "texture": "#7"},
				"east": {"uv": [0, 5, 1, 6], "texture": "#7"},
				"south": {"uv": [0, 0, 0, 0.5], "texture": "#7"},
				"west": {"uv": [0, 5, 1, 6], "texture": "#7"},
				"up": {"uv": [0, 0, 0.4, 0], "rotation": 270, "texture": "#7"},
				"down": {"uv": [0, 0, 0.4, 0], "rotation": 90, "texture": "#7"}
			}
		},
		{
			"from": [0.5286, 18.88144, 10.6977],
			"to": [1.2768, 19.8541, 10.6977],
			"rotation": {"angle": 0, "axis": "y", "origin": [0.5286, 17.2354, 9.9495]},
			"faces": {
				"north": {"uv": [0, 0, 2, 3], "texture": "#8"},
				"east": {"uv": [0, 0, 0, 3], "texture": "#8"},
				"south": {"uv": [2, 0, 4, 3], "texture": "#8"},
				"west": {"uv": [0, 0, 0, 3], "texture": "#8"},
				"up": {"uv": [2, 0, 0, 0], "texture": "#8"},
				"down": {"uv": [2, 0, 0, 0], "texture": "#8"}
			}
		},
		{
			"from": [0.9288, 18.88144, 10.3323],
			"to": [0.9288, 19.8541, 11.0805],
			"rotation": {"angle": 0, "axis": "y", "origin": [0.1806, 17.2354, 11.0805]},
			"faces": {
				"north": {"uv": [0, 0, 0, 3], "texture": "#8"},
				"east": {"uv": [2, 0, 4, 3], "texture": "#8"},
				"south": {"uv": [0, 0, 0, 3], "texture": "#8"},
				"west": {"uv": [0, 0, 2, 3], "texture": "#8"},
				"up": {"uv": [2, 0, 0, 0], "rotation": 270, "texture": "#8"},
				"down": {"uv": [2, 0, 0, 0], "rotation": 90, "texture": "#8"}
			}
		},
		{
			"from": [1.11584, 16, 4.44264],
			"to": [1.77704, 17.9836, 5.10384],
			"rotation": {"angle": 0, "axis": "y", "origin": [1.11584, 16, 3.78144]},
			"faces": {
				"north": {"uv": [0, 6, 2, 16], "texture": "#7"},
				"east": {"uv": [0, 6, 2, 16], "texture": "#7"},
				"south": {"uv": [0, 6, 2, 16], "texture": "#7"},
				"west": {"uv": [0, 6, 2, 16], "texture": "#7"},
				"up": {"uv": [0, 6, 2, 8], "texture": "#7"},
				"down": {"uv": [0, 14, 2, 16], "texture": "#7"}
			}
		},
		{
			"from": [1.3142, 17.9836, 4.77324],
			"to": [1.57868, 18.3142, 4.77324],
			"rotation": {"angle": 0, "axis": "y", "origin": [1.11584, 16, 3.78144]},
			"faces": {
				"north": {"uv": [0, 5, 1, 6], "texture": "#7"},
				"east": {"uv": [0, 0, 0, 0.5], "texture": "#7"},
				"south": {"uv": [0, 5, 1, 6], "texture": "#7"},
				"west": {"uv": [0, 0, 0, 0.5], "texture": "#7"},
				"up": {"uv": [0, 0, 0.4, 0], "texture": "#7"},
				"down": {"uv": [0, 0, 0.4, 0], "texture": "#7"}
			}
		},
		{
			"from": [1.44644, 17.9836, 4.641],
			"to": [1.44644, 18.3142, 4.90548],
			"rotation": {"angle": 0, "axis": "y", "origin": [0.45464, 16, 5.10384]},
			"faces": {
				"north": {"uv": [0, 0, 0, 1.5], "texture": "#7"},
				"east": {"uv": [0, 5, 1, 6], "texture": "#7"},
				"south": {"uv": [0, 0, 0, 0.5], "texture": "#7"},
				"west": {"uv": [0, 5, 1, 6], "texture": "#7"},
				"up": {"uv": [0, 0, 0.4, 0], "rotation": 270, "texture": "#7"},
				"down": {"uv": [0, 0, 0.4, 0], "rotation": 90, "texture": "#7"}
			}
		},
		{
			"from": [1.16874, 18.18989, 4.77225],
			"to": [1.73737, 18.92912, 4.77225],
			"rotation": {"angle": 0, "axis": "y", "origin": [1.16874, 16.9389, 4.20362]},
			"faces": {
				"north": {"uv": [0, 0, 2, 3], "texture": "#8"},
				"east": {"uv": [0, 0, 0, 3], "texture": "#8"},
				"south": {"uv": [2, 0, 4, 3], "texture": "#8"},
				"west": {"uv": [0, 0, 0, 3], "texture": "#8"},
				"up": {"uv": [2, 0, 0, 0], "texture": "#8"},
				"down": {"uv": [2, 0, 0, 0], "texture": "#8"}
			}
		},
		{
			"from": [1.47289, 18.18989, 4.49454],
			"to": [1.47289, 18.92912, 5.06318],
			"rotation": {"angle": 0, "axis": "y", "origin": [0.90426, 16.9389, 5.06318]},
			"faces": {
				"north": {"uv": [0, 0, 0, 3], "texture": "#8"},
				"east": {"uv": [2, 0, 4, 3], "texture": "#8"},
				"south": {"uv": [0, 0, 0, 3], "texture": "#8"},
				"west": {"uv": [0, 0, 2, 3], "texture": "#8"},
				"up": {"uv": [2, 0, 0, 0], "rotation": 270, "texture": "#8"},
				"down": {"uv": [2, 0, 0, 0], "rotation": 90, "texture": "#8"}
			}
		},
		{
			"from": [1.04, 14.75, 11.965],
			"to": [1.64, 16.55, 12.565],
			"rotation": {"angle": 0, "axis": "y", "origin": [1.04, 14.75, 11.365]},
			"faces": {
				"north": {"uv": [0, 6, 2, 16], "texture": "#7"},
				"east": {"uv": [0, 6, 2, 16], "texture": "#7"},
				"south": {"uv": [0, 6, 2, 16], "texture": "#7"},
				"west": {"uv": [0, 6, 2, 16], "texture": "#7"},
				"up": {"uv": [0, 6, 2, 8], "texture": "#7"},
				"down": {"uv": [0, 14, 2, 16], "texture": "#7"}
			}
		},
		{
			"from": [1.22, 16.55, 12.265],
			"to": [1.46, 16.85, 12.265],
			"rotation": {"angle": 0, "axis": "y", "origin": [1.04, 14.75, 11.365]},
			"faces": {
				"north": {"uv": [0, 5, 1, 6], "texture": "#7"},
				"east": {"uv": [0, 0, 0, 0.5], "texture": "#7"},
				"south": {"uv": [0, 5, 1, 6], "texture": "#7"},
				"west": {"uv": [0, 0, 0, 0.5], "texture": "#7"},
				"up": {"uv": [0, 0, 0.4, 0], "texture": "#7"},
				"down": {"uv": [0, 0, 0.4, 0], "texture": "#7"}
			}
		},
		{
			"from": [1.34, 16.55, 12.145],
			"to": [1.34, 16.85, 12.385],
			"rotation": {"angle": 0, "axis": "y", "origin": [0.44, 14.75, 12.565]},
			"faces": {
				"north": {"uv": [0, 0, 0, 1.5], "texture": "#7"},
				"east": {"uv": [0, 5, 1, 6], "texture": "#7"},
				"south": {"uv": [0, 0, 0, 0.5], "texture": "#7"},
				"west": {"uv": [0, 5, 1, 6], "texture": "#7"},
				"up": {"uv": [0, 0, 0.4, 0], "rotation": 270, "texture": "#7"},
				"down": {"uv": [0, 0, 0.4, 0], "rotation": 90, "texture": "#7"}
			}
		},
		{
			"from": [1.088, 16.7372, 12.2641],
			"to": [1.604, 17.408, 12.2641],
			"rotation": {"angle": 0, "axis": "y", "origin": [1.088, 15.602, 11.7481]},
			"faces": {
				"north": {"uv": [0, 0, 2, 3], "texture": "#8"},
				"east": {"uv": [0, 0, 0, 3], "texture": "#8"},
				"south": {"uv": [2, 0, 4, 3], "texture": "#8"},
				"west": {"uv": [0, 0, 0, 3], "texture": "#8"},
				"up": {"uv": [2, 0, 0, 0], "texture": "#8"},
				"down": {"uv": [2, 0, 0, 0], "texture": "#8"}
			}
		},
		{
			"from": [1.364, 16.7372, 12.0121],
			"to": [1.364, 17.408, 12.5281],
			"rotation": {"angle": 0, "axis": "y", "origin": [0.848, 15.602, 12.5281]},
			"faces": {
				"north": {"uv": [0, 0, 0, 3], "texture": "#8"},
				"east": {"uv": [2, 0, 4, 3], "texture": "#8"},
				"south": {"uv": [0, 0, 0, 3], "texture": "#8"},
				"west": {"uv": [0, 0, 2, 3], "texture": "#8"},
				"up": {"uv": [2, 0, 0, 0], "rotation": 270, "texture": "#8"},
				"down": {"uv": [2, 0, 0, 0], "rotation": 90, "texture": "#8"}
			}
		},
		{
			"from": [9.482, 15.26, 14.9265],
			"to": [10.222, 17.48, 15.6665],
			"rotation": {"angle": 0, "axis": "y", "origin": [9.482, 15.26, 14.1865]},
			"faces": {
				"north": {"uv": [0, 6, 2, 16], "texture": "#7"},
				"east": {"uv": [0, 6, 2, 16], "texture": "#7"},
				"south": {"uv": [0, 6, 2, 16], "texture": "#7"},
				"west": {"uv": [0, 6, 2, 16], "texture": "#7"},
				"up": {"uv": [0, 6, 2, 8], "texture": "#7"},
				"down": {"uv": [0, 14, 2, 16], "texture": "#7"}
			}
		},
		{
			"from": [9.704, 17.48, 15.2965],
			"to": [10, 17.85, 15.2965],
			"rotation": {"angle": 0, "axis": "y", "origin": [9.482, 15.26, 14.1865]},
			"faces": {
				"north": {"uv": [0, 5, 1, 6], "texture": "#7"},
				"east": {"uv": [0, 0, 0, 0.5], "texture": "#7"},
				"south": {"uv": [0, 5, 1, 6], "texture": "#7"},
				"west": {"uv": [0, 0, 0, 0.5], "texture": "#7"},
				"up": {"uv": [0, 0, 0.4, 0], "texture": "#7"},
				"down": {"uv": [0, 0, 0.4, 0], "texture": "#7"}
			}
		},
		{
			"from": [9.852, 17.48, 15.1485],
			"to": [9.852, 17.85, 15.4445],
			"rotation": {"angle": 0, "axis": "y", "origin": [8.742, 15.26, 15.6665]},
			"faces": {
				"north": {"uv": [0, 0, 0, 1.5], "texture": "#7"},
				"east": {"uv": [0, 5, 1, 6], "texture": "#7"},
				"south": {"uv": [0, 0, 0, 0.5], "texture": "#7"},
				"west": {"uv": [0, 5, 1, 6], "texture": "#7"},
				"up": {"uv": [0, 0, 0.4, 0], "rotation": 270, "texture": "#7"},
				"down": {"uv": [0, 0, 0.4, 0], "rotation": 90, "texture": "#7"}
			}
		},
		{
			"from": [9.5412, 17.71088, 15.29539],
			"to": [10.1776, 18.5382, 15.29539],
			"rotation": {"angle": 0, "axis": "y", "origin": [9.5412, 16.3108, 14.65899]},
			"faces": {
				"north": {"uv": [0, 0, 2, 3], "texture": "#8"},
				"east": {"uv": [0, 0, 0, 3], "texture": "#8"},
				"south": {"uv": [2, 0, 4, 3], "texture": "#8"},
				"west": {"uv": [0, 0, 0, 3], "texture": "#8"},
				"up": {"uv": [2, 0, 0, 0], "texture": "#8"},
				"down": {"uv": [2, 0, 0, 0], "texture": "#8"}
			}
		},
		{
			"from": [9.8816, 17.71088, 14.98459],
			"to": [9.8816, 18.5382, 15.62099],
			"rotation": {"angle": 0, "axis": "y", "origin": [9.2452, 16.3108, 15.62099]},
			"faces": {
				"north": {"uv": [0, 0, 0, 3], "texture": "#8"},
				"east": {"uv": [2, 0, 4, 3], "texture": "#8"},
				"south": {"uv": [0, 0, 0, 3], "texture": "#8"},
				"west": {"uv": [0, 0, 2, 3], "texture": "#8"},
				"up": {"uv": [2, 0, 0, 0], "rotation": 270, "texture": "#8"},
				"down": {"uv": [2, 0, 0, 0], "rotation": 90, "texture": "#8"}
			}
		},
		{
			"from": [10.6, 15, 11],
			"to": [12.6, 15.5, 13],
			"rotation": {"angle": 45, "axis": "y", "origin": [10.6, 15, 11]},
			"faces": {
				"north": {"uv": [0, 0, 4, 1], "texture": "#19"},
				"east": {"uv": [0, 0, 4, 1], "texture": "#19"},
				"south": {"uv": [0, 0, 4, 1], "texture": "#19"},
				"west": {"uv": [0, 0, 4, 1], "texture": "#19"},
				"up": {"uv": [0, 0, 4, 4], "texture": "#19"},
				"down": {"uv": [0, 0, 4, 4], "texture": "#19"}
			}
		},
		{
			"from": [10.1, 15.5, 11],
			"to": [10.6, 16, 13],
			"rotation": {"angle": 45, "axis": "y", "origin": [10.6, 15, 11]},
			"faces": {
				"north": {"uv": [0, 0, 1, 1], "texture": "#19"},
				"east": {"uv": [0, 0, 4, 1], "texture": "#19"},
				"south": {"uv": [0, 0, 1, 1], "texture": "#19"},
				"west": {"uv": [0, 0, 4, 1], "texture": "#19"},
				"up": {"uv": [0, 0, 1, 4], "texture": "#19"},
				"down": {"uv": [0, 0, 1, 4], "texture": "#19"}
			}
		},
		{
			"from": [12.6, 15.5, 11],
			"to": [13.1, 16, 13],
			"rotation": {"angle": 45, "axis": "y", "origin": [10.6, 15, 11]},
			"faces": {
				"north": {"uv": [0, 0, 1, 1], "texture": "#19"},
				"east": {"uv": [0, 0, 4, 1], "texture": "#19"},
				"south": {"uv": [0, 0, 1, 1], "texture": "#19"},
				"west": {"uv": [0, 0, 4, 1], "texture": "#19"},
				"up": {"uv": [0, 0, 1, 4], "texture": "#19"},
				"down": {"uv": [0, 0, 1, 4], "texture": "#19"}
			}
		},
		{
			"from": [10.6, 15.5, 10.5],
			"to": [12.6, 16, 11],
			"rotation": {"angle": 45, "axis": "y", "origin": [10.6, 15, 11]},
			"faces": {
				"north": {"uv": [0, 0, 4, 1], "texture": "#19"},
				"east": {"uv": [0, 0, 1, 1], "texture": "#19"},
				"south": {"uv": [0, 0, 4, 1], "texture": "#19"},
				"west": {"uv": [0, 0, 1, 1], "texture": "#19"},
				"up": {"uv": [0, 0, 4, 1], "texture": "#19"},
				"down": {"uv": [0, 0, 4, 1], "texture": "#19"}
			}
		},
		{
			"from": [10.6, 15.5, 13],
			"to": [12.6, 16, 13.5],
			"rotation": {"angle": 45, "axis": "y", "origin": [10.6, 15, 11]},
			"faces": {
				"north": {"uv": [0, 0, 4, 1], "texture": "#19"},
				"east": {"uv": [0, 0, 1, 1], "texture": "#19"},
				"south": {"uv": [0, 0, 4, 1], "texture": "#19"},
				"west": {"uv": [0, 0, 1, 1], "texture": "#19"},
				"up": {"uv": [0, 0, 4, 1], "texture": "#19"},
				"down": {"uv": [0, 0, 4, 1], "texture": "#19"}
			}
		},
		{
			"from": [4.8, 16.5, 11.05],
			"to": [5.7, 17.2, 11.95],
			"rotation": {"angle": -45, "axis": "y", "origin": [4, 15, 10.25]},
			"faces": {
				"north": {"uv": [0, 11, 0.9, 11.7], "texture": "#17"},
				"east": {"uv": [0, 11, 0.9, 11.7], "texture": "#17"},
				"south": {"uv": [0, 11, 0.9, 11.7], "texture": "#17"},
				"west": {"uv": [0, 11, 0.9, 11.7], "texture": "#17"},
				"up": {"uv": [0, 11, 0.9, 11.9], "texture": "#17"},
				"down": {"uv": [0, 11, 0.9, 11.9], "texture": "#17"}
			}
		},
		{
			"from": [4.5, 15, 10.75],
			"to": [6, 16.5, 12.25],
			"rotation": {"angle": -45, "axis": "y", "origin": [4, 15, 10.25]},
			"faces": {
				"north": {"uv": [0, 11, 1.5, 12.5], "texture": "#17"},
				"east": {"uv": [0, 11, 1.5, 12.5], "texture": "#17"},
				"south": {"uv": [0, 11, 1.5, 12.5], "texture": "#17"},
				"west": {"uv": [0, 11, 1.5, 12.5], "texture": "#17"},
				"up": {"uv": [0, 11, 1.5, 12.5], "texture": "#17"},
				"down": {"uv": [0, 11, 1.5, 12.5], "texture": "#17"}
			}
		},
		{
			"from": [5.35, 18.25, 11.85],
			"to": [5.8, 19.15, 12.15],
			"rotation": {"angle": -22.5, "axis": "z", "origin": [3.25, 20.2, 12.3]},
			"faces": {
				"north": {"uv": [7, 14, 5, 15], "rotation": 90, "texture": "#15"},
				"east": {"uv": [5, 14, 7, 15], "rotation": 90, "texture": "#15"},
				"south": {"uv": [5, 14, 7, 15], "rotation": 270, "texture": "#15"},
				"west": {"uv": [5, 14, 7, 15], "rotation": 90, "texture": "#15"},
				"up": {"uv": [5, 14, 7, 15], "rotation": 270, "texture": "#15"},
				"down": {"uv": [5, 14, 7, 15], "rotation": 270, "texture": "#15"}
			}
		},
		{
			"from": [4.9, 16.9, 11.85],
			"to": [5.35, 20.05, 12.15],
			"rotation": {"angle": -22.5, "axis": "z", "origin": [3.25, 20.2, 12.3]},
			"faces": {
				"north": {"uv": [9, 13, 2, 14], "rotation": 90, "texture": "#15"},
				"east": {"uv": [9, 13, 2, 14], "rotation": 90, "texture": "#15"},
				"south": {"uv": [2, 13, 9, 14], "rotation": 270, "texture": "#15"},
				"west": {"uv": [9, 13, 2, 14], "rotation": 90, "texture": "#15"},
				"up": {"uv": [8, 13, 9, 14], "rotation": 270, "texture": "#15"},
				"down": {"uv": [2, 13, 3, 14], "rotation": 270, "texture": "#15"}
			}
		},
		{
			"from": [4.45, 17.8, 11.85],
			"to": [4.9, 20.5, 12.15],
			"rotation": {"angle": -22.5, "axis": "z", "origin": [3.25, 20.2, 12.3]},
			"faces": {
				"north": {"uv": [10, 12, 4, 13], "rotation": 90, "texture": "#15"},
				"east": {"uv": [4, 12, 10, 13], "rotation": 90, "texture": "#15"},
				"south": {"uv": [4, 12, 10, 13], "rotation": 270, "texture": "#15"},
				"west": {"uv": [10, 12, 4, 13], "rotation": 90, "texture": "#15"},
				"up": {"uv": [9, 12, 10, 13], "rotation": 270, "texture": "#15"},
				"down": {"uv": [4, 12, 5, 13], "rotation": 270, "texture": "#15"}
			}
		},
		{
			"from": [4, 17.35, 11.85],
			"to": [4.45, 21.4, 12.15],
			"rotation": {"angle": -22.5, "axis": "z", "origin": [3.25, 20.2, 12.3]},
			"faces": {
				"north": {"uv": [12, 11, 3, 12], "rotation": 90, "texture": "#15"},
				"east": {"uv": [3, 11, 12, 12], "rotation": 90, "texture": "#15"},
				"south": {"uv": [3, 11, 12, 12], "rotation": 270, "texture": "#15"},
				"west": {"uv": [12, 11, 3, 12], "rotation": 90, "texture": "#15"},
				"up": {"uv": [11, 11, 12, 12], "rotation": 270, "texture": "#15"},
				"down": {"uv": [3, 11, 4, 12], "rotation": 270, "texture": "#15"}
			}
		},
		{
			"from": [3.55, 18.25, 11.85],
			"to": [4, 20.95, 12.15],
			"rotation": {"angle": -22.5, "axis": "z", "origin": [3.25, 20.2, 12.3]},
			"faces": {
				"north": {"uv": [11, 10, 5, 11], "rotation": 90, "texture": "#15"},
				"east": {"uv": [5, 10, 11, 11], "rotation": 90, "texture": "#15"},
				"south": {"uv": [5, 10, 11, 11], "rotation": 270, "texture": "#15"},
				"west": {"uv": [11, 10, 5, 11], "rotation": 90, "texture": "#15"},
				"up": {"uv": [10, 10, 11, 11], "rotation": 270, "texture": "#15"},
				"down": {"uv": [5, 10, 6, 11], "rotation": 270, "texture": "#15"}
			}
		},
		{
			"from": [3.1, 18.25, 11.85],
			"to": [3.55, 21.85, 12.15],
			"rotation": {"angle": -22.5, "axis": "z", "origin": [3.25, 20.2, 12.3]},
			"faces": {
				"north": {"uv": [13, 9, 5, 10], "rotation": 90, "texture": "#15"},
				"east": {"uv": [5, 9, 13, 10], "rotation": 90, "texture": "#15"},
				"south": {"uv": [5, 9, 13, 10], "rotation": 270, "texture": "#15"},
				"west": {"uv": [13, 9, 5, 10], "rotation": 90, "texture": "#15"},
				"up": {"uv": [12, 9, 13, 10], "rotation": 270, "texture": "#15"},
				"down": {"uv": [5, 9, 6, 10], "rotation": 270, "texture": "#15"}
			}
		},
		{
			"from": [2.65, 19.6, 11.85],
			"to": [3.1, 22.3, 12.15],
			"rotation": {"angle": -22.5, "axis": "z", "origin": [3.25, 20.2, 12.3]},
			"faces": {
				"north": {"uv": [14, 8, 8, 9], "rotation": 90, "texture": "#15"},
				"east": {"uv": [8, 8, 14, 9], "rotation": 90, "texture": "#15"},
				"south": {"uv": [8, 8, 14, 9], "rotation": 270, "texture": "#15"},
				"west": {"uv": [14, 8, 8, 9], "rotation": 90, "texture": "#15"},
				"up": {"uv": [13, 8, 14, 9], "rotation": 270, "texture": "#15"},
				"down": {"uv": [8, 8, 9, 9], "rotation": 270, "texture": "#15"}
			}
		},
		{
			"from": [2.65, 18.7, 11.85],
			"to": [3.1, 19.15, 12.15],
			"rotation": {"angle": -22.5, "axis": "z", "origin": [3.25, 20.2, 12.3]},
			"faces": {
				"north": {"uv": [7, 8, 6, 9], "rotation": 90, "texture": "#15"},
				"east": {"uv": [6, 8, 7, 9], "rotation": 90, "texture": "#15"},
				"south": {"uv": [6, 8, 7, 9], "rotation": 270, "texture": "#15"},
				"west": {"uv": [6, 8, 7, 9], "rotation": 90, "texture": "#15"},
				"up": {"uv": [6, 8, 7, 9], "rotation": 270, "texture": "#15"},
				"down": {"uv": [6, 8, 7, 9], "rotation": 270, "texture": "#15"}
			}
		},
		{
			"from": [2.2, 19.6, 11.85],
			"to": [2.65, 21.85, 12.15],
			"rotation": {"angle": -22.5, "axis": "z", "origin": [3.25, 20.2, 12.3]},
			"faces": {
				"north": {"uv": [13, 7, 8, 8], "rotation": 90, "texture": "#15"},
				"east": {"uv": [8, 7, 13, 8], "rotation": 90, "texture": "#15"},
				"south": {"uv": [8, 7, 13, 8], "rotation": 270, "texture": "#15"},
				"west": {"uv": [13, 7, 8, 8], "rotation": 90, "texture": "#15"},
				"up": {"uv": [12, 7, 13, 8], "rotation": 270, "texture": "#15"},
				"down": {"uv": [8, 7, 9, 8], "rotation": 270, "texture": "#15"}
			}
		},
		{
			"from": [1.75, 20.5, 11.85],
			"to": [2.2, 22.3, 12.15],
			"rotation": {"angle": -22.5, "axis": "z", "origin": [3.25, 20.2, 12.3]},
			"faces": {
				"north": {"uv": [14, 6, 10, 7], "rotation": 90, "texture": "#15"},
				"east": {"uv": [10, 6, 14, 7], "rotation": 90, "texture": "#15"},
				"south": {"uv": [10, 6, 14, 7], "rotation": 270, "texture": "#15"},
				"west": {"uv": [14, 6, 10, 7], "rotation": 90, "texture": "#15"},
				"up": {"uv": [13, 7, 14, 6], "rotation": 270, "texture": "#15"},
				"down": {"uv": [10, 6, 11, 7], "rotation": 270, "texture": "#15"}
			}
		},
		{
			"from": [1.3, 20.5, 11.85],
			"to": [1.75, 22.75, 12.15],
			"rotation": {"angle": -22.5, "axis": "z", "origin": [3.25, 20.2, 12.3]},
			"faces": {
				"north": {"uv": [15, 5, 10, 6], "rotation": 90, "texture": "#15"},
				"east": {"uv": [10, 5, 15, 6], "rotation": 90, "texture": "#15"},
				"south": {"uv": [10, 5, 15, 6], "rotation": 270, "texture": "#15"},
				"west": {"uv": [15, 5, 10, 6], "rotation": 90, "texture": "#15"},
				"up": {"uv": [14, 5, 15, 6], "rotation": 270, "texture": "#15"},
				"down": {"uv": [10, 5, 11, 6], "rotation": 270, "texture": "#15"}
			}
		},
		{
			"from": [0.85, 20.95, 11.85],
			"to": [1.3, 22.3, 12.15],
			"rotation": {"angle": -22.5, "axis": "z", "origin": [3.25, 20.2, 12.3]},
			"faces": {
				"north": {"uv": [14, 4, 11, 5], "rotation": 90, "texture": "#15"},
				"east": {"uv": [11, 4, 14, 5], "rotation": 90, "texture": "#15"},
				"south": {"uv": [11, 4, 14, 5], "rotation": 270, "texture": "#15"},
				"west": {"uv": [14, 4, 11, 5], "rotation": 90, "texture": "#15"},
				"up": {"uv": [13, 4, 14, 5], "rotation": 270, "texture": "#15"},
				"down": {"uv": [11, 4, 12, 5], "rotation": 270, "texture": "#15"}
			}
		},
		{
			"from": [0.4, 21.4, 11.85],
			"to": [0.85, 22.3, 12.15],
			"rotation": {"angle": -22.5, "axis": "z", "origin": [3.25, 20.2, 12.3]},
			"faces": {
				"north": {"uv": [14, 3, 12, 4], "rotation": 90, "texture": "#15"},
				"east": {"uv": [12, 3, 14, 4], "rotation": 90, "texture": "#15"},
				"south": {"uv": [12, 3, 14, 4], "rotation": 270, "texture": "#15"},
				"west": {"uv": [12, 3, 14, 4], "rotation": 90, "texture": "#15"},
				"up": {"uv": [12, 3, 14, 4], "rotation": 270, "texture": "#15"},
				"down": {"uv": [12, 3, 14, 4], "rotation": 270, "texture": "#15"}
			}
		},
		{
			"from": [-0.05, 21.4, 11.85],
			"to": [0.4, 21.85, 12.15],
			"rotation": {"angle": -22.5, "axis": "z", "origin": [3.25, 20.2, 12.3]},
			"faces": {
				"north": {"uv": [14, 3, 12, 4], "rotation": 90, "texture": "#15"},
				"east": {"uv": [12, 3, 14, 4], "rotation": 90, "texture": "#15"},
				"south": {"uv": [12, 3, 14, 4], "rotation": 270, "texture": "#15"},
				"west": {"uv": [12, 3, 14, 4], "rotation": 90, "texture": "#15"},
				"up": {"uv": [12, 3, 14, 4], "rotation": 270, "texture": "#15"},
				"down": {"uv": [12, 3, 14, 4], "rotation": 270, "texture": "#15"}
			}
		},
		{
			"name": "block",
			"from": [3.03104, 15.19736, 3.5484],
			"to": [3.2416, 15.30264, 3.96952],
			"rotation": {"angle": -22.5, "axis": "y", "origin": [6.03104, 14.85944, 7.5484]},
			"faces": {
				"north": {"uv": [0.5, 0, 0, 0.25], "texture": "#16"},
				"east": {"uv": [0.25, 0, 0.5, 1], "rotation": 90, "texture": "#16"},
				"south": {"uv": [0, 0.75, 0.5, 1], "texture": "#16"},
				"west": {"uv": [0, 0, 0.25, 1], "rotation": 270, "texture": "#16"},
				"up": {"uv": [0, 0, 0.5, 1], "texture": "#16"},
				"down": {"uv": [0, 1, 0.5, 0], "texture": "#16"}
			}
		},
		{
			"name": "block",
			"from": [4.8208, 15.19736, 3.5484],
			"to": [5.13664, 15.30264, 10.07576],
			"rotation": {"angle": -22.5, "axis": "y", "origin": [6.03104, 14.85944, 7.5484]},
			"faces": {
				"north": {"uv": [5, 0, 4.25, 0.25], "texture": "#16"},
				"east": {"uv": [4.75, 0, 5, 15.5], "rotation": 90, "texture": "#16"},
				"south": {"uv": [4.25, 15.25, 5, 15.5], "texture": "#16"},
				"west": {"uv": [4.25, 0, 4.5, 15.5], "rotation": 270, "texture": "#16"},
				"up": {"uv": [4.25, 0, 5, 15.5], "texture": "#16"},
				"down": {"uv": [4.25, 15.5, 5, 0], "texture": "#16"}
			}
		},
		{
			"name": "block",
			"from": [5.3472, 15.19736, 3.5484],
			"to": [5.97888, 15.30264, 10.07576],
			"rotation": {"angle": -22.5, "axis": "y", "origin": [6.03104, 14.85944, 7.5484]},
			"faces": {
				"north": {"uv": [7, 0, 5.5, 0.25], "texture": "#16"},
				"east": {"uv": [6.75, 0, 7, 15.5], "rotation": 90, "texture": "#16"},
				"south": {"uv": [5.5, 15.25, 7, 15.5], "texture": "#16"},
				"west": {"uv": [5.5, 0, 5.75, 15.5], "rotation": 270, "texture": "#16"},
				"up": {"uv": [5.5, 0, 7, 15.5], "texture": "#16"},
				"down": {"uv": [5.5, 15.5, 7, 0], "texture": "#16"}
			}
		},
		{
			"name": "block",
			"from": [6.08416, 15.19736, 3.5484],
			"to": [6.50528, 15.30264, 10.28632],
			"rotation": {"angle": -22.5, "axis": "y", "origin": [6.03104, 14.85944, 7.5484]},
			"faces": {
				"north": {"uv": [8.25, 0, 7.25, 0.25], "texture": "#16"},
				"east": {"uv": [8, 0, 8.25, 16], "rotation": 90, "texture": "#16"},
				"south": {"uv": [7.25, 15.75, 8.25, 16], "texture": "#16"},
				"west": {"uv": [7.25, 0, 7.5, 16], "rotation": 270, "texture": "#16"},
				"up": {"uv": [7.25, 0, 8.25, 16], "texture": "#16"},
				"down": {"uv": [7.25, 16, 8.25, 0], "texture": "#16"}
			}
		},
		{
			"name": "block",
			"from": [6.9264, 15.19736, 3.5484],
			"to": [8.18976, 15.30264, 10.18104],
			"rotation": {"angle": -22.5, "axis": "y", "origin": [6.03104, 14.85944, 7.5484]},
			"faces": {
				"north": {"uv": [12.25, 0, 9.25, 0.25], "texture": "#16"},
				"east": {"uv": [12, 0, 12.25, 15.75], "rotation": 90, "texture": "#16"},
				"south": {"uv": [9.25, 15.5, 12.25, 15.75], "texture": "#16"},
				"west": {"uv": [9.25, 0, 9.5, 15.75], "rotation": 270, "texture": "#16"},
				"up": {"uv": [9.25, 0, 12.25, 15.75], "texture": "#16"},
				"down": {"uv": [9.25, 15.75, 12.25, 0], "texture": "#16"}
			}
		},
		{
			"name": "block",
			"from": [9.45312, 15.19736, 3.5484],
			"to": [9.76896, 15.30264, 3.86424],
			"rotation": {"angle": -22.5, "axis": "y", "origin": [6.03104, 14.85944, 7.5484]},
			"faces": {
				"north": {"uv": [16, 0, 15.25, 0.25], "texture": "#16"},
				"east": {"uv": [15.75, 0, 16, 0.75], "rotation": 90, "texture": "#16"},
				"south": {"uv": [15.25, 0.5, 16, 0.75], "texture": "#16"},
				"west": {"uv": [15.25, 0, 15.5, 0.75], "rotation": 270, "texture": "#16"},
				"up": {"uv": [15.25, 0, 16, 0.75], "texture": "#16"},
				"down": {"uv": [15.25, 0.75, 16, 0], "texture": "#16"}
			}
		},
		{
			"name": "block",
			"from": [3.2416, 15.19736, 3.65368],
			"to": [4.18912, 15.30264, 10.07576],
			"rotation": {"angle": -22.5, "axis": "y", "origin": [6.03104, 14.85944, 7.5484]},
			"faces": {
				"north": {"uv": [2.75, 0.25, 0.5, 0.5], "texture": "#16"},
				"east": {"uv": [2.5, 0.25, 2.75, 15.5], "rotation": 90, "texture": "#16"},
				"south": {"uv": [0.5, 15.25, 2.75, 15.5], "texture": "#16"},
				"west": {"uv": [0.5, 0.25, 0.75, 15.5], "rotation": 270, "texture": "#16"},
				"up": {"uv": [0.5, 0.25, 2.75, 15.5], "texture": "#16"},
				"down": {"uv": [0.5, 15.5, 2.75, 0.25], "texture": "#16"}
			}
		},
		{
			"name": "block",
			"from": [4.39968, 15.19736, 3.65368],
			"to": [4.8208, 15.30264, 10.28632],
			"rotation": {"angle": -22.5, "axis": "y", "origin": [6.03104, 14.85944, 7.5484]},
			"faces": {
				"north": {"uv": [4.25, 0.25, 3.25, 0.5], "texture": "#16"},
				"east": {"uv": [4, 0.25, 4.25, 16], "rotation": 90, "texture": "#16"},
				"south": {"uv": [3.25, 15.75, 4.25, 16], "texture": "#16"},
				"west": {"uv": [3.25, 0.25, 3.5, 16], "rotation": 270, "texture": "#16"},
				"up": {"uv": [3.25, 0.25, 4.25, 16], "texture": "#16"},
				"down": {"uv": [3.25, 16, 4.25, 0.25], "texture": "#16"}
			}
		},
		{
			"name": "block",
			"from": [5.13664, 15.19736, 3.65368],
			"to": [5.24192, 15.30264, 10.07576],
			"rotation": {"angle": -22.5, "axis": "y", "origin": [6.03104, 14.85944, 7.5484]},
			"faces": {
				"north": {"uv": [5.25, 0.25, 5, 0.5], "texture": "#16"},
				"east": {"uv": [5, 0.25, 5.25, 15.5], "rotation": 90, "texture": "#16"},
				"south": {"uv": [5, 15.25, 5.25, 15.5], "texture": "#16"},
				"west": {"uv": [5, 0.25, 5.25, 15.5], "rotation": 270, "texture": "#16"},
				"up": {"uv": [5, 0.25, 5.25, 15.5], "texture": "#16"},
				"down": {"uv": [5, 15.5, 5.25, 0.25], "texture": "#16"}
			}
		},
		{
			"name": "block",
			"from": [5.97888, 15.19736, 3.65368],
			"to": [6.08416, 15.30264, 10.28632],
			"rotation": {"angle": -22.5, "axis": "y", "origin": [6.03104, 14.85944, 7.5484]},
			"faces": {
				"north": {"uv": [7.25, 0.25, 7, 0.5], "texture": "#16"},
				"east": {"uv": [7, 0.25, 7.25, 16], "rotation": 90, "texture": "#16"},
				"south": {"uv": [7, 15.75, 7.25, 16], "texture": "#16"},
				"west": {"uv": [7, 0.25, 7.25, 16], "rotation": 270, "texture": "#16"},
				"up": {"uv": [7, 0.25, 7.25, 16], "texture": "#16"},
				"down": {"uv": [7, 16, 7.25, 0.25], "texture": "#16"}
			}
		},
		{
			"name": "block",
			"from": [6.50528, 15.19736, 3.65368],
			"to": [6.61056, 15.30264, 10.28632],
			"rotation": {"angle": -22.5, "axis": "y", "origin": [6.03104, 14.85944, 7.5484]},
			"faces": {
				"north": {"uv": [8.5, 0.25, 8.25, 0.5], "texture": "#16"},
				"east": {"uv": [8.25, 0.25, 8.5, 16], "rotation": 90, "texture": "#16"},
				"south": {"uv": [8.25, 15.75, 8.5, 16], "texture": "#16"},
				"west": {"uv": [8.25, 0.25, 8.5, 16], "rotation": 270, "texture": "#16"},
				"up": {"uv": [8.25, 0.25, 8.5, 16], "texture": "#16"},
				"down": {"uv": [8.25, 16, 8.5, 0.25], "texture": "#16"}
			}
		},
		{
			"name": "block",
			"from": [6.71584, 15.19736, 3.65368],
			"to": [6.9264, 15.30264, 10.28632],
			"rotation": {"angle": -22.5, "axis": "y", "origin": [6.03104, 14.85944, 7.5484]},
			"faces": {
				"north": {"uv": [9.25, 0.25, 8.75, 0.5], "texture": "#16"},
				"east": {"uv": [9, 0.25, 9.25, 16], "rotation": 90, "texture": "#16"},
				"south": {"uv": [8.75, 15.75, 9.25, 16], "texture": "#16"},
				"west": {"uv": [8.75, 0.25, 9, 16], "rotation": 270, "texture": "#16"},
				"up": {"uv": [8.75, 0.25, 9.25, 16], "texture": "#16"},
				"down": {"uv": [8.75, 16, 9.25, 0.25], "texture": "#16"}
			}
		},
		{
			"name": "block",
			"from": [8.18976, 15.19736, 3.65368],
			"to": [9.45312, 15.30264, 10.18104],
			"rotation": {"angle": -22.5, "axis": "y", "origin": [6.03104, 14.85944, 7.5484]},
			"faces": {
				"north": {"uv": [15.25, 0.25, 12.25, 0.5], "texture": "#16"},
				"east": {"uv": [15, 0.25, 15.25, 15.75], "rotation": 90, "texture": "#16"},
				"south": {"uv": [12.25, 15.5, 15.25, 15.75], "texture": "#16"},
				"west": {"uv": [12.25, 0.25, 12.5, 15.75], "rotation": 270, "texture": "#16"},
				"up": {"uv": [12.25, 0.25, 15.25, 15.75], "texture": "#16"},
				"down": {"uv": [12.25, 15.75, 15.25, 0.25], "texture": "#16"}
			}
		},
		{
			"name": "block",
			"from": [4.18912, 15.19736, 3.75896],
			"to": [4.39968, 15.30264, 10.28632],
			"rotation": {"angle": -22.5, "axis": "y", "origin": [6.03104, 14.85944, 7.5484]},
			"faces": {
				"north": {"uv": [3.25, 0.5, 2.75, 0.75], "texture": "#16"},
				"east": {"uv": [3, 0.5, 3.25, 16], "rotation": 90, "texture": "#16"},
				"south": {"uv": [2.75, 15.75, 3.25, 16], "texture": "#16"},
				"west": {"uv": [2.75, 0.5, 3, 16], "rotation": 270, "texture": "#16"},
				"up": {"uv": [2.75, 0.5, 3.25, 16], "texture": "#16"},
				"down": {"uv": [2.75, 16, 3.25, 0.5], "texture": "#16"}
			}
		},
		{
			"name": "block",
			"from": [5.24192, 15.19736, 3.75896],
			"to": [5.3472, 15.30264, 10.18104],
			"rotation": {"angle": -22.5, "axis": "y", "origin": [6.03104, 14.85944, 7.5484]},
			"faces": {
				"north": {"uv": [5.5, 0.5, 5.25, 0.75], "texture": "#16"},
				"east": {"uv": [5.25, 0.5, 5.5, 15.75], "rotation": 90, "texture": "#16"},
				"south": {"uv": [5.25, 15.5, 5.5, 15.75], "texture": "#16"},
				"west": {"uv": [5.25, 0.5, 5.5, 15.75], "rotation": 270, "texture": "#16"},
				"up": {"uv": [5.25, 0.5, 5.5, 15.75], "texture": "#16"},
				"down": {"uv": [5.25, 15.75, 5.5, 0.5], "texture": "#16"}
			}
		},
		{
			"name": "block",
			"from": [6.61056, 15.19736, 3.75896],
			"to": [6.71584, 15.30264, 10.28632],
			"rotation": {"angle": -22.5, "axis": "y", "origin": [6.03104, 14.85944, 7.5484]},
			"faces": {
				"north": {"uv": [8.75, 0.5, 8.5, 0.75], "texture": "#16"},
				"east": {"uv": [8.5, 0.5, 8.75, 16], "rotation": 90, "texture": "#16"},
				"south": {"uv": [8.5, 15.75, 8.75, 16], "texture": "#16"},
				"west": {"uv": [8.5, 0.5, 8.75, 16], "rotation": 270, "texture": "#16"},
				"up": {"uv": [8.5, 0.5, 8.75, 16], "texture": "#16"},
				"down": {"uv": [8.5, 16, 8.75, 0.5], "texture": "#16"}
			}
		},
		{
			"name": "block",
			"from": [9.45312, 15.19736, 3.86424],
			"to": [9.66368, 15.30264, 10.18104],
			"rotation": {"angle": -22.5, "axis": "y", "origin": [6.03104, 14.85944, 7.5484]},
			"faces": {
				"north": {"uv": [15.75, 0.75, 15.25, 1], "texture": "#16"},
				"east": {"uv": [15.5, 0.75, 15.75, 15.75], "rotation": 90, "texture": "#16"},
				"south": {"uv": [15.25, 15.5, 15.75, 15.75], "texture": "#16"},
				"west": {"uv": [15.25, 0.75, 15.5, 15.75], "rotation": 270, "texture": "#16"},
				"up": {"uv": [15.25, 0.75, 15.75, 15.75], "texture": "#16"},
				"down": {"uv": [15.25, 15.75, 15.75, 0.75], "texture": "#16"}
			}
		},
		{
			"name": "block",
			"from": [3.13632, 15.19736, 3.96952],
			"to": [3.2416, 15.30264, 5.23288],
			"rotation": {"angle": -22.5, "axis": "y", "origin": [6.03104, 14.85944, 7.5484]},
			"faces": {
				"north": {"uv": [0.5, 1, 0.25, 1.25], "texture": "#16"},
				"east": {"uv": [0.25, 1, 0.5, 4], "rotation": 90, "texture": "#16"},
				"south": {"uv": [0.25, 3.75, 0.5, 4], "texture": "#16"},
				"west": {"uv": [0.25, 1, 0.5, 4], "rotation": 270, "texture": "#16"},
				"up": {"uv": [0.25, 1, 0.5, 4], "texture": "#16"},
				"down": {"uv": [0.25, 4, 0.5, 1], "texture": "#16"}
			}
		},
		{
			"name": "block",
			"from": [9.66368, 15.19736, 3.96952],
			"to": [9.76896, 15.30264, 4.49592],
			"rotation": {"angle": -22.5, "axis": "y", "origin": [6.03104, 14.85944, 7.5484]},
			"faces": {
				"north": {"uv": [16, 1, 15.75, 1.25], "texture": "#16"},
				"east": {"uv": [15.75, 1, 16, 2.25], "rotation": 90, "texture": "#16"},
				"south": {"uv": [15.75, 2, 16, 2.25], "texture": "#16"},
				"west": {"uv": [15.75, 1, 16, 2.25], "rotation": 270, "texture": "#16"},
				"up": {"uv": [15.75, 1, 16, 2.25], "texture": "#16"},
				"down": {"uv": [15.75, 2.25, 16, 1], "texture": "#16"}
			}
		},
		{
			"name": "block",
			"from": [3.03104, 15.19736, 4.18008],
			"to": [3.13632, 15.30264, 4.70648],
			"rotation": {"angle": -22.5, "axis": "y", "origin": [6.03104, 14.85944, 7.5484]},
			"faces": {
				"north": {"uv": [0.25, 1.5, 0, 1.75], "texture": "#16"},
				"east": {"uv": [0, 1.5, 0.25, 2.75], "rotation": 90, "texture": "#16"},
				"south": {"uv": [0, 2.5, 0.25, 2.75], "texture": "#16"},
				"west": {"uv": [0, 1.5, 0.25, 2.75], "rotation": 270, "texture": "#16"},
				"up": {"uv": [0, 1.5, 0.25, 2.75], "texture": "#16"},
				"down": {"uv": [0, 2.75, 0.25, 1.5], "texture": "#16"}
			}
		},
		{
			"name": "block",
			"from": [9.66368, 15.19736, 4.81176],
			"to": [9.76896, 15.30264, 5.654],
			"rotation": {"angle": -22.5, "axis": "y", "origin": [6.03104, 14.85944, 7.5484]},
			"faces": {
				"north": {"uv": [16, 3, 15.75, 3.25], "texture": "#16"},
				"east": {"uv": [15.75, 3, 16, 5], "rotation": 90, "texture": "#16"},
				"south": {"uv": [15.75, 4.75, 16, 5], "texture": "#16"},
				"west": {"uv": [15.75, 3, 16, 5], "rotation": 270, "texture": "#16"},
				"up": {"uv": [15.75, 3, 16, 5], "texture": "#16"},
				"down": {"uv": [15.75, 5, 16, 3], "texture": "#16"}
			}
		},
		{
			"name": "block",
			"from": [3.13632, 15.19736, 5.33816],
			"to": [3.2416, 15.30264, 7.97016],
			"rotation": {"angle": -22.5, "axis": "y", "origin": [6.03104, 14.85944, 7.5484]},
			"faces": {
				"north": {"uv": [0.5, 4.25, 0.25, 4.5], "texture": "#16"},
				"east": {"uv": [0.25, 4.25, 0.5, 10.5], "rotation": 90, "texture": "#16"},
				"south": {"uv": [0.25, 10.25, 0.5, 10.5], "texture": "#16"},
				"west": {"uv": [0.25, 4.25, 0.5, 10.5], "rotation": 270, "texture": "#16"},
				"up": {"uv": [0.25, 4.25, 0.5, 10.5], "texture": "#16"},
				"down": {"uv": [0.25, 10.5, 0.5, 4.25], "texture": "#16"}
			}
		},
		{
			"name": "block",
			"from": [3.03104, 15.19736, 6.07512],
			"to": [3.13632, 15.30264, 6.49624],
			"rotation": {"angle": -22.5, "axis": "y", "origin": [6.03104, 14.85944, 7.5484]},
			"faces": {
				"north": {"uv": [0.25, 6, 0, 6.25], "texture": "#16"},
				"east": {"uv": [0, 6, 0.25, 7], "rotation": 90, "texture": "#16"},
				"south": {"uv": [0, 6.75, 0.25, 7], "texture": "#16"},
				"west": {"uv": [0, 6, 0.25, 7], "rotation": 270, "texture": "#16"},
				"up": {"uv": [0, 6, 0.25, 7], "texture": "#16"},
				"down": {"uv": [0, 7, 0.25, 6], "texture": "#16"}
			}
		},
		{
			"name": "block",
			"from": [9.66368, 15.19736, 6.07512],
			"to": [9.76896, 15.30264, 7.02264],
			"rotation": {"angle": -22.5, "axis": "y", "origin": [6.03104, 14.85944, 7.5484]},
			"faces": {
				"north": {"uv": [16, 6, 15.75, 6.25], "texture": "#16"},
				"east": {"uv": [15.75, 6, 16, 8.25], "rotation": 90, "texture": "#16"},
				"south": {"uv": [15.75, 8, 16, 8.25], "texture": "#16"},
				"west": {"uv": [15.75, 6, 16, 8.25], "rotation": 270, "texture": "#16"},
				"up": {"uv": [15.75, 6, 16, 8.25], "texture": "#16"},
				"down": {"uv": [15.75, 8.25, 16, 6], "texture": "#16"}
			}
		},
		{
			"name": "block",
			"from": [9.66368, 15.19736, 7.2332],
			"to": [9.76896, 15.30264, 7.65432],
			"rotation": {"angle": -22.5, "axis": "y", "origin": [6.03104, 14.85944, 7.5484]},
			"faces": {
				"north": {"uv": [16, 8.75, 15.75, 9], "texture": "#16"},
				"east": {"uv": [15.75, 8.75, 16, 9.75], "rotation": 90, "texture": "#16"},
				"south": {"uv": [15.75, 9.5, 16, 9.75], "texture": "#16"},
				"west": {"uv": [15.75, 8.75, 16, 9.75], "rotation": 270, "texture": "#16"},
				"up": {"uv": [15.75, 8.75, 16, 9.75], "texture": "#16"},
				"down": {"uv": [15.75, 9.75, 16, 8.75], "texture": "#16"}
			}
		},
		{
			"name": "block",
			"from": [3.03104, 15.19736, 7.54904],
			"to": [3.13632, 15.30264, 7.86488],
			"rotation": {"angle": -22.5, "axis": "y", "origin": [6.03104, 14.85944, 7.5484]},
			"faces": {
				"north": {"uv": [0.25, 9.5, 0, 9.75], "texture": "#16"},
				"east": {"uv": [0, 9.5, 0.25, 10.25], "rotation": 90, "texture": "#16"},
				"south": {"uv": [0, 10, 0.25, 10.25], "texture": "#16"},
				"west": {"uv": [0, 9.5, 0.25, 10.25], "rotation": 270, "texture": "#16"},
				"up": {"uv": [0, 9.5, 0.25, 10.25], "texture": "#16"},
				"down": {"uv": [0, 10.25, 0.25, 9.5], "texture": "#16"}
			}
		},
		{
			"name": "block",
			"from": [9.66368, 15.19736, 7.86488],
			"to": [9.76896, 15.30264, 8.91768],
			"rotation": {"angle": -22.5, "axis": "y", "origin": [6.03104, 14.85944, 7.5484]},
			"faces": {
				"north": {"uv": [16, 10.25, 15.75, 10.5], "texture": "#16"},
				"east": {"uv": [15.75, 10.25, 16, 12.75], "rotation": 90, "texture": "#16"},
				"south": {"uv": [15.75, 12.5, 16, 12.75], "texture": "#16"},
				"west": {"uv": [15.75, 10.25, 16, 12.75], "rotation": 270, "texture": "#16"},
				"up": {"uv": [15.75, 10.25, 16, 12.75], "texture": "#16"},
				"down": {"uv": [15.75, 12.75, 16, 10.25], "texture": "#16"}
			}
		},
		{
			"name": "block",
			"from": [3.13632, 15.19736, 8.07544],
			"to": [3.2416, 15.30264, 10.18104],
			"rotation": {"angle": -22.5, "axis": "y", "origin": [6.03104, 14.85944, 7.5484]},
			"faces": {
				"north": {"uv": [0.5, 10.75, 0.25, 11], "texture": "#16"},
				"east": {"uv": [0.25, 10.75, 0.5, 15.75], "rotation": 90, "texture": "#16"},
				"south": {"uv": [0.25, 15.5, 0.5, 15.75], "texture": "#16"},
				"west": {"uv": [0.25, 10.75, 0.5, 15.75], "rotation": 270, "texture": "#16"},
				"up": {"uv": [0.25, 10.75, 0.5, 15.75], "texture": "#16"},
				"down": {"uv": [0.25, 15.75, 0.5, 10.75], "texture": "#16"}
			}
		},
		{
			"name": "block",
			"from": [3.03104, 15.19736, 8.18072],
			"to": [3.13632, 15.30264, 9.44408],
			"rotation": {"angle": -22.5, "axis": "y", "origin": [6.03104, 14.85944, 7.5484]},
			"faces": {
				"north": {"uv": [0.25, 11, 0, 11.25], "texture": "#16"},
				"east": {"uv": [0, 11, 0.25, 14], "rotation": 90, "texture": "#16"},
				"south": {"uv": [0, 13.75, 0.25, 14], "texture": "#16"},
				"west": {"uv": [0, 11, 0.25, 14], "rotation": 270, "texture": "#16"},
				"up": {"uv": [0, 11, 0.25, 14], "texture": "#16"},
				"down": {"uv": [0, 14, 0.25, 11], "texture": "#16"}
			}
		},
		{
			"name": "block",
			"from": [9.66368, 15.19736, 9.54936],
			"to": [9.76896, 15.30264, 10.18104],
			"rotation": {"angle": -22.5, "axis": "y", "origin": [6.03104, 14.85944, 7.5484]},
			"faces": {
				"north": {"uv": [16, 14.25, 15.75, 14.5], "texture": "#16"},
				"east": {"uv": [15.75, 14.25, 16, 15.75], "rotation": 90, "texture": "#16"},
				"south": {"uv": [15.75, 15.5, 16, 15.75], "texture": "#16"},
				"west": {"uv": [15.75, 14.25, 16, 15.75], "rotation": 270, "texture": "#16"},
				"up": {"uv": [15.75, 14.25, 16, 15.75], "texture": "#16"},
				"down": {"uv": [15.75, 15.75, 16, 14.25], "texture": "#16"}
			}
		},
		{
			"name": "block",
			"from": [3.03104, 15.19736, 9.65464],
			"to": [3.13632, 15.30264, 10.07576],
			"rotation": {"angle": -22.5, "axis": "y", "origin": [6.03104, 14.85944, 7.5484]},
			"faces": {
				"north": {"uv": [0.25, 14.5, 0, 14.75], "texture": "#16"},
				"east": {"uv": [0, 14.5, 0.25, 15.5], "rotation": 90, "texture": "#16"},
				"south": {"uv": [0, 15.25, 0.25, 15.5], "texture": "#16"},
				"west": {"uv": [0, 14.5, 0.25, 15.5], "rotation": 270, "texture": "#16"},
				"up": {"uv": [0, 14.5, 0.25, 15.5], "texture": "#16"},
				"down": {"uv": [0, 15.5, 0.25, 14.5], "texture": "#16"}
			}
		},
		{
			"name": "block",
			"from": [3.2416, 15.19736, 10.07576],
			"to": [3.66272, 15.30264, 10.18104],
			"rotation": {"angle": -22.5, "axis": "y", "origin": [6.03104, 14.85944, 7.5484]},
			"faces": {
				"north": {"uv": [1.5, 15.5, 0.5, 15.75], "texture": "#16"},
				"east": {"uv": [1.25, 15.5, 1.5, 15.75], "rotation": 90, "texture": "#16"},
				"south": {"uv": [0.5, 15.5, 1.5, 15.75], "texture": "#16"},
				"west": {"uv": [0.5, 15.5, 0.75, 15.75], "rotation": 270, "texture": "#16"},
				"up": {"uv": [0.5, 15.5, 1.5, 15.75], "texture": "#16"},
				"down": {"uv": [0.5, 15.75, 1.5, 15.5], "texture": "#16"}
			}
		},
		{
			"name": "block",
			"from": [3.97856, 15.19736, 10.07576],
			"to": [4.18912, 15.30264, 10.18104],
			"rotation": {"angle": -22.5, "axis": "y", "origin": [6.03104, 14.85944, 7.5484]},
			"faces": {
				"north": {"uv": [2.75, 15.5, 2.25, 15.75], "texture": "#16"},
				"east": {"uv": [2.5, 15.5, 2.75, 15.75], "rotation": 90, "texture": "#16"},
				"south": {"uv": [2.25, 15.5, 2.75, 15.75], "texture": "#16"},
				"west": {"uv": [2.25, 15.5, 2.5, 15.75], "rotation": 270, "texture": "#16"},
				"up": {"uv": [2.25, 15.5, 2.75, 15.75], "texture": "#16"},
				"down": {"uv": [2.25, 15.75, 2.75, 15.5], "texture": "#16"}
			}
		},
		{
			"name": "block",
			"from": [4.8208, 15.19736, 10.07576],
			"to": [5.03136, 15.30264, 10.18104],
			"rotation": {"angle": -22.5, "axis": "y", "origin": [6.03104, 14.85944, 7.5484]},
			"faces": {
				"north": {"uv": [4.75, 15.5, 4.25, 15.75], "texture": "#16"},
				"east": {"uv": [4.5, 15.5, 4.75, 15.75], "rotation": 90, "texture": "#16"},
				"south": {"uv": [4.25, 15.5, 4.75, 15.75], "texture": "#16"},
				"west": {"uv": [4.25, 15.5, 4.5, 15.75], "rotation": 270, "texture": "#16"},
				"up": {"uv": [4.25, 15.5, 4.75, 15.75], "texture": "#16"},
				"down": {"uv": [4.25, 15.75, 4.75, 15.5], "texture": "#16"}
			}
		},
		{
			"name": "block",
			"from": [5.3472, 15.19736, 10.07576],
			"to": [5.76832, 15.30264, 10.18104],
			"rotation": {"angle": -22.5, "axis": "y", "origin": [6.03104, 14.85944, 7.5484]},
			"faces": {
				"north": {"uv": [6.5, 15.5, 5.5, 15.75], "texture": "#16"},
				"east": {"uv": [6.25, 15.5, 6.5, 15.75], "rotation": 90, "texture": "#16"},
				"south": {"uv": [5.5, 15.5, 6.5, 15.75], "texture": "#16"},
				"west": {"uv": [5.5, 15.5, 5.75, 15.75], "rotation": 270, "texture": "#16"},
				"up": {"uv": [5.5, 15.5, 6.5, 15.75], "texture": "#16"},
				"down": {"uv": [5.5, 15.75, 6.5, 15.5], "texture": "#16"}
			}
		},
		{
			"name": "block",
			"from": [7.03168, 15.19736, 10.18104],
			"to": [7.34752, 15.30264, 10.28632],
			"rotation": {"angle": -22.5, "axis": "y", "origin": [6.03104, 14.85944, 7.5484]},
			"faces": {
				"north": {"uv": [10.25, 15.75, 9.5, 16], "texture": "#16"},
				"east": {"uv": [10, 15.75, 10.25, 16], "rotation": 90, "texture": "#16"},
				"south": {"uv": [9.5, 15.75, 10.25, 16], "texture": "#16"},
				"west": {"uv": [9.5, 15.75, 9.75, 16], "rotation": 270, "texture": "#16"},
				"up": {"uv": [9.5, 15.75, 10.25, 16], "texture": "#16"},
				"down": {"uv": [9.5, 16, 10.25, 15.75], "texture": "#16"}
			}
		},
		{
			"name": "block",
			"from": [7.4528, 15.19736, 10.18104],
			"to": [8.82144, 15.30264, 10.28632],
			"rotation": {"angle": -22.5, "axis": "y", "origin": [6.03104, 14.85944, 7.5484]},
			"faces": {
				"north": {"uv": [13.75, 15.75, 10.5, 16], "texture": "#16"},
				"east": {"uv": [13.5, 15.75, 13.75, 16], "rotation": 90, "texture": "#16"},
				"south": {"uv": [10.5, 15.75, 13.75, 16], "texture": "#16"},
				"west": {"uv": [10.5, 15.75, 10.75, 16], "rotation": 270, "texture": "#16"},
				"up": {"uv": [10.5, 15.75, 13.75, 16], "texture": "#16"},
				"down": {"uv": [10.5, 16, 13.75, 15.75], "texture": "#16"}
			}
		},
		{
			"name": "block",
			"from": [9.24256, 15.19736, 10.18104],
			"to": [9.5584, 15.30264, 10.28632],
			"rotation": {"angle": -22.5, "axis": "y", "origin": [6.03104, 14.85944, 7.5484]},
			"faces": {
				"north": {"uv": [15.5, 15.75, 14.75, 16], "texture": "#16"},
				"east": {"uv": [15.25, 15.75, 15.5, 16], "rotation": 90, "texture": "#16"},
				"south": {"uv": [14.75, 15.75, 15.5, 16], "texture": "#16"},
				"west": {"uv": [14.75, 15.75, 15, 16], "rotation": 270, "texture": "#16"},
				"up": {"uv": [14.75, 15.75, 15.5, 16], "texture": "#16"},
				"down": {"uv": [14.75, 16, 15.5, 15.75], "texture": "#16"}
			}
		}
	],
	"display": {
		"thirdperson_righthand": {
			"rotation": [75, 45, 0],
			"translation": [0, 2.5, 0],
			"scale": [0.375, 0.375, 0.375]
		},
		"thirdperson_lefthand": {
			"rotation": [75, 45, 0],
			"translation": [0, 2.5, 0],
			"scale": [0.375, 0.375, 0.375]
		},
		"firstperson_righthand": {
			"rotation": [0, 45, 0],
			"scale": [0.4, 0.4, 0.4]
		},
		"firstperson_lefthand": {
			"rotation": [0, 225, 0],
			"scale": [0.4, 0.4, 0.4]
		},
		"ground": {
			"translation": [0, 3, 0],
			"scale": [0.25, 0.25, 0.25]
		},
		"gui": {
			"rotation": [30, -135, 0],
			"translation": [0, -0.5, 0],
			"scale": [0.625, 0.625, 0.625]
		},
		"fixed": {
			"rotation": [-90, 0, 0],
			"translation": [0, 0, -7.25]
		}
	},
	"groups": [
		0,
		1,
		2,
		3,
		4,
		5,
		6,
		7,
		8,
		9,
		10,
		11,
		12,
		13,
		14,
		15,
		16,
		17,
		18,
		19,
		20,
		21,
		{
			"name": "shutter",
			"origin": [4, 7, 2.4],
			"color": 0,
			"children": [22, 23, 24, 25, 26, 27]
		},
		{
			"name": "shutter",
			"origin": [4, 7, 2.4],
			"color": 0,
			"children": [28, 29, 30, 31, 32, 33]
		},
		34,
		35,
		36,
		37,
		{
			"name": "vertical shutter",
			"origin": [0, 0, 5],
			"color": 0,
			"children": [
				38,
				{
					"name": "group",
					"origin": [1, 15, 7.5],
					"color": 0,
					"children": [39, 40, 41, 42, 43, 44, 45, 46, 47, 48, 49, 50, 51, 52, 53]
				}
			]
		},
		{
			"name": "cobweb",
			"origin": [11, 1, 13],
			"color": 0,
			"children": []
		},
		{
			"name": "cobweb",
			"origin": [11, 1, 13],
			"color": 0,
			"children": []
		},
		{
			"name": "cobweb",
			"origin": [11, 1, 13],
			"color": 0,
			"children": []
		},
		{
			"name": "cobweb",
			"origin": [3.725, 10, 13.25],
			"color": 0,
			"children": []
		},
		{
			"name": "spyglass",
			"origin": [5.575, 11.15, 7.15],
			"color": 0,
			"children": [54]
		},
		{
			"name": "candle",
			"origin": [10, 16, 15.5],
			"color": 0,
			"children": [55, 56, 57, 58, 59]
		},
		{
			"name": "candle",
			"origin": [10, 16, 15.5],
			"color": 0,
			"children": [60, 61, 62, 63, 64]
		},
		{
			"name": "candle",
			"origin": [10, 16, 15.5],
			"color": 0,
			"children": [65, 66, 67, 68, 69]
		},
		{
			"name": "candle",
			"origin": [10, 16, 15.5],
			"color": 0,
			"children": [70, 71, 72, 73, 74]
		},
		{
			"name": "candle",
			"origin": [10, 16, 15.5],
			"color": 0,
			"children": [75, 76, 77, 78, 79]
		},
		{
			"name": "candle",
			"origin": [10, 16, 15.5],
			"color": 0,
			"children": [80, 81, 82, 83, 84]
		},
		85,
		86,
		87,
		88,
		89,
		{
			"name": "ink pot",
			"origin": [3, 15, 11],
			"color": 0,
			"children": [90, 91]
		},
		{
			"name": "Feather",
			"origin": [-8, 12, 0],
			"color": 0,
			"children": [92, 93, 94, 95, 96, 97, 98, 99, 100, 101, 102, 103, 104, 105]
		},
		{
			"name": "Map",
			"origin": [8, 8, 8],
			"color": 0,
			"children": [106, 107, 108, 109, 110, 111, 112, 113, 114, 115, 116, 117, 118, 119, 120, 121, 122, 123, 124, 125, 126, 127, 128, 129, 130, 131, 132, 133, 134, 135, 136, 137, 138, 139, 140, 141, 142, 143]
		}
	]
}