{
	"credit": "Made with Blockbench",
	"parent": "block/block",
	"texture_size": [32, 32],
	"textures": {
		"3": "block/spruce_log",
		"4": "block/spruce_log_top",
		"5": "block/chipped_anvil_top",
		"7": "block/anvil",
		"particle": "block/spruce_log"
	},
	"elements": [
		{
			"name": "Anvil top",
			"from": [3, 12, 0],
			"to": [13, 16, 2],
			"faces": {
				"north": {"uv": [3, 0, 13, 4], "texture": "#7"},
				"east": {"uv": [15, 14, 10, 16], "rotation": 270, "texture": "#7"},
				"south": {"uv": [3, 0, 13, 4], "texture": "#7"},
				"west": {"uv": [10, 14, 15, 16], "rotation": 90, "texture": "#7"},
				"up": {"uv": [3, 14, 13, 16], "rotation": 180, "texture": "#7"},
				"down": {"uv": [3, 12, 13, 16], "rotation": 180, "texture": "#7"}
			}
		},
		{
			"name": "Anvil top",
			"from": [3, 12, 2],
			"to": [13, 16, 16],
			"faces": {
				"north": {"uv": [3, 0, 13, 4], "texture": "#7"},
				"east": {"uv": [14, 0, 10, 16], "rotation": 270, "texture": "#7"},
				"south": {"uv": [3, 0, 13, 4], "texture": "#7"},
				"west": {"uv": [10, 0, 14, 16], "rotation": 90, "texture": "#7"},
				"down": {"uv": [3, 0, 13, 16], "rotation": 180, "texture": "#7"}
			}
		},
		{
			"name": "Anvil top",
			"from": [3, 16, 2],
			"to": [13, 16, 16],
			"faces": {
				"north": {"uv": [3, 0, 13, 4], "texture": "#5"},
				"east": {"uv": [14, 0, 10, 16], "rotation": 270, "texture": "#5"},
				"south": {"uv": [3, 0, 13, 4], "texture": "#5"},
				"west": {"uv": [10, 0, 14, 16], "rotation": 90, "texture": "#5"},
				"up": {"uv": [3, 0, 13, 16], "rotation": 180, "texture": "#5"},
				"down": {"uv": [3, 0, 13, 16], "rotation": 180, "texture": "#5"}
			}
		},
		{
			"name": "Anvil top",
			"from": [5, 20, 11],
			"to": [11, 23, 14],
			"rotation": {"angle": 22.5, "axis": "x", "origin": [0, 8, -5]},
			"faces": {
				"north": {"uv": [3, 0, 13, 4], "texture": "#5"},
				"east": {"uv": [13, 14, 10, 16], "rotation": 270, "texture": "#5"},
				"south": {"uv": [3, 0, 13, 4], "texture": "#5"},
				"west": {"uv": [10, 14, 13, 16], "rotation": 90, "texture": "#5"},
				"up": {"uv": [3, 0, 13, 2], "rotation": 180, "texture": "#5"},
				"down": {"uv": [3, 15, 13, 16], "rotation": 180, "texture": "#5"}
			}
		},
		{
			"name": "Anvil top",
			"from": [5, 21, 14],
			"to": [11, 23, 16],
			"rotation": {"angle": 22.5, "axis": "x", "origin": [0, 8, -5]},
			"faces": {
				"north": {"uv": [3, 0, 13, 4], "texture": "#5"},
				"east": {"uv": [12, 14, 10, 16], "rotation": 270, "texture": "#5"},
				"south": {"uv": [3, 0, 10, 3], "texture": "#5"},
				"west": {"uv": [10, 14, 12, 16], "rotation": 90, "texture": "#5"},
				"up": {"uv": [3, 0, 13, 2], "rotation": 180, "texture": "#5"},
				"down": {"uv": [3, 15, 13, 16], "rotation": 180, "texture": "#5"}
			}
		},
		{
			"name": "Anvil top",
			"from": [3.025, 14.2, 4.175],
			"to": [13, 17.2, 6.175],
			"rotation": {"angle": -22.5, "axis": "x", "origin": [0, 1.2, 6.175]},
			"faces": {
				"north": {"uv": [3, 13, 10, 16], "texture": "#5"},
				"east": {"uv": [7, 14, 3, 16], "rotation": 270, "texture": "#5"},
				"south": {"uv": [3, 12, 13, 16], "texture": "#5"},
				"west": {"uv": [3, 14, 7, 16], "rotation": 90, "texture": "#5"},
				"up": {"uv": [3, 16, 10, 14], "rotation": 180, "texture": "#5"},
				"down": {"uv": [3, 14, 9, 16], "rotation": 180, "texture": "#5"}
			}
		},
		{
			"from": [6, 8, 4],
			"to": [10, 11, 12],
			"faces": {
				"north": {"uv": [5, 5, 9, 7], "texture": "#7"},
				"east": {"uv": [5, 5, 13, 7], "texture": "#7"},
				"south": {"uv": [5, 5, 9, 7], "texture": "#7"},
				"west": {"uv": [5, 5, 13, 7], "texture": "#7"},
				"up": {"uv": [5, 5, 9, 13], "texture": "#7"},
				"down": {"uv": [5, 5, 9, 13], "texture": "#7"}
			}
		},
		{
			"from": [5, 7, 3],
			"to": [11, 9, 13],
			"rotation": {"angle": 0, "axis": "x", "origin": [0, 1, 0]},
			"faces": {
				"north": {"uv": [5, 5, 11, 7], "texture": "#7"},
				"east": {"uv": [5, 5, 15, 7], "texture": "#7"},
				"south": {"uv": [5, 5, 11, 7], "texture": "#7"},
				"west": {"uv": [5, 5, 15, 7], "texture": "#7"},
				"up": {"uv": [5, 5, 11, 15], "texture": "#7"},
				"down": {"uv": [5, 5, 11, 15], "texture": "#7"}
			}
		},
		{
			"from": [4, 6, 2],
			"to": [12, 8, 14],
			"faces": {
				"north": {"uv": [5, 5, 11, 7], "texture": "#7"},
				"east": {"uv": [5, 5, 15, 7], "texture": "#7"},
				"south": {"uv": [5, 5, 11, 7], "texture": "#7"},
				"west": {"uv": [5, 5, 15, 7], "texture": "#7"},
				"up": {"uv": [5, 5, 11, 15], "texture": "#7"},
				"down": {"uv": [5, 5, 11, 15], "texture": "#7"}
			}
		},
		{
			"from": [5, 11, 2],
			"to": [11, 12, 14],
			"faces": {
				"north": {"uv": [0, 0, 6, 2], "texture": "#7"},
				"east": {"uv": [0, 0, 12, 2], "texture": "#7"},
				"south": {"uv": [0, 0, 6, 2], "texture": "#7"},
				"west": {"uv": [0, 0, 12, 2], "texture": "#7"},
				"up": {"uv": [0, 0, 6, 12], "texture": "#7"},
				"down": {"uv": [0, 0, 6, 12], "texture": "#7"}
			}
		},
		{
			"from": [1, 0, 1],
			"to": [15, 6, 15],
			"faces": {
				"north": {"uv": [0, 0, 16, 6], "texture": "#3"},
				"east": {"uv": [0, 0, 16, 6], "texture": "#3"},
				"south": {"uv": [0, 0, 16, 6], "texture": "#3"},
				"west": {"uv": [0, 0, 16, 6], "texture": "#3"}
			}
		},
		{
			"from": [1, 6, 1],
			"to": [15, 6, 15],
			"faces": {
				"north": {"uv": [0, 0, 16, 6], "texture": "#4"},
				"east": {"uv": [0, 0, 16, 6], "texture": "#4"},
				"south": {"uv": [0, 0, 16, 6], "texture": "#4"},
				"west": {"uv": [0, 0, 16, 6], "texture": "#4"},
				"up": {"uv": [0, 0, 16, 16], "texture": "#4"},
				"down": {"uv": [0, 0, 16, 6], "texture": "#4"}
			}
		},
		{
			"from": [1, 0, 1],
			"to": [15, 0, 15],
			"rotation": {"angle": 0, "axis": "y", "origin": [0, -6, 0]},
			"faces": {
				"north": {"uv": [0, 0, 16, 6], "texture": "#4"},
				"east": {"uv": [0, 0, 16, 6], "texture": "#4"},
				"south": {"uv": [0, 0, 16, 6], "texture": "#4"},
				"west": {"uv": [0, 0, 16, 6], "texture": "#4"},
				"up": {"uv": [0, 0, 16, 16], "texture": "#4"},
				"down": {"uv": [0, 0, 16, 16], "texture": "#4"}
			}
		}
	],
	"display": {
		"fixed": {
			"rotation": [0, 90, 0],
			"scale": [0.5, 0.5, 0.5]
		}
	}
}