{
	"credit": "Made with Blockbench",
	"parent": "block/block",
	"textures": {
		"1": "block/stripped_oak_log",
		"2": "block/stripped_birch_log",
		"3": "block/stripped_spruce_log",
		"particle": "block/stripped_dark_oak_log"
	},
	"elements": [
		{
			"from": [0, 15, 0],
			"to": [1, 16, 16],
			"rotation": {"angle": 0, "axis": "y", "origin": [16, 14, 16]},
			"faces": {
				"north": {"uv": [0, 0, 1, 1], "texture": "#1"},
				"east": {"uv": [0, 0, 16, 1], "texture": "#1"},
				"south": {"uv": [0, 0, 1, 1], "texture": "#1"},
				"west": {"uv": [0, 0, 16, 1], "texture": "#1"},
				"up": {"uv": [1, 16, 0, 0], "texture": "#1"},
				"down": {"uv": [1, 16, 0, 0], "texture": "#1"}
			}
		},
		{
			"from": [0, 0, 0],
			"to": [16, 1, 16],
			"faces": {
				"north": {"uv": [0, 0, 16, 1], "texture": "#1"},
				"east": {"uv": [0, 0, 16, 1], "texture": "#1"},
				"south": {"uv": [0, 0, 16, 1], "texture": "#1"},
				"west": {"uv": [0, 0, 16, 1], "texture": "#1"},
				"up": {"uv": [0, 0, 16, 16], "texture": "#1"},
				"down": {"uv": [0, 0, 16, 16], "texture": "#1"}
			}
		},
		{
			"from": [1, 14, 1],
			"to": [15, 15, 15],
			"rotation": {"angle": 0, "axis": "y", "origin": [0, 14, 0]},
			"faces": {
				"north": {"uv": [0, 0, 14, 1], "texture": "#3"},
				"east": {"uv": [0, 0, 14, 1], "texture": "#3"},
				"south": {"uv": [0, 0, 14, 1], "texture": "#3"},
				"west": {"uv": [0, 0, 14, 1], "texture": "#3"},
				"up": {"uv": [0, 0, 14, 14], "texture": "#3"},
				"down": {"uv": [0, 0, 14, 14], "texture": "#3"}
			}
		},
		{
			"from": [14, 2, 0],
			"to": [16, 14, 2],
			"faces": {
				"north": {"uv": [0, 0, 2, 12], "texture": "#1"},
				"east": {"uv": [0, 0, 2, 12], "texture": "#1"},
				"south": {"uv": [0, 0, 2, 12], "texture": "#1"},
				"west": {"uv": [0, 0, 2, 12], "texture": "#1"},
				"up": {"uv": [0, 0, 2, 2], "texture": "#1"},
				"down": {"uv": [0, 0, 2, 2], "texture": "#1"}
			}
		},
		{
			"from": [0, 2, 0],
			"to": [2, 14, 2],
			"rotation": {"angle": 0, "axis": "y", "origin": [16, 0, 0]},
			"faces": {
				"north": {"uv": [2, 0, 4, 12], "texture": "#1"},
				"east": {"uv": [3, 0, 5, 12], "texture": "#1"},
				"south": {"uv": [2, 0, 4, 12], "texture": "#1"},
				"west": {"uv": [3, 0, 5, 12], "texture": "#1"},
				"up": {"uv": [2, 0, 4, 2], "texture": "#1"},
				"down": {"uv": [2, 0, 4, 2], "texture": "#1"}
			}
		},
		{
			"from": [0, 2, 14],
			"to": [2, 14, 16],
			"rotation": {"angle": 0, "axis": "y", "origin": [16, 0, 16]},
			"faces": {
				"north": {"uv": [0, 0, 2, 12], "texture": "#1"},
				"east": {"uv": [0, 0, 2, 12], "texture": "#1"},
				"south": {"uv": [0, 0, 2, 12], "texture": "#1"},
				"west": {"uv": [0, 0, 2, 12], "texture": "#1"},
				"up": {"uv": [2, 3, 4, 5], "texture": "#1"},
				"down": {"uv": [2, 3, 4, 5], "texture": "#1"}
			}
		},
		{
			"from": [14, 2, 14],
			"to": [16, 14, 16],
			"rotation": {"angle": 0, "axis": "y", "origin": [0, 0, 16]},
			"faces": {
				"north": {"uv": [2, 0, 4, 12], "texture": "#1"},
				"east": {"uv": [3, 0, 5, 12], "texture": "#1"},
				"south": {"uv": [2, 0, 4, 12], "texture": "#1"},
				"west": {"uv": [3, 0, 5, 12], "texture": "#1"},
				"up": {"uv": [0, 3, 2, 5], "texture": "#1"},
				"down": {"uv": [0, 3, 2, 5], "texture": "#1"}
			}
		},
		{
			"from": [2, 7, 0],
			"to": [14, 8, 14],
			"rotation": {"angle": 0, "axis": "y", "origin": [0, 6, 0]},
			"faces": {
				"north": {"uv": [0, 0, 12, 1], "texture": "#3"},
				"east": {"uv": [0, 0, 14, 1], "texture": "#3"},
				"south": {"uv": [0, 0, 12, 1], "texture": "#3"},
				"west": {"uv": [0, 0, 14, 1], "texture": "#3"},
				"up": {"uv": [0, 0, 12, 14], "texture": "#3"},
				"down": {"uv": [0, 0, 12, 14], "texture": "#3"}
			}
		},
		{
			"from": [14, 2, 2],
			"to": [15, 14.5, 14],
			"rotation": {"angle": 0, "axis": "y", "origin": [15, 2, 2]},
			"faces": {
				"north": {"uv": [0, 0, 1, 12.5], "texture": "#3"},
				"east": {"uv": [0, 0, 12, 12.5], "texture": "#3"},
				"south": {"uv": [0, 0, 1, 12.5], "texture": "#3"},
				"west": {"uv": [0, 0, 12, 12.5], "texture": "#3"},
				"up": {"uv": [0, 0, 1, 12], "texture": "#3"},
				"down": {"uv": [0, 0, 1, 12], "texture": "#3"}
			}
		},
		{
			"from": [14.5, 2, 2],
			"to": [15.5, 3, 14],
			"rotation": {"angle": 0, "axis": "y", "origin": [15, 2, 2]},
			"faces": {
				"north": {"uv": [0, 0, 1, 1], "texture": "#1"},
				"east": {"uv": [0, 2, 12, 3], "texture": "#1"},
				"south": {"uv": [0, 0, 1, 1], "texture": "#1"},
				"west": {"uv": [0, 0, 12, 1], "texture": "#1"},
				"up": {"uv": [0, 0, 1, 12], "texture": "#1"},
				"down": {"uv": [0, 0, 1, 12], "texture": "#1"}
			}
		},
		{
			"from": [14.5, 6, 2],
			"to": [15.5, 7.1, 14],
			"rotation": {"angle": 0, "axis": "y", "origin": [15, 2, 2]},
			"faces": {
				"north": {"uv": [1, 0, 2, 1.1], "texture": "#1"},
				"east": {"uv": [3, 2, 15, 3.1], "texture": "#1"},
				"south": {"uv": [1, 0, 2, 1.1], "texture": "#1"},
				"west": {"uv": [3, 0, 15, 1.1], "texture": "#1"},
				"up": {"uv": [0, 3, 1, 15], "texture": "#1"},
				"down": {"uv": [0, 3, 1, 15], "texture": "#1"}
			}
		},
		{
			"from": [14.5, 9.1, 3],
			"to": [15.5, 10.1, 13],
			"rotation": {"angle": 0, "axis": "y", "origin": [15, 2, 2]},
			"faces": {
				"north": {"uv": [0, 0, 1, 1], "texture": "#1"},
				"east": {"uv": [0, 5, 10, 6], "texture": "#1"},
				"south": {"uv": [0, 0, 1, 1], "texture": "#1"},
				"west": {"uv": [0, 0, 10, 1], "texture": "#1"},
				"up": {"uv": [0, 0, 1, 10], "texture": "#1"},
				"down": {"uv": [0, 0, 1, 10], "texture": "#1"}
			}
		},
		{
			"from": [14.5, 10.1, 4],
			"to": [15.5, 11.1, 12],
			"rotation": {"angle": 0, "axis": "y", "origin": [15, 2, 2]},
			"faces": {
				"north": {"uv": [0, 0, 1, 1], "texture": "#1"},
				"east": {"uv": [0, 5, 8, 6], "texture": "#1"},
				"south": {"uv": [0, 0, 1, 1], "texture": "#1"},
				"west": {"uv": [0, 0, 8, 1], "texture": "#1"},
				"up": {"uv": [0, 0, 1, 8], "texture": "#1"},
				"down": {"uv": [0, 0, 1, 8], "texture": "#1"}
			}
		},
		{
			"from": [14.5, 8.1, 4],
			"to": [15.5, 9.1, 12],
			"rotation": {"angle": 0, "axis": "y", "origin": [15, 2, 2]},
			"faces": {
				"north": {"uv": [0, 0, 1, 1], "texture": "#1"},
				"east": {"uv": [0, 5, 8, 6], "texture": "#1"},
				"south": {"uv": [0, 0, 1, 1], "texture": "#1"},
				"west": {"uv": [0, 0, 8, 1], "texture": "#1"},
				"up": {"uv": [0, 0, 1, 8], "texture": "#1"},
				"down": {"uv": [0, 0, 1, 8], "texture": "#1"}
			}
		},
		{
			"from": [14.5, 12.1, 2],
			"to": [15.5, 14.1, 14],
			"rotation": {"angle": 0, "axis": "y", "origin": [15, 2, 2]},
			"faces": {
				"north": {"uv": [0, 0, 1, 2], "texture": "#1"},
				"east": {"uv": [0, 2, 12, 4], "texture": "#1"},
				"south": {"uv": [0, 0, 1, 2], "texture": "#1"},
				"west": {"uv": [0, 0, 12, 2], "texture": "#1"},
				"up": {"uv": [0, 0, 1, 12], "texture": "#1"},
				"down": {"uv": [0, 0, 1, 12], "texture": "#1"}
			}
		},
		{
			"from": [14.5, 3, 7],
			"to": [15.5, 6, 9],
			"rotation": {"angle": 0, "axis": "y", "origin": [15, 2, 2]},
			"faces": {
				"north": {"uv": [1, 0, 2, 3], "texture": "#1"},
				"east": {"uv": [2, 5, 4, 8], "texture": "#1"},
				"south": {"uv": [1, 0, 2, 3], "texture": "#1"},
				"west": {"uv": [2, 0, 4, 3], "texture": "#1"},
				"up": {"uv": [0, 2, 1, 4], "texture": "#1"},
				"down": {"uv": [0, 2, 1, 4], "texture": "#1"}
			}
		},
		{
			"from": [14.5, 3, 4],
			"to": [15.5, 6, 6],
			"rotation": {"angle": 0, "axis": "y", "origin": [15, 2, 2]},
			"faces": {
				"north": {"uv": [1, 0, 2, 3], "texture": "#1"},
				"east": {"uv": [2, 5, 4, 8], "texture": "#1"},
				"south": {"uv": [1, 0, 2, 3], "texture": "#1"},
				"west": {"uv": [2, 0, 4, 3], "texture": "#1"},
				"up": {"uv": [0, 2, 1, 4], "texture": "#1"},
				"down": {"uv": [0, 2, 1, 4], "texture": "#1"}
			}
		},
		{
			"from": [14.5, 3, 10],
			"to": [15.5, 6, 12],
			"rotation": {"angle": 0, "axis": "y", "origin": [15, 2, 2]},
			"faces": {
				"north": {"uv": [1, 0, 2, 3], "texture": "#1"},
				"east": {"uv": [2, 5, 4, 8], "texture": "#1"},
				"south": {"uv": [1, 0, 2, 3], "texture": "#1"},
				"west": {"uv": [2, 0, 4, 3], "texture": "#1"},
				"up": {"uv": [0, 2, 1, 4], "texture": "#1"},
				"down": {"uv": [0, 2, 1, 4], "texture": "#1"}
			}
		},
		{
			"from": [14.5, 4, 12],
			"to": [15.5, 5, 13],
			"rotation": {"angle": 0, "axis": "y", "origin": [15, 2, 2]},
			"faces": {
				"north": {"uv": [1, 0, 2, 1], "texture": "#1"},
				"east": {"uv": [1, 5, 2, 6], "texture": "#1"},
				"south": {"uv": [1, 0, 2, 1], "texture": "#1"},
				"west": {"uv": [1, 0, 2, 1], "texture": "#1"},
				"up": {"uv": [0, 1, 1, 2], "texture": "#1"},
				"down": {"uv": [0, 1, 1, 2], "texture": "#1"}
			}
		},
		{
			"from": [14.5, 4, 3],
			"to": [15.5, 5, 4],
			"rotation": {"angle": 0, "axis": "y", "origin": [15, 2, 2]},
			"faces": {
				"north": {"uv": [1, 0, 2, 1], "texture": "#1"},
				"east": {"uv": [1, 5, 2, 6], "texture": "#1"},
				"south": {"uv": [1, 0, 2, 1], "texture": "#1"},
				"west": {"uv": [1, 0, 2, 1], "texture": "#1"},
				"up": {"uv": [0, 1, 1, 2], "texture": "#1"},
				"down": {"uv": [0, 1, 1, 2], "texture": "#1"}
			}
		},
		{
			"from": [0.5, 6, 2],
			"to": [1.5, 7.1, 14],
			"rotation": {"angle": 0, "axis": "y", "origin": [1, 2, 2]},
			"faces": {
				"north": {"uv": [2, 0, 1, 1.1], "texture": "#1"},
				"east": {"uv": [15, 0, 3, 1.1], "texture": "#1"},
				"south": {"uv": [2, 0, 1, 1.1], "texture": "#1"},
				"west": {"uv": [15, 7, 3, 8.1], "texture": "#1"},
				"up": {"uv": [1, 3, 0, 15], "texture": "#1"},
				"down": {"uv": [1, 3, 0, 15], "texture": "#1"}
			}
		},
		{
			"from": [0.5, 3, 4],
			"to": [1.5, 6, 6],
			"rotation": {"angle": 0, "axis": "y", "origin": [1, 2, 2]},
			"faces": {
				"north": {"uv": [2, 0, 1, 3], "texture": "#1"},
				"east": {"uv": [4, 0, 2, 3], "texture": "#1"},
				"south": {"uv": [2, 0, 1, 3], "texture": "#1"},
				"west": {"uv": [4, 5, 2, 8], "texture": "#1"},
				"up": {"uv": [1, 2, 0, 4], "texture": "#1"},
				"down": {"uv": [1, 2, 0, 4], "texture": "#1"}
			}
		},
		{
			"from": [0.5, 4, 3],
			"to": [1.5, 5, 4],
			"rotation": {"angle": 0, "axis": "y", "origin": [1, 2, 2]},
			"faces": {
				"north": {"uv": [2, 0, 1, 1], "texture": "#1"},
				"east": {"uv": [2, 0, 1, 1], "texture": "#1"},
				"south": {"uv": [2, 0, 1, 1], "texture": "#1"},
				"west": {"uv": [2, 5, 1, 6], "texture": "#1"},
				"up": {"uv": [1, 1, 0, 2], "texture": "#1"},
				"down": {"uv": [1, 1, 0, 2], "texture": "#1"}
			}
		},
		{
			"from": [0.5, 3, 7],
			"to": [1.5, 6, 9],
			"rotation": {"angle": 0, "axis": "y", "origin": [1, 2, 2]},
			"faces": {
				"north": {"uv": [2, 0, 1, 3], "texture": "#1"},
				"east": {"uv": [4, 0, 2, 3], "texture": "#1"},
				"south": {"uv": [2, 0, 1, 3], "texture": "#1"},
				"west": {"uv": [4, 5, 2, 8], "texture": "#1"},
				"up": {"uv": [1, 2, 0, 4], "texture": "#1"},
				"down": {"uv": [1, 2, 0, 4], "texture": "#1"}
			}
		},
		{
			"from": [0.5, 3, 10],
			"to": [1.5, 6, 12],
			"rotation": {"angle": 0, "axis": "y", "origin": [1, 2, 2]},
			"faces": {
				"north": {"uv": [2, 0, 1, 3], "texture": "#1"},
				"east": {"uv": [4, 0, 2, 3], "texture": "#1"},
				"south": {"uv": [2, 0, 1, 3], "texture": "#1"},
				"west": {"uv": [4, 5, 2, 8], "texture": "#1"},
				"up": {"uv": [1, 2, 0, 4], "texture": "#1"},
				"down": {"uv": [1, 2, 0, 4], "texture": "#1"}
			}
		},
		{
			"from": [0.5, 4, 12],
			"to": [1.5, 5, 13],
			"rotation": {"angle": 0, "axis": "y", "origin": [1, 2, 2]},
			"faces": {
				"north": {"uv": [2, 0, 1, 1], "texture": "#1"},
				"east": {"uv": [2, 0, 1, 1], "texture": "#1"},
				"south": {"uv": [2, 0, 1, 1], "texture": "#1"},
				"west": {"uv": [2, 5, 1, 6], "texture": "#1"},
				"up": {"uv": [1, 1, 0, 2], "texture": "#1"},
				"down": {"uv": [1, 1, 0, 2], "texture": "#1"}
			}
		},
		{
			"from": [0.5, 2, 2],
			"to": [1.5, 3, 14],
			"rotation": {"angle": 0, "axis": "y", "origin": [1, 2, 2]},
			"faces": {
				"north": {"uv": [1, 0, 0, 1], "texture": "#1"},
				"east": {"uv": [12, 0, 0, 1], "texture": "#1"},
				"south": {"uv": [1, 0, 0, 1], "texture": "#1"},
				"west": {"uv": [12, 2, 0, 3], "texture": "#1"},
				"up": {"uv": [1, 0, 0, 12], "texture": "#1"},
				"down": {"uv": [1, 0, 0, 12], "texture": "#1"}
			}
		},
		{
			"from": [0.5, 9.1, 3],
			"to": [1.5, 10.1, 13],
			"rotation": {"angle": 0, "axis": "y", "origin": [1, 2, 2]},
			"faces": {
				"north": {"uv": [1, 0, 0, 1], "texture": "#1"},
				"east": {"uv": [10, 0, 0, 1], "texture": "#1"},
				"south": {"uv": [1, 0, 0, 1], "texture": "#1"},
				"west": {"uv": [10, 5, 0, 6], "texture": "#1"},
				"up": {"uv": [1, 0, 0, 10], "texture": "#1"},
				"down": {"uv": [1, 0, 0, 10], "texture": "#1"}
			}
		},
		{
			"from": [0.5, 8.1, 4],
			"to": [1.5, 9.1, 12],
			"rotation": {"angle": 0, "axis": "y", "origin": [1, 2, 2]},
			"faces": {
				"north": {"uv": [1, 0, 0, 1], "texture": "#1"},
				"east": {"uv": [8, 0, 0, 1], "texture": "#1"},
				"south": {"uv": [1, 0, 0, 1], "texture": "#1"},
				"west": {"uv": [8, 5, 0, 6], "texture": "#1"},
				"up": {"uv": [1, 0, 0, 8], "texture": "#1"},
				"down": {"uv": [1, 0, 0, 8], "texture": "#1"}
			}
		},
		{
			"from": [0.5, 10.1, 4],
			"to": [1.5, 11.1, 12],
			"rotation": {"angle": 0, "axis": "y", "origin": [1, 2, 2]},
			"faces": {
				"north": {"uv": [1, 0, 0, 1], "texture": "#1"},
				"east": {"uv": [8, 0, 0, 1], "texture": "#1"},
				"south": {"uv": [1, 0, 0, 1], "texture": "#1"},
				"west": {"uv": [8, 5, 0, 6], "texture": "#1"},
				"up": {"uv": [1, 0, 0, 8], "texture": "#1"},
				"down": {"uv": [1, 0, 0, 8], "texture": "#1"}
			}
		},
		{
			"from": [0.5, 12.1, 2],
			"to": [1.5, 14.1, 14],
			"rotation": {"angle": 0, "axis": "y", "origin": [1, 2, 2]},
			"faces": {
				"north": {"uv": [1, 0, 0, 2], "texture": "#1"},
				"east": {"uv": [12, 0, 0, 2], "texture": "#1"},
				"south": {"uv": [1, 0, 0, 2], "texture": "#1"},
				"west": {"uv": [12, 2, 0, 4], "texture": "#1"},
				"up": {"uv": [1, 0, 0, 12], "texture": "#1"},
				"down": {"uv": [1, 0, 0, 12], "texture": "#1"}
			}
		},
		{
			"from": [1, 2, 2],
			"to": [2, 14.5, 14],
			"rotation": {"angle": 0, "axis": "y", "origin": [1, 2, 2]},
			"faces": {
				"north": {"uv": [1, 0, 0, 12.5], "texture": "#3"},
				"east": {"uv": [12, 0, 0, 12.5], "texture": "#3"},
				"south": {"uv": [1, 0, 0, 12.5], "texture": "#3"},
				"west": {"uv": [12, 0, 0, 12.5], "texture": "#3"},
				"up": {"uv": [1, 0, 0, 12], "texture": "#3"},
				"down": {"uv": [1, 0, 0, 12], "texture": "#3"}
			}
		},
		{
			"from": [2, 6, 14.5],
			"to": [14, 7.1, 15.5],
			"rotation": {"angle": 0, "axis": "x", "origin": [2, 2, 15]},
			"faces": {
				"north": {"uv": [4, 0, 16, 1.1], "texture": "#1"},
				"east": {"uv": [2, 0, 3, 1.1], "texture": "#1"},
				"south": {"uv": [4, 2, 16, 3.1], "texture": "#1"},
				"west": {"uv": [2, 0, 3, 1.1], "texture": "#1"},
				"up": {"uv": [1, 3, 2, 15], "rotation": 270, "texture": "#1"},
				"down": {"uv": [1, 3, 2, 15], "rotation": 90, "texture": "#1"}
			}
		},
		{
			"from": [4, 3, 14.5],
			"to": [6, 6, 15.5],
			"rotation": {"angle": 0, "axis": "x", "origin": [2, 2, 15]},
			"faces": {
				"north": {"uv": [4, 0, 6, 3], "texture": "#1"},
				"east": {"uv": [2, 0, 3, 3], "texture": "#1"},
				"south": {"uv": [4, 5, 6, 8], "texture": "#1"},
				"west": {"uv": [2, 0, 3, 3], "texture": "#1"},
				"up": {"uv": [1, 2, 2, 4], "rotation": 270, "texture": "#1"},
				"down": {"uv": [1, 2, 2, 4], "rotation": 90, "texture": "#1"}
			}
		},
		{
			"from": [3, 4, 14.5],
			"to": [4, 5, 15.5],
			"rotation": {"angle": 0, "axis": "x", "origin": [2, 2, 15]},
			"faces": {
				"north": {"uv": [2, 0, 3, 1], "texture": "#1"},
				"east": {"uv": [2, 0, 3, 1], "texture": "#1"},
				"south": {"uv": [2, 5, 3, 6], "texture": "#1"},
				"west": {"uv": [2, 0, 3, 1], "texture": "#1"},
				"up": {"uv": [1, 1, 2, 2], "rotation": 270, "texture": "#1"},
				"down": {"uv": [1, 1, 2, 2], "rotation": 90, "texture": "#1"}
			}
		},
		{
			"from": [7, 3, 14.5],
			"to": [9, 6, 15.5],
			"rotation": {"angle": 0, "axis": "x", "origin": [2, 2, 15]},
			"faces": {
				"north": {"uv": [4, 0, 6, 3], "texture": "#1"},
				"east": {"uv": [2, 0, 3, 3], "texture": "#1"},
				"south": {"uv": [4, 5, 6, 8], "texture": "#1"},
				"west": {"uv": [2, 0, 3, 3], "texture": "#1"},
				"up": {"uv": [1, 2, 2, 4], "rotation": 270, "texture": "#1"},
				"down": {"uv": [1, 2, 2, 4], "rotation": 90, "texture": "#1"}
			}
		},
		{
			"from": [10, 3, 14.5],
			"to": [12, 6, 15.5],
			"rotation": {"angle": 0, "axis": "x", "origin": [2, 2, 15]},
			"faces": {
				"north": {"uv": [4, 0, 6, 3], "texture": "#1"},
				"east": {"uv": [2, 0, 3, 3], "texture": "#1"},
				"south": {"uv": [4, 5, 6, 8], "texture": "#1"},
				"west": {"uv": [2, 0, 3, 3], "texture": "#1"},
				"up": {"uv": [1, 2, 2, 4], "rotation": 270, "texture": "#1"},
				"down": {"uv": [1, 2, 2, 4], "rotation": 90, "texture": "#1"}
			}
		},
		{
			"from": [12, 4, 14.5],
			"to": [13, 5, 15.5],
			"rotation": {"angle": 0, "axis": "x", "origin": [2, 2, 15]},
			"faces": {
				"north": {"uv": [2, 0, 3, 1], "texture": "#1"},
				"east": {"uv": [2, 0, 3, 1], "texture": "#1"},
				"south": {"uv": [2, 5, 3, 6], "texture": "#1"},
				"west": {"uv": [2, 0, 3, 1], "texture": "#1"},
				"up": {"uv": [1, 1, 2, 2], "rotation": 270, "texture": "#1"},
				"down": {"uv": [1, 1, 2, 2], "rotation": 90, "texture": "#1"}
			}
		},
		{
			"from": [2, 2, 14.5],
			"to": [14, 3, 15.5],
			"rotation": {"angle": 0, "axis": "x", "origin": [2, 2, 15]},
			"faces": {
				"north": {"uv": [4, 0, 16, 1], "texture": "#1"},
				"east": {"uv": [1, 0, 2, 1], "texture": "#1"},
				"south": {"uv": [4, 2, 16, 3], "texture": "#1"},
				"west": {"uv": [1, 0, 2, 1], "texture": "#1"},
				"up": {"uv": [1, 0, 2, 12], "rotation": 270, "texture": "#1"},
				"down": {"uv": [1, 0, 2, 12], "rotation": 90, "texture": "#1"}
			}
		},
		{
			"from": [3, 9.1, 14.5],
			"to": [13, 10.1, 15.5],
			"rotation": {"angle": 0, "axis": "x", "origin": [2, 2, 15]},
			"faces": {
				"north": {"uv": [6, 0, 16, 1], "texture": "#1"},
				"east": {"uv": [1, 0, 2, 1], "texture": "#1"},
				"south": {"uv": [6, 5, 16, 6], "texture": "#1"},
				"west": {"uv": [1, 0, 2, 1], "texture": "#1"},
				"up": {"uv": [1, 0, 2, 10], "rotation": 270, "texture": "#1"},
				"down": {"uv": [1, 0, 2, 10], "rotation": 90, "texture": "#1"}
			}
		},
		{
			"from": [4, 8.1, 14.5],
			"to": [12, 9.1, 15.5],
			"rotation": {"angle": 0, "axis": "x", "origin": [2, 2, 15]},
			"faces": {
				"north": {"uv": [8, 0, 16, 1], "texture": "#1"},
				"east": {"uv": [1, 0, 2, 1], "texture": "#1"},
				"south": {"uv": [8, 5, 16, 6], "texture": "#1"},
				"west": {"uv": [1, 0, 2, 1], "texture": "#1"},
				"up": {"uv": [1, 0, 2, 8], "rotation": 270, "texture": "#1"},
				"down": {"uv": [1, 0, 2, 8], "rotation": 90, "texture": "#1"}
			}
		},
		{
			"from": [4, 10.1, 14.5],
			"to": [12, 11.1, 15.5],
			"rotation": {"angle": 0, "axis": "x", "origin": [2, 2, 15]},
			"faces": {
				"north": {"uv": [8, 0, 16, 1], "texture": "#1"},
				"east": {"uv": [1, 0, 2, 1], "texture": "#1"},
				"south": {"uv": [8, 5, 16, 6], "texture": "#1"},
				"west": {"uv": [1, 0, 2, 1], "texture": "#1"},
				"up": {"uv": [1, 0, 2, 8], "rotation": 270, "texture": "#1"},
				"down": {"uv": [1, 0, 2, 8], "rotation": 90, "texture": "#1"}
			}
		},
		{
			"from": [2, 12.1, 14.5],
			"to": [14, 14.1, 15.5],
			"rotation": {"angle": 0, "axis": "x", "origin": [2, 2, 15]},
			"faces": {
				"north": {"uv": [4, 0, 16, 2], "texture": "#1"},
				"east": {"uv": [1, 0, 2, 2], "texture": "#1"},
				"south": {"uv": [4, 2, 16, 4], "texture": "#1"},
				"west": {"uv": [1, 0, 2, 2], "texture": "#1"},
				"up": {"uv": [1, 0, 2, 12], "rotation": 270, "texture": "#1"},
				"down": {"uv": [1, 0, 2, 12], "rotation": 90, "texture": "#1"}
			}
		},
		{
			"from": [2, 2, 6],
			"to": [14, 14.5, 15],
			"rotation": {"angle": 0, "axis": "x", "origin": [2, 2, 15]},
			"faces": {
				"north": {"uv": [4, 0, 16, 12.5], "texture": "#3"},
				"east": {"uv": [1, 0, 10, 12.5], "texture": "#3"},
				"south": {"uv": [4, 0, 16, 12.5], "texture": "#3"},
				"west": {"uv": [1, 0, 10, 12.5], "texture": "#3"},
				"up": {"uv": [1, 0, 10, 12], "rotation": 270, "texture": "#3"},
				"down": {"uv": [1, 0, 10, 12], "rotation": 90, "texture": "#3"}
			}
		},
		{
			"from": [15, 15, 0],
			"to": [16, 16, 16],
			"rotation": {"angle": 0, "axis": "y", "origin": [0, 14, 0]},
			"faces": {
				"north": {"uv": [0, 0, 1, 1], "texture": "#1"},
				"east": {"uv": [0, 0, 16, 1], "texture": "#1"},
				"south": {"uv": [0, 0, 1, 1], "texture": "#1"},
				"west": {"uv": [0, 0, 16, 1], "texture": "#1"},
				"up": {"uv": [0, 0, 1, 16], "texture": "#1"},
				"down": {"uv": [0, 0, 1, 16], "texture": "#1"}
			}
		},
		{
			"from": [1, 15, 15],
			"to": [15, 16, 16],
			"rotation": {"angle": 0, "axis": "y", "origin": [0, 14, 0]},
			"faces": {
				"north": {"uv": [0, 0, 14, 1], "texture": "#1"},
				"east": {"uv": [0, 0, 1, 1], "texture": "#1"},
				"south": {"uv": [0, 0, 14, 1], "texture": "#1"},
				"west": {"uv": [0, 0, 1, 1], "texture": "#1"},
				"up": {"uv": [0, 0, 14, 1], "texture": "#1"},
				"down": {"uv": [0, 0, 14, 1], "texture": "#1"}
			}
		},
		{
			"from": [1, 15, 0],
			"to": [15, 16, 1],
			"rotation": {"angle": 0, "axis": "y", "origin": [16, 14, 16]},
			"faces": {
				"north": {"uv": [0, 0, 14, 1], "texture": "#1"},
				"east": {"uv": [0, 0, 1, 1], "texture": "#1"},
				"south": {"uv": [0, 0, 14, 1], "texture": "#1"},
				"west": {"uv": [0, 0, 1, 1], "texture": "#1"},
				"up": {"uv": [1, 1, 15, 2], "texture": "#1"},
				"down": {"uv": [1, 1, 15, 2], "texture": "#1"}
			}
		},
		{
			"from": [11.5, 15, 11.5],
			"to": [14.5, 16, 14.5],
			"rotation": {"angle": 0, "axis": "y", "origin": [29, 14, 21]},
			"faces": {
				"north": {"uv": [0, 0, 3, 1], "texture": "#1"},
				"east": {"uv": [0, 0, 3, 1], "texture": "#1"},
				"south": {"uv": [0, 0, 3, 1], "texture": "#1"},
				"west": {"uv": [0, 0, 3, 1], "texture": "#1"},
				"up": {"uv": [4, 2, 7, 5], "texture": "#1"},
				"down": {"uv": [1, 0, 4, 3], "texture": "#1"}
			}
		},
		{
			"from": [10, 15, 10],
			"to": [11, 16, 15],
			"rotation": {"angle": 0, "axis": "y", "origin": [27, 14, 21]},
			"faces": {
				"north": {"uv": [0, 0, 1, 1], "texture": "#1"},
				"east": {"uv": [0, 0, 5, 1], "texture": "#1"},
				"south": {"uv": [0, 0, 1, 1], "texture": "#1"},
				"west": {"uv": [0, 0, 5, 1], "texture": "#1"},
				"up": {"uv": [4, 2, 5, 7], "texture": "#1"},
				"down": {"uv": [1, 0, 2, 5], "texture": "#1"}
			}
		},
		{
			"from": [11, 15, 10],
			"to": [15, 16, 11],
			"rotation": {"angle": 0, "axis": "y", "origin": [27, 14, 21]},
			"faces": {
				"north": {"uv": [0, 0, 4, 1], "texture": "#1"},
				"east": {"uv": [0, 0, 1, 1], "texture": "#1"},
				"south": {"uv": [0, 0, 4, 1], "texture": "#1"},
				"west": {"uv": [0, 0, 1, 1], "texture": "#1"},
				"up": {"uv": [4, 2, 8, 3], "texture": "#1"},
				"down": {"uv": [1, 0, 5, 1], "texture": "#1"}
			}
		},
		{
			"from": [1.5, 15, 11.5],
			"to": [4.5, 16, 14.5],
			"rotation": {"angle": 0, "axis": "y", "origin": [-13, 14, 21]},
			"faces": {
				"north": {"uv": [2, 0, 5, 1], "texture": "#1"},
				"east": {"uv": [2, 0, 5, 1], "texture": "#1"},
				"south": {"uv": [2, 0, 5, 1], "texture": "#1"},
				"west": {"uv": [2, 0, 5, 1], "texture": "#1"},
				"up": {"uv": [6, 2, 9, 5], "texture": "#1"},
				"down": {"uv": [3, 0, 6, 3], "texture": "#1"}
			}
		},
		{
			"from": [1, 15, 10],
			"to": [5, 16, 11],
			"rotation": {"angle": 0, "axis": "y", "origin": [-11, 14, 21]},
			"faces": {
				"north": {"uv": [3, 0, 7, 1], "texture": "#1"},
				"east": {"uv": [1, 0, 2, 1], "texture": "#1"},
				"south": {"uv": [3, 0, 7, 1], "texture": "#1"},
				"west": {"uv": [1, 0, 2, 1], "texture": "#1"},
				"up": {"uv": [7, 2, 11, 3], "texture": "#1"},
				"down": {"uv": [4, 0, 8, 1], "texture": "#1"}
			}
		},
		{
			"from": [5, 15, 10],
			"to": [6, 16, 15],
			"rotation": {"angle": 0, "axis": "y", "origin": [-11, 14, 21]},
			"faces": {
				"north": {"uv": [1, 0, 2, 1], "texture": "#1"},
				"east": {"uv": [4, 0, 9, 1], "texture": "#1"},
				"south": {"uv": [1, 0, 2, 1], "texture": "#1"},
				"west": {"uv": [4, 0, 9, 1], "texture": "#1"},
				"up": {"uv": [5, 2, 6, 7], "texture": "#1"},
				"down": {"uv": [2, 0, 3, 5], "texture": "#1"}
			}
		},
		{
			"from": [11, 15, 5],
			"to": [15, 16, 6],
			"rotation": {"angle": 0, "axis": "y", "origin": [27, 14, -5]},
			"faces": {
				"north": {"uv": [3, 0, 7, 1], "texture": "#1"},
				"east": {"uv": [1, 0, 2, 1], "texture": "#1"},
				"south": {"uv": [3, 0, 7, 1], "texture": "#1"},
				"west": {"uv": [1, 0, 2, 1], "texture": "#1"},
				"up": {"uv": [4, 3, 8, 4], "texture": "#1"},
				"down": {"uv": [1, 1, 5, 2], "texture": "#1"}
			}
		},
		{
			"from": [10, 15, 1],
			"to": [11, 16, 6],
			"rotation": {"angle": 0, "axis": "y", "origin": [27, 14, -5]},
			"faces": {
				"north": {"uv": [1, 0, 2, 1], "texture": "#1"},
				"east": {"uv": [4, 0, 9, 1], "texture": "#1"},
				"south": {"uv": [1, 0, 2, 1], "texture": "#1"},
				"west": {"uv": [4, 0, 9, 1], "texture": "#1"},
				"up": {"uv": [4, 6, 5, 11], "texture": "#1"},
				"down": {"uv": [1, 4, 2, 9], "texture": "#1"}
			}
		},
		{
			"from": [11.5, 15, 1.5],
			"to": [14.5, 16, 4.5],
			"rotation": {"angle": 0, "axis": "y", "origin": [29, 14, -5]},
			"faces": {
				"north": {"uv": [2, 0, 5, 1], "texture": "#1"},
				"east": {"uv": [2, 0, 5, 1], "texture": "#1"},
				"south": {"uv": [2, 0, 5, 1], "texture": "#1"},
				"west": {"uv": [2, 0, 5, 1], "texture": "#1"},
				"up": {"uv": [4, 4, 7, 7], "texture": "#1"},
				"down": {"uv": [1, 2, 4, 5], "texture": "#1"}
			}
		},
		{
			"from": [1.5, 15, 1.5],
			"to": [4.5, 16, 4.5],
			"rotation": {"angle": 0, "axis": "y", "origin": [-13, 14, -5]},
			"faces": {
				"north": {"uv": [0, 0, 3, 1], "texture": "#1"},
				"east": {"uv": [0, 0, 3, 1], "texture": "#1"},
				"south": {"uv": [0, 0, 3, 1], "texture": "#1"},
				"west": {"uv": [0, 0, 3, 1], "texture": "#1"},
				"up": {"uv": [6, 4, 9, 7], "texture": "#1"},
				"down": {"uv": [3, 2, 6, 5], "texture": "#1"}
			}
		},
		{
			"from": [1, 15, 5],
			"to": [5, 16, 6],
			"rotation": {"angle": 0, "axis": "y", "origin": [-11, 14, -5]},
			"faces": {
				"north": {"uv": [0, 0, 4, 1], "texture": "#1"},
				"east": {"uv": [0, 0, 1, 1], "texture": "#1"},
				"south": {"uv": [0, 0, 4, 1], "texture": "#1"},
				"west": {"uv": [0, 0, 1, 1], "texture": "#1"},
				"up": {"uv": [7, 3, 11, 4], "texture": "#1"},
				"down": {"uv": [4, 1, 8, 2], "texture": "#1"}
			}
		},
		{
			"from": [5, 15, 1],
			"to": [6, 16, 6],
			"rotation": {"angle": 0, "axis": "y", "origin": [-11, 14, -5]},
			"faces": {
				"north": {"uv": [0, 0, 1, 1], "texture": "#1"},
				"east": {"uv": [0, 0, 5, 1], "texture": "#1"},
				"south": {"uv": [0, 0, 1, 1], "texture": "#1"},
				"west": {"uv": [0, 0, 5, 1], "texture": "#1"},
				"up": {"uv": [5, 6, 6, 11], "texture": "#1"},
				"down": {"uv": [2, 4, 3, 9], "texture": "#1"}
			}
		},
		{
			"from": [10, 15, 6],
			"to": [11, 16, 10],
			"rotation": {"angle": 0, "axis": "y", "origin": [-6, 14, 0]},
			"faces": {
				"north": {"uv": [0, 0, 1, 1], "texture": "#1"},
				"east": {"uv": [0, 0, 4, 1], "texture": "#1"},
				"south": {"uv": [0, 0, 1, 1], "texture": "#1"},
				"west": {"uv": [0, 0, 4, 1], "texture": "#1"},
				"up": {"uv": [5, 6, 6, 10], "texture": "#1"},
				"down": {"uv": [2, 4, 3, 8], "texture": "#1"}
			}
		},
		{
			"from": [6, 15, 10],
			"to": [10, 16, 11],
			"rotation": {"angle": 0, "axis": "y", "origin": [-6, 14, 0]},
			"faces": {
				"north": {"uv": [0, 0, 4, 1], "texture": "#1"},
				"east": {"uv": [0, 0, 1, 1], "texture": "#1"},
				"south": {"uv": [0, 0, 4, 1], "texture": "#1"},
				"west": {"uv": [0, 0, 1, 1], "texture": "#1"},
				"up": {"uv": [7, 3, 11, 4], "texture": "#1"},
				"down": {"uv": [4, 1, 8, 2], "texture": "#1"}
			}
		},
		{
			"from": [6.5, 15, 6.5],
			"to": [9.5, 16, 9.5],
			"rotation": {"angle": 0, "axis": "y", "origin": [-8, 14, 0]},
			"faces": {
				"north": {"uv": [0, 0, 3, 1], "texture": "#1"},
				"east": {"uv": [0, 0, 3, 1], "texture": "#1"},
				"south": {"uv": [0, 0, 3, 1], "texture": "#1"},
				"west": {"uv": [0, 0, 3, 1], "texture": "#1"},
				"up": {"uv": [6, 4, 9, 7], "texture": "#1"},
				"down": {"uv": [3, 2, 6, 5], "texture": "#1"}
			}
		},
		{
			"from": [5, 15, 6],
			"to": [6, 16, 10],
			"rotation": {"angle": 0, "axis": "y", "origin": [-11, 14, 0]},
			"faces": {
				"north": {"uv": [0, 0, 1, 1], "texture": "#1"},
				"east": {"uv": [0, 0, 4, 1], "texture": "#1"},
				"south": {"uv": [0, 0, 1, 1], "texture": "#1"},
				"west": {"uv": [0, 0, 4, 1], "texture": "#1"},
				"up": {"uv": [5, 6, 6, 10], "texture": "#1"},
				"down": {"uv": [2, 4, 3, 8], "texture": "#1"}
			}
		},
		{
			"from": [6, 15, 5],
			"to": [10, 16, 6],
			"rotation": {"angle": 0, "axis": "y", "origin": [-6, 14, -5]},
			"faces": {
				"north": {"uv": [0, 0, 4, 1], "texture": "#1"},
				"east": {"uv": [0, 0, 1, 1], "texture": "#1"},
				"south": {"uv": [0, 0, 4, 1], "texture": "#1"},
				"west": {"uv": [0, 0, 1, 1], "texture": "#1"},
				"up": {"uv": [7, 3, 11, 4], "texture": "#1"},
				"down": {"uv": [4, 1, 8, 2], "texture": "#1"}
			}
		},
		{
			"from": [11, 15, 6],
			"to": [15, 15.5, 10],
			"rotation": {"angle": 0, "axis": "y", "origin": [-6, 14, 0]},
			"faces": {
				"north": {"uv": [0, 0, 4, 0.5], "texture": "#2"},
				"east": {"uv": [0, 0, 4, 0.5], "texture": "#2"},
				"south": {"uv": [0, 0, 4, 0.5], "texture": "#2"},
				"west": {"uv": [0, 0, 4, 0.5], "texture": "#2"},
				"up": {"uv": [2, 4, 6, 8], "texture": "#2"},
				"down": {"uv": [2, 4, 6, 8], "texture": "#2"}
			}
		},
		{
			"from": [1, 15, 6],
			"to": [5, 15.5, 10],
			"rotation": {"angle": 0, "axis": "y", "origin": [-16, 14, 0]},
			"faces": {
				"north": {"uv": [0, 0, 4, 0.5], "texture": "#2"},
				"east": {"uv": [0, 0, 4, 0.5], "texture": "#2"},
				"south": {"uv": [0, 0, 4, 0.5], "texture": "#2"},
				"west": {"uv": [0, 0, 4, 0.5], "texture": "#2"},
				"up": {"uv": [2, 4, 6, 8], "texture": "#2"},
				"down": {"uv": [2, 4, 6, 8], "texture": "#2"}
			}
		},
		{
			"from": [6, 15, 11],
			"to": [10, 15.5, 15],
			"rotation": {"angle": 0, "axis": "y", "origin": [-11, 14, 5]},
			"faces": {
				"north": {"uv": [0, 0, 4, 0.5], "texture": "#2"},
				"east": {"uv": [0, 0, 4, 0.5], "texture": "#2"},
				"south": {"uv": [0, 0, 4, 0.5], "texture": "#2"},
				"west": {"uv": [0, 0, 4, 0.5], "texture": "#2"},
				"up": {"uv": [2, 4, 6, 8], "texture": "#2"},
				"down": {"uv": [2, 4, 6, 8], "texture": "#2"}
			}
		},
		{
			"from": [6, 15, 1],
			"to": [10, 15.5, 5],
			"rotation": {"angle": 0, "axis": "y", "origin": [-11, 14, -5]},
			"faces": {
				"north": {"uv": [0, 0, 4, 0.5], "texture": "#2"},
				"east": {"uv": [0, 0, 4, 0.5], "texture": "#2"},
				"south": {"uv": [0, 0, 4, 0.5], "texture": "#2"},
				"west": {"uv": [0, 0, 4, 0.5], "texture": "#2"},
				"up": {"uv": [2, 4, 6, 8], "texture": "#2"},
				"down": {"uv": [2, 4, 6, 8], "texture": "#2"}
			}
		},
		{
			"from": [0, 14, 0],
			"to": [16, 15, 1],
			"rotation": {"angle": 0, "axis": "y", "origin": [0, 14, 0]},
			"faces": {
				"north": {"uv": [0, 9, 16, 10], "texture": "#1"},
				"east": {"uv": [0, 0, 1, 1], "texture": "#1"},
				"south": {"uv": [0, 0, 16, 1], "texture": "#1"},
				"west": {"uv": [0, 0, 1, 1], "texture": "#1"},
				"up": {"uv": [0, 0, 16, 1], "texture": "#1"},
				"down": {"uv": [0, 0, 16, 1], "texture": "#1"}
			}
		},
		{
			"from": [0, 14, 1],
			"to": [1, 15, 16],
			"rotation": {"angle": 0, "axis": "y", "origin": [1, 14, 1]},
			"faces": {
				"north": {"uv": [0, 0, 1, 1], "texture": "#1"},
				"east": {"uv": [0, 0, 15, 1], "texture": "#1"},
				"south": {"uv": [0, 0, 1, 1], "texture": "#1"},
				"west": {"uv": [1, 4, 16, 5], "texture": "#1"},
				"up": {"uv": [0, 0, 15, 1], "rotation": 90, "texture": "#1"},
				"down": {"uv": [0, 0, 15, 1], "rotation": 270, "texture": "#1"}
			}
		},
		{
			"from": [1, 14, 15],
			"to": [16, 15, 16],
			"rotation": {"angle": 0, "axis": "y", "origin": [0, 14, 15]},
			"faces": {
				"north": {"uv": [0, 9, 16, 10], "texture": "#1"},
				"east": {"uv": [0, 0, 1, 1], "texture": "#1"},
				"south": {"uv": [1, 1, 16, 2], "texture": "#1"},
				"west": {"uv": [0, 0, 1, 1], "texture": "#1"},
				"up": {"uv": [0, 0, 16, 1], "texture": "#1"},
				"down": {"uv": [0, 0, 16, 1], "texture": "#1"}
			}
		},
		{
			"from": [15, 14, 1],
			"to": [16, 15, 15],
			"rotation": {"angle": 0, "axis": "y", "origin": [16, 14, 1]},
			"faces": {
				"north": {"uv": [0, 0, 1, 1], "texture": "#1"},
				"east": {"uv": [0, 0, 14, 1], "texture": "#1"},
				"south": {"uv": [0, 0, 1, 1], "texture": "#1"},
				"west": {"uv": [1, 4, 16, 5], "texture": "#1"},
				"up": {"uv": [0, 0, 15, 1], "rotation": 90, "texture": "#1"},
				"down": {"uv": [0, 0, 15, 1], "rotation": 270, "texture": "#1"}
			}
		},
		{
			"from": [14, 1, 0],
			"to": [16, 2, 16],
			"faces": {
				"north": {"uv": [0, 0, 2, 1], "texture": "#1"},
				"east": {"uv": [0, 0, 16, 1], "texture": "#1"},
				"south": {"uv": [0, 0, 2, 1], "texture": "#1"},
				"west": {"uv": [0, 0, 16, 1], "texture": "#1"},
				"up": {"uv": [0, 0, 2, 16], "texture": "#1"},
				"down": {"uv": [0, 0, 2, 16], "texture": "#1"}
			}
		},
		{
			"from": [0, 1, 0],
			"to": [2, 2, 16],
			"faces": {
				"north": {"uv": [0, 0, 2, 1], "texture": "#1"},
				"east": {"uv": [0, 0, 16, 1], "texture": "#1"},
				"south": {"uv": [0, 0, 2, 1], "texture": "#1"},
				"west": {"uv": [0, 0, 16, 1], "texture": "#1"},
				"up": {"uv": [0, 0, 2, 16], "texture": "#1"},
				"down": {"uv": [0, 0, 2, 16], "texture": "#1"}
			}
		},
		{
			"from": [2, 1, 14],
			"to": [14, 2, 16],
			"faces": {
				"north": {"uv": [0, 0, 12, 1], "texture": "#1"},
				"east": {"uv": [0, 0, 2, 1], "texture": "#1"},
				"south": {"uv": [0, 0, 12, 1], "texture": "#1"},
				"west": {"uv": [0, 0, 2, 1], "texture": "#1"},
				"up": {"uv": [0, 0, 12, 2], "texture": "#1"},
				"down": {"uv": [0, 0, 12, 2], "texture": "#1"}
			}
		},
		{
			"from": [2, 1, 2],
			"to": [14, 2, 15],
			"rotation": {"angle": 0, "axis": "y", "origin": [0, 1, 0]},
			"faces": {
				"north": {"uv": [0, 0, 12, 1], "texture": "#3"},
				"east": {"uv": [0, 0, 13, 1], "texture": "#3"},
				"south": {"uv": [0, 0, 12, 1], "texture": "#3"},
				"west": {"uv": [0, 0, 13, 1], "texture": "#3"},
				"up": {"uv": [0, 0, 12, 13], "texture": "#3"},
				"down": {"uv": [0, 0, 12, 13], "texture": "#3"}
			}
		},
		{
			"from": [2, 1, 0],
			"to": [14, 2, 2],
			"rotation": {"angle": 0, "axis": "y", "origin": [0, 0, -14]},
			"faces": {
				"north": {"uv": [3, 2, 15, 3], "texture": "#1"},
				"east": {"uv": [0, 0, 2, 1], "texture": "#1"},
				"south": {"uv": [0, 0, 12, 1], "texture": "#1"},
				"west": {"uv": [0, 0, 2, 1], "texture": "#1"},
				"up": {"uv": [0, 0, 12, 2], "texture": "#1"},
				"down": {"uv": [0, 0, 12, 2], "texture": "#1"}
			}
		},
		{
			"from": [2, 12, 0],
			"to": [3, 14, 1],
			"rotation": {"angle": 0, "axis": "y", "origin": [2, 12, 0]},
			"faces": {
				"north": {"uv": [0, 0, 1, 2], "texture": "#2"},
				"east": {"uv": [0, 0, 1, 2], "texture": "#2"},
				"south": {"uv": [0, 0, 1, 2], "texture": "#2"},
				"west": {"uv": [0, 0, 1, 2], "texture": "#2"},
				"up": {"uv": [0, 0, 1, 1], "texture": "#2"},
				"down": {"uv": [0, 0, 1, 1], "texture": "#2"}
			}
		},
		{
			"from": [3, 13, 0],
			"to": [4, 14, 1],
			"rotation": {"angle": 0, "axis": "y", "origin": [2, 12, 0]},
			"faces": {
				"north": {"uv": [0, 0, 1, 1], "texture": "#2"},
				"east": {"uv": [0, 0, 1, 1], "texture": "#2"},
				"south": {"uv": [0, 0, 1, 1], "texture": "#2"},
				"west": {"uv": [0, 0, 1, 1], "texture": "#2"},
				"up": {"uv": [0, 0, 1, 1], "texture": "#2"},
				"down": {"uv": [0, 0, 1, 1], "texture": "#2"}
			}
		},
		{
			"from": [12, 13, 0],
			"to": [13, 14, 1],
			"rotation": {"angle": 0, "axis": "y", "origin": [14, 12, 0]},
			"faces": {
				"north": {"uv": [1, 0, 0, 1], "texture": "#2"},
				"east": {"uv": [1, 0, 0, 1], "texture": "#2"},
				"south": {"uv": [1, 0, 0, 1], "texture": "#2"},
				"west": {"uv": [1, 0, 0, 1], "texture": "#2"},
				"up": {"uv": [1, 0, 0, 1], "texture": "#2"},
				"down": {"uv": [1, 0, 0, 1], "texture": "#2"}
			}
		},
		{
			"from": [13, 12, 0],
			"to": [14, 14, 1],
			"rotation": {"angle": 0, "axis": "y", "origin": [14, 12, 0]},
			"faces": {
				"north": {"uv": [1, 0, 0, 2], "texture": "#2"},
				"east": {"uv": [1, 0, 0, 2], "texture": "#2"},
				"south": {"uv": [1, 0, 0, 2], "texture": "#2"},
				"west": {"uv": [1, 0, 0, 2], "texture": "#2"},
				"up": {"uv": [1, 0, 0, 1], "texture": "#2"},
				"down": {"uv": [1, 0, 0, 1], "texture": "#2"}
			}
		},
		{
			"from": [2, 5, 0],
			"to": [3, 7, 1],
			"rotation": {"angle": 0, "axis": "y", "origin": [2, 5, 0]},
			"faces": {
				"north": {"uv": [0, 0, 1, 2], "texture": "#2"},
				"east": {"uv": [0, 0, 1, 2], "texture": "#2"},
				"south": {"uv": [0, 0, 1, 2], "texture": "#2"},
				"west": {"uv": [0, 0, 1, 2], "texture": "#2"},
				"up": {"uv": [0, 0, 1, 1], "texture": "#2"},
				"down": {"uv": [0, 0, 1, 1], "texture": "#2"}
			}
		},
		{
			"from": [3, 6, 0],
			"to": [4, 7, 1],
			"rotation": {"angle": 0, "axis": "y", "origin": [2, 5, 0]},
			"faces": {
				"north": {"uv": [0, 0, 1, 1], "texture": "#2"},
				"east": {"uv": [0, 0, 1, 1], "texture": "#2"},
				"south": {"uv": [0, 0, 1, 1], "texture": "#2"},
				"west": {"uv": [0, 0, 1, 1], "texture": "#2"},
				"up": {"uv": [0, 0, 1, 1], "texture": "#2"},
				"down": {"uv": [0, 0, 1, 1], "texture": "#2"}
			}
		},
		{
			"from": [12, 6, 0],
			"to": [13, 7, 1],
			"rotation": {"angle": 0, "axis": "y", "origin": [14, 5, 0]},
			"faces": {
				"north": {"uv": [1, 0, 2, 1], "texture": "#2"},
				"east": {"uv": [1, 0, 2, 1], "texture": "#2"},
				"south": {"uv": [1, 0, 2, 1], "texture": "#2"},
				"west": {"uv": [1, 0, 2, 1], "texture": "#2"},
				"up": {"uv": [1, 0, 2, 1], "texture": "#2"},
				"down": {"uv": [1, 0, 2, 1], "texture": "#2"}
			}
		},
		{
			"from": [13, 5, 0],
			"to": [14, 7, 1],
			"rotation": {"angle": 0, "axis": "y", "origin": [14, 5, 0]},
			"faces": {
				"north": {"uv": [1, 0, 2, 2], "texture": "#2"},
				"east": {"uv": [1, 0, 2, 2], "texture": "#2"},
				"south": {"uv": [1, 0, 2, 2], "texture": "#2"},
				"west": {"uv": [1, 0, 2, 2], "texture": "#2"},
				"up": {"uv": [1, 0, 2, 1], "texture": "#2"},
				"down": {"uv": [1, 0, 2, 1], "texture": "#2"}
			}
		}
	],
	"groups": [
		{
			"name": "group",
			"origin": [0, 0, -14],
			"color": 0,
			"children": [
				0,
				1,
				2,
				3,
				4,
				5,
				6,
				7,
				8,
				9,
				10,
				11,
				12,
				13,
				14,
				15,
				16,
				17,
				18,
				19,
				20,
				21,
				22,
				23,
				24,
				25,
				26,
				27,
				28,
				29,
				30,
				31,
				32,
				33,
				34,
				35,
				36,
				37,
				38,
				39,
				40,
				41,
				42,
				43,
				44,
				45,
				46,
				47,
				48,
				49,
				50,
				51,
				52,
				53,
				54,
				55,
				56,
				57,
				58,
				59,
				60,
				61,
				62,
				63,
				64,
				65,
				66,
				67,
				68,
				69,
				70,
				71,
				72,
				73,
				74,
				75,
				76
			]
		},
		77,
		78,
		79,
		80,
		81,
		82,
		83,
		84
	]
}