{
	"credit": "Made with Blockbench",
	"parent": "minecraft:block/template_chiseled_bookshelf_slot_bottom_right",
	"textures": {
		"4": "block/sandstone_top",
		"10": "block/orange_terracotta",
		"11": "block/bamboo_planks",
		"particle": "block/stripped_dark_oak_log"
	},
	"elements": [
		{
			"from": [2, 2, 1],
			"to": [3, 7.5, 6],
			"rotation": {"angle": 0, "axis": "y", "origin": [3.5, 2, 2]},
			"faces": {
				"north": {"uv": [0, 0, 1, 5.5], "texture": "#10"},
				"east": {"uv": [0, 0, 5, 5.5], "texture": "#10"},
				"south": {"uv": [0, 0, 1, 5.5], "texture": "#10"},
				"west": {"uv": [0, 0, 5, 5.5], "texture": "#10"},
				"up": {"uv": [0, 0, 1, 5], "texture": "#10"},
				"down": {"uv": [0, 0, 1, 5], "texture": "#10"}
			}
		},
		{
			"from": [3, 2, 1],
			"to": [4.5, 7.5, 2],
			"rotation": {"angle": 0, "axis": "y", "origin": [3.5, 2, 2]},
			"faces": {
				"north": {"uv": [0, 0, 1.5, 5.5], "texture": "#10"},
				"east": {"uv": [0, 0, 1, 5.5], "texture": "#10"},
				"south": {"uv": [0, 0, 1.5, 5.5], "texture": "#10"},
				"west": {"uv": [0, 0, 1, 5.5], "texture": "#10"},
				"up": {"uv": [0, 0, 1.5, 1], "texture": "#10"},
				"down": {"uv": [0, 0, 1.5, 1], "texture": "#10"}
			}
		},
		{
			"from": [4.5, 2, 1],
			"to": [5.5, 7.5, 6],
			"rotation": {"angle": 0, "axis": "y", "origin": [3.5, 2, 2]},
			"faces": {
				"north": {"uv": [0, 0, 1, 5.5], "texture": "#10"},
				"east": {"uv": [0, 0, 5, 5.5], "texture": "#10"},
				"south": {"uv": [0, 0, 1, 5.5], "texture": "#10"},
				"west": {"uv": [0, 0, 5, 5.5], "texture": "#10"},
				"up": {"uv": [0, 0, 1, 5], "texture": "#10"},
				"down": {"uv": [0, 0, 1, 5], "texture": "#10"}
			}
		},
		{
			"from": [2, 3.4, 0.9],
			"to": [5.5, 4.1, 1],
			"rotation": {"angle": 0, "axis": "y", "origin": [3.5, 2, 2]},
			"faces": {
				"north": {"uv": [1, 2, 4.5, 2.7], "texture": "#11"},
				"east": {"uv": [0, 0, 0.1, 0.7], "texture": "#11"},
				"south": {"uv": [0, 0, 3.5, 0.7], "texture": "#11"},
				"west": {"uv": [0, 0, 0.1, 0.7], "texture": "#11"},
				"up": {"uv": [0, 0, 3.5, 0.1], "texture": "#11"},
				"down": {"uv": [0, 0, 3.5, 0.1], "texture": "#11"}
			}
		},
		{
			"from": [1.9, 3.4, 0.9],
			"to": [2, 4.1, 6.1],
			"rotation": {"angle": 0, "axis": "y", "origin": [3.5, 2, 2]},
			"faces": {
				"north": {"uv": [0.1, 0, 0.2, 0.7], "texture": "#11"},
				"east": {"uv": [5.2, 0, 10.4, 0.7], "texture": "#11"},
				"south": {"uv": [0.1, 0, 0.2, 0.7], "texture": "#11"},
				"west": {"uv": [6.2, 2, 11.4, 2.7], "texture": "#11"},
				"up": {"uv": [0.1, 0, 0.2, 5.2], "texture": "#11"},
				"down": {"uv": [0.1, 0, 0.2, 5.2], "texture": "#11"}
			}
		},
		{
			"from": [5.5, 3.4, 0.9],
			"to": [5.6, 4.1, 6.1],
			"rotation": {"angle": 0, "axis": "y", "origin": [3.5, 2, 2]},
			"faces": {
				"north": {"uv": [0, 0, 0.1, 0.7], "texture": "#11"},
				"east": {"uv": [1, 2, 6.2, 2.7], "texture": "#11"},
				"south": {"uv": [0, 0, 0.1, 0.7], "texture": "#11"},
				"west": {"uv": [0, 0, 5.2, 0.7], "texture": "#11"},
				"up": {"uv": [0, 0, 0.1, 5.2], "texture": "#11"},
				"down": {"uv": [0, 0, 0.1, 5.2], "texture": "#11"}
			}
		},
		{
			"from": [2, 3.4, 5.9],
			"to": [3, 4.1, 6.1],
			"rotation": {"angle": 0, "axis": "y", "origin": [3.5, 2, 2]},
			"faces": {
				"north": {"uv": [1, 0, 2, 0.7], "texture": "#11"},
				"east": {"uv": [0.2, 0, 0.4, 0.7], "texture": "#11"},
				"south": {"uv": [1, 0, 2, 0.7], "texture": "#11"},
				"west": {"uv": [0.2, 0, 0.4, 0.7], "texture": "#11"},
				"up": {"uv": [1, 0, 2, 0.2], "texture": "#11"},
				"down": {"uv": [1, 0, 2, 0.2], "texture": "#11"}
			}
		},
		{
			"from": [4.5, 3.4, 5.9],
			"to": [5.5, 4.1, 6.1],
			"rotation": {"angle": 0, "axis": "y", "origin": [3.5, 2, 2]},
			"faces": {
				"north": {"uv": [0, 0, 1, 0.7], "texture": "#11"},
				"east": {"uv": [0, 0, 0.2, 0.7], "texture": "#11"},
				"south": {"uv": [0, 0, 1, 0.7], "texture": "#11"},
				"west": {"uv": [0, 0, 0.2, 0.7], "texture": "#11"},
				"up": {"uv": [0, 0, 1, 0.2], "texture": "#11"},
				"down": {"uv": [0, 0, 1, 0.2], "texture": "#11"}
			}
		},
		{
			"from": [3, 2.3, 2],
			"to": [4.5, 7.2, 5.8],
			"rotation": {"angle": 0, "axis": "y", "origin": [3.5, 2, 2]},
			"faces": {
				"north": {"uv": [0, 0, 1.5, 4.9], "texture": "#4"},
				"east": {"uv": [0, 0, 3.8, 4.9], "texture": "#4"},
				"south": {"uv": [4, 3, 5.5, 7.9], "texture": "#4"},
				"west": {"uv": [0, 0, 3.8, 4.9], "texture": "#4"},
				"up": {"uv": [5, 7, 6.5, 10.8], "texture": "#4"},
				"down": {"uv": [0, 0, 1.5, 3.8], "texture": "#4"}
			}
		}
	],
	"groups": [
		{
			"name": "Book",
			"origin": [3.5, 8, -11],
			"color": 0,
			"children": [0, 1, 2, 3, 4, 5, 6, 7, 8]
		}
	]
}