{
	"credit": "Made with Blockbench",
	"parent": "block/block",
	"textures": {
		"0": "block/spruce_log",
		"1": "block/spruce_log_top",
		"particle": "block/spruce_log"
	},
	"elements": [
		{
			"from": [-1, 0, 0],
			"to": [17, 2, 2],
			"faces": {
				"north": {"uv": [11, 0, 15, 16], "rotation": 90, "texture": "#0"},
				"south": {"uv": [11, 0, 15, 16], "rotation": 90, "texture": "#0"},
				"up": {"uv": [0, 0, 4, 16], "rotation": 90, "texture": "#0"},
				"down": {"uv": [0, 0, 4, 16], "rotation": 90, "texture": "#0"}
			}
		},
		{
			"from": [2, 2, 1],
			"to": [15, 4, 3],
			"rotation": {"angle": 0, "axis": "y", "origin": [0, 0, 1]},
			"faces": {
				"north": {"uv": [2, 0, 6, 16], "rotation": 90, "texture": "#0"},
				"east": {"uv": [2, 0, 6, 16], "rotation": 90, "texture": "#0"},
				"south": {"uv": [2, 0, 6, 16], "rotation": 90, "texture": "#0"},
				"west": {"uv": [2, 0, 6, 16], "rotation": 90, "texture": "#0"},
				"up": {"uv": [2, 0, 6, 16], "rotation": 90, "texture": "#0"},
				"down": {"uv": [2, 0, 6, 16], "rotation": 90, "texture": "#0"}
			}
		},
		{
			"from": [-1, 4, 0],
			"to": [17, 6, 2],
			"rotation": {"angle": 0, "axis": "y", "origin": [0, 4, 0]},
			"faces": {
				"north": {"uv": [6, 0, 10, 16], "rotation": 90, "texture": "#0"},
				"south": {"uv": [6, 0, 10, 16], "rotation": 90, "texture": "#0"},
				"up": {"uv": [4, 0, 8, 16], "rotation": 90, "texture": "#0"},
				"down": {"uv": [6, 0, 10, 16], "rotation": 90, "texture": "#0"}
			}
		},
		{
			"from": [2, 6, 1],
			"to": [15, 8, 3],
			"rotation": {"angle": 0, "axis": "y", "origin": [0, 4, 1]},
			"faces": {
				"north": {"uv": [9, 0, 13, 16], "rotation": 90, "texture": "#0"},
				"east": {"uv": [9, 0, 13, 16], "rotation": 90, "texture": "#0"},
				"south": {"uv": [9, 0, 13, 16], "rotation": 90, "texture": "#0"},
				"west": {"uv": [9, 0, 13, 16], "rotation": 90, "texture": "#0"},
				"up": {"uv": [9, 0, 13, 16], "rotation": 90, "texture": "#0"},
				"down": {"uv": [9, 0, 13, 16], "rotation": 90, "texture": "#0"}
			}
		},
		{
			"from": [-1, 12, 0],
			"to": [17, 14, 2],
			"rotation": {"angle": 0, "axis": "y", "origin": [0, 12, 0]},
			"faces": {
				"north": {"uv": [5, 0, 9, 16], "rotation": 90, "texture": "#0"},
				"south": {"uv": [5, 0, 9, 16], "rotation": 90, "texture": "#0"},
				"up": {"uv": [0, 0, 4, 16], "rotation": 270, "texture": "#0"},
				"down": {"uv": [5, 0, 9, 16], "rotation": 90, "texture": "#0"}
			}
		},
		{
			"from": [-1, 8, 0],
			"to": [17, 10, 2],
			"rotation": {"angle": 0, "axis": "y", "origin": [0, 8, 0]},
			"faces": {
				"north": {"uv": [9, 0, 13, 16], "rotation": 90, "texture": "#0"},
				"south": {"uv": [9, 0, 13, 16], "rotation": 90, "texture": "#0"},
				"up": {"uv": [0, 0, 4, 16], "rotation": 270, "texture": "#0"},
				"down": {"uv": [9, 0, 13, 16], "rotation": 90, "texture": "#0"}
			}
		},
		{
			"from": [17, 12, 0],
			"to": [17, 14, 2],
			"rotation": {"angle": 0, "axis": "y", "origin": [0, 12, 0]},
			"faces": {
				"north": {"uv": [0, 0, 0, 2], "texture": "#1"},
				"east": {"uv": [5, 5, 11, 11], "texture": "#1"},
				"south": {"uv": [0, 0, 0, 2], "texture": "#1"},
				"west": {"uv": [0, 0, 2, 2], "texture": "#1"},
				"up": {"uv": [0, 0, 0, 2], "texture": "#1"},
				"down": {"uv": [0, 0, 0, 2], "texture": "#1"}
			}
		},
		{
			"from": [17, 8, 0],
			"to": [17, 10, 2],
			"rotation": {"angle": 0, "axis": "y", "origin": [0, 8, 0]},
			"faces": {
				"north": {"uv": [0, 0, 0, 2], "texture": "#1"},
				"east": {"uv": [5, 5, 11, 11], "texture": "#1"},
				"south": {"uv": [0, 0, 0, 2], "texture": "#1"},
				"west": {"uv": [0, 0, 2, 2], "texture": "#1"},
				"up": {"uv": [0, 0, 0, 2], "texture": "#1"},
				"down": {"uv": [0, 0, 0, 2], "texture": "#1"}
			}
		},
		{
			"from": [17, 4, 0],
			"to": [17, 6, 2],
			"rotation": {"angle": 0, "axis": "y", "origin": [0, 4, 0]},
			"faces": {
				"north": {"uv": [0, 0, 0, 2], "texture": "#1"},
				"east": {"uv": [5, 5, 11, 11], "texture": "#1"},
				"south": {"uv": [0, 0, 0, 2], "texture": "#1"},
				"west": {"uv": [0, 0, 2, 2], "texture": "#1"},
				"up": {"uv": [0, 0, 0, 2], "texture": "#1"},
				"down": {"uv": [0, 0, 0, 2], "texture": "#1"}
			}
		},
		{
			"from": [17, 0, 0],
			"to": [17, 2, 2],
			"faces": {
				"north": {"uv": [0, 0, 0, 2], "texture": "#1"},
				"east": {"uv": [5, 5, 11, 11], "texture": "#1"},
				"south": {"uv": [0, 0, 0, 2], "texture": "#1"},
				"west": {"uv": [0, 0, 2, 2], "texture": "#1"},
				"up": {"uv": [0, 0, 0, 2], "texture": "#1"},
				"down": {"uv": [0, 0, 0, 2], "texture": "#1"}
			}
		},
		{
			"from": [-1, 0, 0],
			"to": [-1, 2, 2],
			"rotation": {"angle": 0, "axis": "y", "origin": [16, 0, 0]},
			"faces": {
				"north": {"uv": [0, 0, 0, 2], "texture": "#1"},
				"east": {"uv": [2, 0, 0, 2], "texture": "#1"},
				"south": {"uv": [0, 0, 0, 2], "texture": "#1"},
				"west": {"uv": [11, 5, 5, 11], "texture": "#1"},
				"up": {"uv": [0, 0, 0, 2], "texture": "#1"},
				"down": {"uv": [0, 0, 0, 2], "texture": "#1"}
			}
		},
		{
			"from": [-1, 4, 0],
			"to": [-1, 6, 2],
			"rotation": {"angle": 0, "axis": "y", "origin": [16, 4, 0]},
			"faces": {
				"north": {"uv": [0, 0, 0, 2], "texture": "#1"},
				"east": {"uv": [2, 0, 0, 2], "texture": "#1"},
				"south": {"uv": [0, 0, 0, 2], "texture": "#1"},
				"west": {"uv": [11, 5, 5, 11], "texture": "#1"},
				"up": {"uv": [0, 0, 0, 2], "texture": "#1"},
				"down": {"uv": [0, 0, 0, 2], "texture": "#1"}
			}
		},
		{
			"from": [-1, 8, 0],
			"to": [-1, 10, 2],
			"rotation": {"angle": 0, "axis": "y", "origin": [16, 8, 0]},
			"faces": {
				"north": {"uv": [0, 0, 0, 2], "texture": "#1"},
				"east": {"uv": [2, 0, 0, 2], "texture": "#1"},
				"south": {"uv": [0, 0, 0, 2], "texture": "#1"},
				"west": {"uv": [11, 5, 5, 11], "texture": "#1"},
				"up": {"uv": [0, 0, 0, 2], "texture": "#1"},
				"down": {"uv": [0, 0, 0, 2], "texture": "#1"}
			}
		},
		{
			"from": [-1, 12, 0],
			"to": [-1, 14, 2],
			"rotation": {"angle": 0, "axis": "y", "origin": [16, 12, 0]},
			"faces": {
				"north": {"uv": [0, 0, 0, 2], "texture": "#1"},
				"east": {"uv": [2, 0, 0, 2], "texture": "#1"},
				"south": {"uv": [0, 0, 0, 2], "texture": "#1"},
				"west": {"uv": [11, 5, 5, 11], "texture": "#1"},
				"up": {"uv": [0, 0, 0, 2], "texture": "#1"},
				"down": {"uv": [0, 0, 0, 2], "texture": "#1"}
			}
		},
		{
			"from": [0, 14, -1],
			"to": [2, 16, -1],
			"rotation": {"angle": 0, "axis": "y", "origin": [0, 14, 16]},
			"faces": {
				"north": {"uv": [5, 5, 11, 11], "texture": "#1"},
				"east": {"uv": [5, 5, 11, 11], "texture": "#1"},
				"south": {"uv": [5, 5, 11, 11], "texture": "#1"},
				"west": {"uv": [5, 5, 11, 11], "texture": "#1"},
				"up": {"uv": [5, 5, 11, 11], "texture": "#1"},
				"down": {"uv": [5, 5, 11, 11], "texture": "#1"}
			}
		},
		{
			"from": [0, 10, -1],
			"to": [2, 12, -1],
			"rotation": {"angle": 0, "axis": "y", "origin": [0, 10, 16]},
			"faces": {
				"north": {"uv": [5, 5, 11, 11], "texture": "#1"},
				"east": {"uv": [5, 5, 11, 11], "texture": "#1"},
				"south": {"uv": [5, 5, 11, 11], "texture": "#1"},
				"west": {"uv": [5, 5, 11, 11], "texture": "#1"},
				"up": {"uv": [5, 5, 11, 11], "texture": "#1"},
				"down": {"uv": [5, 5, 11, 11], "texture": "#1"}
			}
		},
		{
			"from": [0, 6, -1],
			"to": [2, 8, -1],
			"rotation": {"angle": 0, "axis": "y", "origin": [0, 6, 16]},
			"faces": {
				"north": {"uv": [5, 5, 11, 11], "texture": "#1"},
				"east": {"uv": [5, 5, 11, 11], "texture": "#1"},
				"south": {"uv": [5, 5, 11, 11], "texture": "#1"},
				"west": {"uv": [5, 5, 11, 11], "texture": "#1"},
				"up": {"uv": [5, 5, 11, 11], "texture": "#1"},
				"down": {"uv": [5, 5, 11, 11], "texture": "#1"}
			}
		},
		{
			"from": [0, 2, -1],
			"to": [2, 4, -1],
			"rotation": {"angle": 0, "axis": "y", "origin": [0, 2, 16]},
			"faces": {
				"north": {"uv": [5, 5, 11, 11], "texture": "#1"},
				"east": {"uv": [5, 5, 11, 11], "texture": "#1"},
				"south": {"uv": [5, 5, 11, 11], "texture": "#1"},
				"west": {"uv": [5, 5, 11, 11], "texture": "#1"},
				"up": {"uv": [5, 5, 11, 11], "texture": "#1"},
				"down": {"uv": [5, 5, 11, 11], "texture": "#1"}
			}
		},
		{
			"from": [0, 14, 16],
			"to": [2, 16, 16],
			"rotation": {"angle": 0, "axis": "y", "origin": [0, 14, 33]},
			"faces": {
				"north": {"uv": [0, 0, 2, 2], "texture": "#1"},
				"east": {"uv": [0, 0, 0, 2], "texture": "#1"},
				"south": {"uv": [5, 5, 11, 11], "texture": "#1"},
				"west": {"uv": [0, 0, 0, 2], "texture": "#1"},
				"up": {"uv": [0, 0, 0, 2], "rotation": 270, "texture": "#1"},
				"down": {"uv": [0, 0, 0, 2], "rotation": 90, "texture": "#1"}
			}
		},
		{
			"from": [0, 10, 16],
			"to": [2, 12, 16],
			"rotation": {"angle": 0, "axis": "y", "origin": [0, 10, 33]},
			"faces": {
				"north": {"uv": [0, 0, 2, 2], "texture": "#1"},
				"east": {"uv": [0, 0, 0, 2], "texture": "#1"},
				"south": {"uv": [5, 5, 11, 11], "texture": "#1"},
				"west": {"uv": [0, 0, 0, 2], "texture": "#1"},
				"up": {"uv": [0, 0, 0, 2], "rotation": 270, "texture": "#1"},
				"down": {"uv": [0, 0, 0, 2], "rotation": 90, "texture": "#1"}
			}
		},
		{
			"from": [0, 6, 16],
			"to": [2, 8, 16],
			"rotation": {"angle": 0, "axis": "y", "origin": [0, 6, 33]},
			"faces": {
				"north": {"uv": [0, 0, 2, 2], "texture": "#1"},
				"east": {"uv": [0, 0, 0, 2], "texture": "#1"},
				"south": {"uv": [5, 5, 11, 11], "texture": "#1"},
				"west": {"uv": [0, 0, 0, 2], "texture": "#1"},
				"up": {"uv": [0, 0, 0, 2], "rotation": 270, "texture": "#1"},
				"down": {"uv": [0, 0, 0, 2], "rotation": 90, "texture": "#1"}
			}
		},
		{
			"from": [0, 2, 16],
			"to": [2, 4, 16],
			"rotation": {"angle": 0, "axis": "y", "origin": [0, 2, 33]},
			"faces": {
				"north": {"uv": [0, 0, 2, 2], "texture": "#1"},
				"east": {"uv": [0, 0, 0, 2], "texture": "#1"},
				"south": {"uv": [5, 5, 11, 11], "texture": "#1"},
				"west": {"uv": [0, 0, 0, 2], "texture": "#1"},
				"up": {"uv": [0, 0, 0, 2], "rotation": 270, "texture": "#1"},
				"down": {"uv": [0, 0, 0, 2], "rotation": 90, "texture": "#1"}
			}
		},
		{
			"from": [-1, 12, 15],
			"to": [-1, 14, 17],
			"rotation": {"angle": 0, "axis": "y", "origin": [0, 12, 17]},
			"faces": {
				"north": {"uv": [0, 0, 0, 2], "texture": "#1"},
				"east": {"uv": [2, 0, 4, 2], "texture": "#1"},
				"south": {"uv": [0, 0, 0, 2], "texture": "#1"},
				"west": {"uv": [5, 5, 11, 11], "texture": "#1"},
				"up": {"uv": [0, 2, 0, 4], "texture": "#1"},
				"down": {"uv": [0, 2, 0, 4], "texture": "#1"}
			}
		},
		{
			"from": [-1, 8, 15],
			"to": [-1, 10, 17],
			"rotation": {"angle": 0, "axis": "y", "origin": [0, 8, 17]},
			"faces": {
				"north": {"uv": [0, 0, 0, 2], "texture": "#1"},
				"east": {"uv": [2, 0, 4, 2], "texture": "#1"},
				"south": {"uv": [0, 0, 0, 2], "texture": "#1"},
				"west": {"uv": [5, 5, 11, 11], "texture": "#1"},
				"up": {"uv": [0, 2, 0, 4], "texture": "#1"},
				"down": {"uv": [0, 2, 0, 4], "texture": "#1"}
			}
		},
		{
			"from": [-1, 4, 15],
			"to": [-1, 6, 17],
			"rotation": {"angle": 0, "axis": "y", "origin": [0, 4, 17]},
			"faces": {
				"north": {"uv": [0, 0, 0, 2], "texture": "#1"},
				"east": {"uv": [2, 0, 4, 2], "texture": "#1"},
				"south": {"uv": [0, 0, 0, 2], "texture": "#1"},
				"west": {"uv": [5, 5, 11, 11], "texture": "#1"},
				"up": {"uv": [0, 2, 0, 4], "texture": "#1"},
				"down": {"uv": [0, 2, 0, 4], "texture": "#1"}
			}
		},
		{
			"from": [-1, 0, 15],
			"to": [-1, 2, 17],
			"rotation": {"angle": 0, "axis": "y", "origin": [0, 0, 17]},
			"faces": {
				"north": {"uv": [0, 0, 0, 2], "texture": "#1"},
				"east": {"uv": [2, 0, 4, 2], "texture": "#1"},
				"south": {"uv": [0, 0, 0, 2], "texture": "#1"},
				"west": {"uv": [5, 5, 11, 11], "texture": "#1"},
				"up": {"uv": [0, 2, 0, 4], "texture": "#1"},
				"down": {"uv": [0, 2, 0, 4], "texture": "#1"}
			}
		},
		{
			"from": [17, 14, 14],
			"to": [17, 16, 16],
			"rotation": {"angle": 0, "axis": "y", "origin": [18, 14, 16]},
			"faces": {
				"north": {"uv": [0, 0, 0, 2], "texture": "#1"},
				"east": {"uv": [5, 5, 11, 11], "texture": "#1"},
				"south": {"uv": [0, 0, 0, 2], "texture": "#1"},
				"west": {"uv": [2, 0, 4, 2], "texture": "#1"},
				"up": {"uv": [0, 2, 0, 4], "texture": "#1"},
				"down": {"uv": [0, 2, 0, 4], "texture": "#1"}
			}
		},
		{
			"from": [17, 10, 14],
			"to": [17, 12, 16],
			"rotation": {"angle": 0, "axis": "y", "origin": [18, 10, 16]},
			"faces": {
				"north": {"uv": [0, 0, 0, 2], "texture": "#1"},
				"east": {"uv": [5, 5, 11, 11], "texture": "#1"},
				"south": {"uv": [0, 0, 0, 2], "texture": "#1"},
				"west": {"uv": [2, 0, 4, 2], "texture": "#1"},
				"up": {"uv": [0, 2, 0, 4], "texture": "#1"},
				"down": {"uv": [0, 2, 0, 4], "texture": "#1"}
			}
		},
		{
			"from": [17, 6, 14],
			"to": [17, 8, 16],
			"rotation": {"angle": 0, "axis": "y", "origin": [18, 6, 16]},
			"faces": {
				"north": {"uv": [0, 0, 0, 2], "texture": "#1"},
				"east": {"uv": [5, 5, 11, 11], "texture": "#1"},
				"south": {"uv": [0, 0, 0, 2], "texture": "#1"},
				"west": {"uv": [2, 0, 4, 2], "texture": "#1"},
				"up": {"uv": [0, 2, 0, 4], "texture": "#1"},
				"down": {"uv": [0, 2, 0, 4], "texture": "#1"}
			}
		},
		{
			"from": [17, 2, 14],
			"to": [17, 4, 16],
			"rotation": {"angle": 0, "axis": "y", "origin": [18, 2, 16]},
			"faces": {
				"north": {"uv": [0, 0, 0, 2], "texture": "#1"},
				"east": {"uv": [5, 5, 11, 11], "texture": "#1"},
				"south": {"uv": [0, 0, 0, 2], "texture": "#1"},
				"west": {"uv": [2, 0, 4, 2], "texture": "#1"},
				"up": {"uv": [0, 2, 0, 4], "texture": "#1"},
				"down": {"uv": [0, 2, 0, 4], "texture": "#1"}
			}
		},
		{
			"from": [14, 12, 17],
			"to": [16, 14, 17],
			"rotation": {"angle": 0, "axis": "y", "origin": [14, 12, 16]},
			"faces": {
				"north": {"uv": [0, 0, 2, 2], "texture": "#1"},
				"east": {"uv": [0, 0, 0, 2], "texture": "#1"},
				"south": {"uv": [5, 5, 11, 11], "texture": "#1"},
				"west": {"uv": [0, 0, 0, 2], "texture": "#1"},
				"up": {"uv": [0, 0, 0, 2], "rotation": 270, "texture": "#1"},
				"down": {"uv": [0, 0, 0, 2], "rotation": 90, "texture": "#1"}
			}
		},
		{
			"from": [14, 8, 17],
			"to": [16, 10, 17],
			"rotation": {"angle": 0, "axis": "y", "origin": [14, 8, 16]},
			"faces": {
				"north": {"uv": [0, 0, 2, 2], "texture": "#1"},
				"east": {"uv": [0, 0, 0, 2], "texture": "#1"},
				"south": {"uv": [5, 5, 11, 11], "texture": "#1"},
				"west": {"uv": [0, 0, 0, 2], "texture": "#1"},
				"up": {"uv": [0, 0, 0, 2], "rotation": 270, "texture": "#1"},
				"down": {"uv": [0, 0, 0, 2], "rotation": 90, "texture": "#1"}
			}
		},
		{
			"from": [14, 4, 17],
			"to": [16, 6, 17],
			"rotation": {"angle": 0, "axis": "y", "origin": [14, 4, 16]},
			"faces": {
				"north": {"uv": [0, 0, 2, 2], "texture": "#1"},
				"east": {"uv": [0, 0, 0, 2], "texture": "#1"},
				"south": {"uv": [5, 5, 11, 11], "texture": "#1"},
				"west": {"uv": [0, 0, 0, 2], "texture": "#1"},
				"up": {"uv": [0, 0, 0, 2], "rotation": 270, "texture": "#1"},
				"down": {"uv": [0, 0, 0, 2], "rotation": 90, "texture": "#1"}
			}
		},
		{
			"from": [14, 0, 17],
			"to": [16, 2, 17],
			"rotation": {"angle": 0, "axis": "y", "origin": [14, 0, 16]},
			"faces": {
				"north": {"uv": [0, 0, 2, 2], "texture": "#1"},
				"east": {"uv": [0, 0, 0, 2], "texture": "#1"},
				"south": {"uv": [5, 5, 11, 11], "texture": "#1"},
				"west": {"uv": [0, 0, 0, 2], "texture": "#1"},
				"up": {"uv": [0, 0, 0, 2], "rotation": 270, "texture": "#1"},
				"down": {"uv": [0, 0, 0, 2], "rotation": 90, "texture": "#1"}
			}
		},
		{
			"from": [15, 14, -1],
			"to": [17, 16, -1],
			"rotation": {"angle": 0, "axis": "y", "origin": [15, 14, -2]},
			"faces": {
				"north": {"uv": [5, 5, 11, 11], "texture": "#1"},
				"east": {"uv": [0, 0, 0, 2], "texture": "#1"},
				"south": {"uv": [0, 0, 2, 2], "texture": "#1"},
				"west": {"uv": [0, 0, 0, 2], "texture": "#1"},
				"up": {"uv": [0, 0, 0, 2], "rotation": 270, "texture": "#1"},
				"down": {"uv": [0, 0, 0, 2], "rotation": 90, "texture": "#1"}
			}
		},
		{
			"from": [15, 10, -1],
			"to": [17, 12, -1],
			"rotation": {"angle": 0, "axis": "y", "origin": [15, 10, -2]},
			"faces": {
				"north": {"uv": [5, 5, 11, 11], "texture": "#1"},
				"east": {"uv": [0, 0, 0, 2], "texture": "#1"},
				"south": {"uv": [0, 0, 2, 2], "texture": "#1"},
				"west": {"uv": [0, 0, 0, 2], "texture": "#1"},
				"up": {"uv": [0, 0, 0, 2], "rotation": 270, "texture": "#1"},
				"down": {"uv": [0, 0, 0, 2], "rotation": 90, "texture": "#1"}
			}
		},
		{
			"from": [15, 6, -1],
			"to": [17, 8, -1],
			"rotation": {"angle": 0, "axis": "y", "origin": [15, 6, -2]},
			"faces": {
				"north": {"uv": [5, 5, 11, 11], "texture": "#1"},
				"east": {"uv": [0, 0, 0, 2], "texture": "#1"},
				"south": {"uv": [0, 0, 2, 2], "texture": "#1"},
				"west": {"uv": [0, 0, 0, 2], "texture": "#1"},
				"up": {"uv": [0, 0, 0, 2], "rotation": 270, "texture": "#1"},
				"down": {"uv": [0, 0, 0, 2], "rotation": 90, "texture": "#1"}
			}
		},
		{
			"from": [15, 2, -1],
			"to": [17, 4, -1],
			"rotation": {"angle": 0, "axis": "y", "origin": [15, 2, -2]},
			"faces": {
				"north": {"uv": [5, 5, 11, 11], "texture": "#1"},
				"east": {"uv": [0, 0, 0, 2], "texture": "#1"},
				"south": {"uv": [0, 0, 2, 2], "texture": "#1"},
				"west": {"uv": [0, 0, 0, 2], "texture": "#1"},
				"up": {"uv": [0, 0, 0, 2], "rotation": 270, "texture": "#1"},
				"down": {"uv": [0, 0, 0, 2], "rotation": 90, "texture": "#1"}
			}
		},
		{
			"from": [2, 10, 1],
			"to": [15, 12, 3],
			"rotation": {"angle": 0, "axis": "y", "origin": [0, 8, 1]},
			"faces": {
				"north": {"uv": [12, 0, 16, 16], "rotation": 90, "texture": "#0"},
				"east": {"uv": [12, 0, 16, 16], "rotation": 90, "texture": "#0"},
				"south": {"uv": [12, 0, 16, 16], "rotation": 90, "texture": "#0"},
				"west": {"uv": [12, 0, 16, 16], "rotation": 90, "texture": "#0"},
				"up": {"uv": [12, 0, 16, 16], "rotation": 90, "texture": "#0"},
				"down": {"uv": [12, 0, 16, 16], "rotation": 90, "texture": "#0"}
			}
		},
		{
			"from": [2, 14, 0],
			"to": [15, 16, 2],
			"rotation": {"angle": 0, "axis": "y", "origin": [0, 12, 0]},
			"faces": {
				"north": {"uv": [0, 0, 4, 16], "rotation": 90, "texture": "#0"},
				"east": {"uv": [0, 0, 2, 2], "texture": "#0"},
				"south": {"uv": [0, 0, 4, 12], "rotation": 90, "texture": "#0"},
				"west": {"uv": [0, 0, 2, 2], "texture": "#0"},
				"up": {"uv": [0, 0, 4, 14], "rotation": 90, "texture": "#0"},
				"down": {"uv": [0, 0, 12, 2], "texture": "#0"}
			}
		},
		{
			"from": [0, 2, -1],
			"to": [2, 4, 16],
			"rotation": {"angle": 0, "axis": "y", "origin": [0, 2, 16]},
			"faces": {
				"east": {"uv": [9, 0, 13, 16], "rotation": 90, "texture": "#0"},
				"west": {"uv": [9, 0, 13, 16], "rotation": 90, "texture": "#0"},
				"up": {"uv": [0, 0, 4, 16], "texture": "#0"},
				"down": {"uv": [9, 0, 13, 16], "rotation": 90, "texture": "#0"}
			}
		},
		{
			"from": [1, 4, 2],
			"to": [3, 6, 15],
			"rotation": {"angle": 0, "axis": "y", "origin": [1, 2, 16]},
			"faces": {
				"north": {"uv": [4, 0, 8, 16], "rotation": 90, "texture": "#0"},
				"east": {"uv": [4, 0, 8, 16], "rotation": 90, "texture": "#0"},
				"south": {"uv": [4, 0, 8, 16], "rotation": 90, "texture": "#0"},
				"west": {"uv": [4, 0, 8, 16], "rotation": 90, "texture": "#0"},
				"up": {"uv": [4, 0, 8, 16], "rotation": 90, "texture": "#0"},
				"down": {"uv": [4, 0, 8, 16], "rotation": 90, "texture": "#0"}
			}
		},
		{
			"from": [0, 6, -1],
			"to": [2, 8, 16],
			"rotation": {"angle": 0, "axis": "y", "origin": [0, 6, 16]},
			"faces": {
				"east": {"uv": [9, 0, 13, 16], "rotation": 90, "texture": "#0"},
				"west": {"uv": [9, 0, 13, 16], "rotation": 90, "texture": "#0"},
				"up": {"uv": [12, 0, 16, 16], "rotation": 180, "texture": "#0"},
				"down": {"uv": [9, 0, 13, 16], "rotation": 90, "texture": "#0"}
			}
		},
		{
			"from": [1, 8, 2],
			"to": [3, 10, 15],
			"rotation": {"angle": 0, "axis": "y", "origin": [1, 6, 16]},
			"faces": {
				"north": {"uv": [6, 0, 10, 16], "rotation": 90, "texture": "#0"},
				"east": {"uv": [6, 0, 10, 16], "rotation": 90, "texture": "#0"},
				"south": {"uv": [6, 0, 10, 16], "rotation": 90, "texture": "#0"},
				"west": {"uv": [6, 0, 10, 16], "rotation": 90, "texture": "#0"},
				"up": {"uv": [6, 0, 10, 16], "rotation": 90, "texture": "#0"},
				"down": {"uv": [6, 0, 10, 16], "rotation": 90, "texture": "#0"}
			}
		},
		{
			"from": [0, 10, -1],
			"to": [2, 12, 16],
			"rotation": {"angle": 0, "axis": "y", "origin": [0, 10, 16]},
			"faces": {
				"east": {"uv": [12, 0, 16, 16], "rotation": 90, "texture": "#0"},
				"west": {"uv": [12, 0, 16, 16], "rotation": 90, "texture": "#0"},
				"up": {"uv": [0, 0, 5, 16], "rotation": 180, "texture": "#0"},
				"down": {"uv": [12, 0, 16, 16], "rotation": 90, "texture": "#0"}
			}
		},
		{
			"from": [0, 14, -1],
			"to": [2, 16, 16],
			"rotation": {"angle": 0, "axis": "y", "origin": [0, 14, 16]},
			"faces": {
				"east": {"uv": [0, 0, 4, 16], "rotation": 90, "texture": "#0"},
				"west": {"uv": [0, 0, 4, 16], "rotation": 90, "texture": "#0"},
				"up": {"uv": [0, 0, 5, 16], "texture": "#0"},
				"down": {"uv": [0, 0, 4, 16], "rotation": 90, "texture": "#0"}
			}
		},
		{
			"from": [1, 12, 2],
			"to": [3, 14, 15],
			"rotation": {"angle": 0, "axis": "y", "origin": [1, 10, 16]},
			"faces": {
				"north": {"uv": [2, 0, 6, 16], "rotation": 90, "texture": "#0"},
				"east": {"uv": [2, 0, 6, 16], "rotation": 90, "texture": "#0"},
				"south": {"uv": [2, 0, 6, 16], "rotation": 90, "texture": "#0"},
				"west": {"uv": [2, 0, 6, 16], "rotation": 90, "texture": "#0"},
				"up": {"uv": [2, 0, 6, 16], "rotation": 90, "texture": "#0"},
				"down": {"uv": [2, 0, 6, 16], "rotation": 90, "texture": "#0"}
			}
		},
		{
			"from": [0, 0, 2],
			"to": [2, 2, 15],
			"rotation": {"angle": 0, "axis": "y", "origin": [0, -2, 16]},
			"faces": {
				"north": {"uv": [3, 0, 7, 16], "rotation": 90, "texture": "#0"},
				"east": {"uv": [3, 0, 7, 16], "rotation": 90, "texture": "#0"},
				"south": {"uv": [3, 0, 7, 16], "rotation": 90, "texture": "#0"},
				"west": {"uv": [3, 0, 7, 16], "rotation": 90, "texture": "#0"},
				"up": {"uv": [3, 0, 7, 16], "rotation": 90, "texture": "#0"},
				"down": {"uv": [2, 0, 6, 16], "texture": "#0"}
			}
		},
		{
			"from": [-1, 12, 15],
			"to": [14, 14, 17],
			"rotation": {"angle": 0, "axis": "y", "origin": [0, 12, 17]},
			"faces": {
				"north": {"uv": [0, 0, 4, 15], "rotation": 90, "texture": "#0"},
				"east": {"uv": [0, 0, 4, 15], "rotation": 90, "texture": "#0"},
				"south": {"uv": [0, 0, 4, 15], "rotation": 90, "texture": "#0"},
				"up": {"uv": [0, 0, 4, 15], "rotation": 90, "texture": "#0"},
				"down": {"uv": [0, 0, 4, 15], "rotation": 90, "texture": "#0"}
			}
		},
		{
			"from": [-1, 8, 15],
			"to": [14, 10, 17],
			"rotation": {"angle": 0, "axis": "y", "origin": [0, 8, 17]},
			"faces": {
				"north": {"uv": [0, 0, 4, 15], "rotation": 90, "texture": "#0"},
				"east": {"uv": [0, 0, 4, 15], "rotation": 90, "texture": "#0"},
				"south": {"uv": [0, 0, 4, 15], "rotation": 90, "texture": "#0"},
				"up": {"uv": [0, 0, 4, 15], "rotation": 90, "texture": "#0"},
				"down": {"uv": [0, 0, 4, 15], "rotation": 90, "texture": "#0"}
			}
		},
		{
			"from": [2, 10, 14],
			"to": [17, 12, 16],
			"rotation": {"angle": 0, "axis": "y", "origin": [0, 8, 16]},
			"faces": {
				"north": {"uv": [0, 0, 4, 15], "rotation": 90, "texture": "#0"},
				"south": {"uv": [0, 0, 4, 15], "rotation": 90, "texture": "#0"},
				"west": {"uv": [0, 0, 4, 15], "rotation": 90, "texture": "#0"},
				"up": {"uv": [0, 0, 4, 15], "rotation": 90, "texture": "#0"},
				"down": {"uv": [0, 0, 4, 15], "rotation": 90, "texture": "#0"}
			}
		},
		{
			"from": [2, 14, 14],
			"to": [17, 16, 16],
			"rotation": {"angle": 0, "axis": "y", "origin": [0, 12, 16]},
			"faces": {
				"north": {"uv": [0, 0, 4, 15], "rotation": 90, "texture": "#0"},
				"south": {"uv": [0, 0, 4, 15], "rotation": 90, "texture": "#0"},
				"west": {"uv": [0, 0, 4, 15], "rotation": 90, "texture": "#0"},
				"up": {"uv": [0, 0, 4, 15], "rotation": 90, "texture": "#0"},
				"down": {"uv": [0, 0, 4, 15], "rotation": 90, "texture": "#0"}
			}
		},
		{
			"from": [-1, 4, 15],
			"to": [14, 6, 17],
			"rotation": {"angle": 0, "axis": "y", "origin": [0, 4, 17]},
			"faces": {
				"north": {"uv": [0, 0, 4, 15], "rotation": 90, "texture": "#0"},
				"east": {"uv": [0, 0, 4, 15], "rotation": 90, "texture": "#0"},
				"south": {"uv": [0, 0, 4, 15], "rotation": 90, "texture": "#0"},
				"up": {"uv": [0, 0, 4, 15], "rotation": 90, "texture": "#0"},
				"down": {"uv": [0, 0, 4, 15], "rotation": 90, "texture": "#0"}
			}
		},
		{
			"from": [2, 6, 14],
			"to": [17, 8, 16],
			"rotation": {"angle": 0, "axis": "y", "origin": [0, 4, 16]},
			"faces": {
				"north": {"uv": [0, 0, 4, 15], "rotation": 90, "texture": "#0"},
				"south": {"uv": [0, 0, 4, 15], "rotation": 90, "texture": "#0"},
				"west": {"uv": [0, 0, 4, 15], "rotation": 90, "texture": "#0"},
				"up": {"uv": [0, 0, 4, 15], "rotation": 90, "texture": "#0"},
				"down": {"uv": [0, 0, 4, 15], "rotation": 90, "texture": "#0"}
			}
		},
		{
			"from": [2, 2, 14],
			"to": [17, 4, 16],
			"rotation": {"angle": 0, "axis": "y", "origin": [0, 0, 16]},
			"faces": {
				"north": {"uv": [0, 0, 4, 15], "rotation": 90, "texture": "#0"},
				"south": {"uv": [0, 0, 4, 15], "rotation": 90, "texture": "#0"},
				"west": {"uv": [0, 0, 4, 15], "rotation": 90, "texture": "#0"},
				"up": {"uv": [0, 0, 4, 15], "rotation": 90, "texture": "#0"},
				"down": {"uv": [0, 0, 4, 15], "rotation": 90, "texture": "#0"}
			}
		},
		{
			"from": [-1, 0, 15],
			"to": [14, 2, 17],
			"rotation": {"angle": 0, "axis": "y", "origin": [0, 0, 17]},
			"faces": {
				"north": {"uv": [0, 0, 4, 15], "rotation": 90, "texture": "#0"},
				"east": {"uv": [0, 0, 4, 15], "rotation": 90, "texture": "#0"},
				"south": {"uv": [0, 0, 4, 15], "rotation": 90, "texture": "#0"},
				"up": {"uv": [0, 0, 4, 15], "rotation": 90, "texture": "#0"},
				"down": {"uv": [0, 0, 4, 15], "rotation": 90, "texture": "#0"}
			}
		},
		{
			"from": [14, 0, 2],
			"to": [16, 2, 17],
			"rotation": {"angle": 0, "axis": "y", "origin": [14, 0, 16]},
			"faces": {
				"north": {"uv": [0, 0, 2, 2], "texture": "#0"},
				"east": {"uv": [12, 0, 16, 15], "rotation": 90, "texture": "#0"},
				"west": {"uv": [0, 0, 15, 2], "texture": "#0"},
				"up": {"uv": [0, 0, 4, 15], "rotation": 180, "texture": "#0"},
				"down": {"uv": [0, 0, 4, 15], "texture": "#0"}
			}
		},
		{
			"from": [15, 2, -1],
			"to": [17, 4, 14],
			"rotation": {"angle": 0, "axis": "y", "origin": [15, 0, 16]},
			"faces": {
				"east": {"uv": [3, 1, 7, 16], "rotation": 90, "texture": "#0"},
				"south": {"uv": [3, 1, 7, 16], "rotation": 90, "texture": "#0"},
				"west": {"uv": [3, 1, 7, 16], "rotation": 90, "texture": "#0"},
				"up": {"uv": [0, 1, 4, 16], "texture": "#0"},
				"down": {"uv": [3, 1, 7, 16], "rotation": 90, "texture": "#0"}
			}
		},
		{
			"from": [14, 4, 2],
			"to": [16, 6, 17],
			"rotation": {"angle": 0, "axis": "y", "origin": [14, 4, 16]},
			"faces": {
				"north": {"uv": [12, 1, 16, 16], "rotation": 90, "texture": "#0"},
				"east": {"uv": [12, 1, 16, 16], "rotation": 90, "texture": "#0"},
				"west": {"uv": [12, 1, 16, 16], "rotation": 90, "texture": "#0"},
				"up": {"uv": [1, 1, 5, 16], "texture": "#0"},
				"down": {"uv": [12, 1, 16, 16], "rotation": 90, "texture": "#0"}
			}
		},
		{
			"from": [15, 6, -1],
			"to": [17, 8, 14],
			"rotation": {"angle": 0, "axis": "y", "origin": [15, 4, 16]},
			"faces": {
				"east": {"uv": [8, 1, 12, 16], "rotation": 90, "texture": "#0"},
				"south": {"uv": [8, 1, 12, 16], "rotation": 90, "texture": "#0"},
				"west": {"uv": [8, 1, 12, 16], "rotation": 90, "texture": "#0"},
				"up": {"uv": [7, 1, 12, 16], "rotation": 180, "texture": "#0"},
				"down": {"uv": [8, 1, 12, 16], "rotation": 90, "texture": "#0"}
			}
		},
		{
			"from": [14, 8, 2],
			"to": [16, 10, 17],
			"rotation": {"angle": 0, "axis": "y", "origin": [14, 8, 16]},
			"faces": {
				"north": {"uv": [8, 0, 12, 15], "rotation": 90, "texture": "#0"},
				"east": {"uv": [8, 0, 12, 15], "rotation": 90, "texture": "#0"},
				"west": {"uv": [8, 0, 12, 15], "rotation": 90, "texture": "#0"},
				"up": {"uv": [0, 0, 4, 16], "texture": "#0"},
				"down": {"uv": [8, 0, 12, 15], "rotation": 90, "texture": "#0"}
			}
		},
		{
			"from": [15, 10, -1],
			"to": [17, 12, 14],
			"rotation": {"angle": 0, "axis": "y", "origin": [15, 8, 16]},
			"faces": {
				"east": {"uv": [12, 1, 16, 16], "rotation": 90, "texture": "#0"},
				"south": {"uv": [12, 1, 16, 16], "rotation": 90, "texture": "#0"},
				"west": {"uv": [12, 1, 16, 16], "rotation": 90, "texture": "#0"},
				"up": {"uv": [11, 1, 16, 16], "rotation": 180, "texture": "#0"},
				"down": {"uv": [12, 1, 16, 16], "rotation": 90, "texture": "#0"}
			}
		},
		{
			"from": [14, 12, 2],
			"to": [16, 14, 17],
			"rotation": {"angle": 0, "axis": "y", "origin": [14, 12, 16]},
			"faces": {
				"north": {"uv": [7, 0, 11, 15], "rotation": 90, "texture": "#0"},
				"east": {"uv": [7, 0, 11, 15], "rotation": 90, "texture": "#0"},
				"west": {"uv": [7, 0, 11, 15], "rotation": 90, "texture": "#0"},
				"up": {"uv": [1, 0, 5, 15], "texture": "#0"},
				"down": {"uv": [7, 0, 11, 15], "rotation": 90, "texture": "#0"}
			}
		},
		{
			"from": [15, 14, -1],
			"to": [17, 16, 14],
			"rotation": {"angle": 0, "axis": "y", "origin": [15, 12, 16]},
			"faces": {
				"east": {"uv": [0, 0, 4, 15], "rotation": 90, "texture": "#0"},
				"south": {"uv": [0, 0, 2, 2], "texture": "#0"},
				"west": {"uv": [0, 0, 4, 15], "rotation": 90, "texture": "#0"},
				"up": {"uv": [0, 0, 4, 15], "rotation": 180, "texture": "#0"},
				"down": {"uv": [0, 0, 15, 2], "rotation": 90, "texture": "#0"}
			}
		},
		{
			"from": [2, 0, 2],
			"to": [14, 0.5, 15],
			"rotation": {"angle": 0, "axis": "y", "origin": [3, 0, 3]},
			"faces": {
				"north": {"uv": [0, 0, 16, 16], "texture": "#1"},
				"east": {"uv": [0, 0, 16, 16], "texture": "#1"},
				"south": {"uv": [0, 0, 16, 16], "texture": "#1"},
				"west": {"uv": [0, 0, 16, 16], "texture": "#1"},
				"up": {"uv": [0, 0, 16, 16], "texture": "#1"},
				"down": {"uv": [0, 0, 16, 16], "texture": "#1"}
			}
		}
	],
	"groups": [
		0,
		1,
		2,
		3,
		4,
		5,
		{
			"name": "faces",
			"origin": [0, 0, 0],
			"color": 0,
			"children": [6, 7, 8, 9, 10, 11, 12, 13, 14, 15, 16, 17, 18, 19, 20, 21, 22, 23, 24, 25, 26, 27, 28, 29, 30, 31, 32, 33, 34, 35, 36, 37]
		},
		38,
		39,
		40,
		41,
		42,
		43,
		44,
		45,
		46,
		47,
		{
			"name": "group",
			"origin": [14, 12, 16],
			"color": 0,
			"children": [48, 49, 50, 51, 52, 53, 54, 55, 56, 57, 58, 59, 60, 61, 62, 63]
		},
		64
	]
}