{
	"credit": "Made with Blockbench",
	"textures": {
		"2": "block/azalea_leaves",
		"5": "item/stick",
		"17": "item/potato",
		"18": "item/bone",
		"inside": "block/composter_ready",
		"particle": "item/bow"
	},
	"elements": [
		{
			"from": [2, 0, 2],
			"to": [14.5, 15, 14],
			"faces": {
				"up": {"uv": [2, 2, 14, 14], "texture": "#inside"}
			}
		},
		{
			"name": "stick_1",
			"from": [2.935, 15.66, 5.61],
			"to": [4.095, 16.82, 6.19],
			"rotation": {"angle": 45, "axis": "x", "origin": [6.85, 13.05, 5.9]},
			"faces": {
				"north": {"uv": [13, 2, 15, 4], "texture": "#5"},
				"east": {"uv": [14, 4, 13, 2], "rotation": 180, "texture": "#5"},
				"south": {"uv": [13, 4, 15, 2], "rotation": 180, "texture": "#5"},
				"west": {"uv": [15, 4, 14, 2], "rotation": 180, "texture": "#5"},
				"up": {"uv": [15, 2, 13, 3], "texture": "#5"},
				"down": {"uv": [13, 3, 15, 4], "rotation": 180, "texture": "#5"}
			}
		},
		{
			"name": "stick_2",
			"from": [4.095, 14.5, 5.61],
			"to": [4.675, 16.24, 6.19],
			"rotation": {"angle": 45, "axis": "x", "origin": [6.85, 13.05, 5.9]},
			"faces": {
				"north": {"uv": [12, 3, 13, 6], "texture": "#5"},
				"east": {"uv": [13, 6, 12, 3], "rotation": 180, "texture": "#5"},
				"south": {"uv": [12, 6, 13, 3], "rotation": 180, "texture": "#5"},
				"west": {"uv": [13, 6, 12, 3], "rotation": 180, "texture": "#5"},
				"up": {"uv": [13, 3, 12, 4], "texture": "#5"},
				"down": {"uv": [12, 5, 13, 6], "rotation": 180, "texture": "#5"}
			}
		},
		{
			"name": "stick_3",
			"from": [4.675, 13.92, 5.61],
			"to": [5.255, 15.66, 6.19],
			"rotation": {"angle": 45, "axis": "x", "origin": [6.85, 13.05, 5.9]},
			"faces": {
				"north": {"uv": [11, 4, 12, 7], "texture": "#5"},
				"east": {"uv": [12, 7, 11, 4], "rotation": 180, "texture": "#5"},
				"south": {"uv": [11, 7, 12, 4], "rotation": 180, "texture": "#5"},
				"west": {"uv": [12, 7, 11, 4], "rotation": 180, "texture": "#5"},
				"up": {"uv": [12, 4, 11, 5], "texture": "#5"},
				"down": {"uv": [11, 6, 12, 7], "rotation": 180, "texture": "#5"}
			}
		},
		{
			"name": "stick_4",
			"from": [3.515, 15.08, 5.61],
			"to": [4.095, 15.66, 6.19],
			"rotation": {"angle": 45, "axis": "x", "origin": [6.85, 13.05, 5.9]},
			"faces": {
				"north": {"uv": [13, 4, 14, 5], "texture": "#5"},
				"east": {"uv": [14, 5, 13, 4], "rotation": 180, "texture": "#5"},
				"south": {"uv": [13, 5, 14, 4], "rotation": 180, "texture": "#5"},
				"west": {"uv": [14, 5, 13, 4], "rotation": 180, "texture": "#5"},
				"up": {"uv": [14, 4, 13, 5], "texture": "#5"},
				"down": {"uv": [13, 4, 14, 5], "rotation": 180, "texture": "#5"}
			}
		},
		{
			"name": "stick_5",
			"from": [5.255, 13.34, 5.61],
			"to": [5.835, 15.08, 6.19],
			"rotation": {"angle": 45, "axis": "x", "origin": [6.85, 13.05, 5.9]},
			"faces": {
				"north": {"uv": [10, 5, 11, 8], "texture": "#5"},
				"east": {"uv": [11, 8, 10, 5], "rotation": 180, "texture": "#5"},
				"south": {"uv": [10, 8, 11, 5], "rotation": 180, "texture": "#5"},
				"west": {"uv": [11, 8, 10, 5], "rotation": 180, "texture": "#5"},
				"up": {"uv": [11, 5, 10, 6], "texture": "#5"},
				"down": {"uv": [10, 7, 11, 8], "rotation": 180, "texture": "#5"}
			}
		},
		{
			"name": "stick_6",
			"from": [5.835, 12.76, 5.61],
			"to": [6.415, 14.5, 6.19],
			"rotation": {"angle": 45, "axis": "x", "origin": [6.85, 13.05, 5.9]},
			"faces": {
				"north": {"uv": [9, 6, 10, 9], "texture": "#5"},
				"east": {"uv": [10, 9, 9, 6], "rotation": 180, "texture": "#5"},
				"south": {"uv": [9, 9, 10, 6], "rotation": 180, "texture": "#5"},
				"west": {"uv": [10, 9, 9, 6], "rotation": 180, "texture": "#5"},
				"up": {"uv": [10, 6, 9, 7], "texture": "#5"},
				"down": {"uv": [9, 8, 10, 9], "rotation": 180, "texture": "#5"}
			}
		},
		{
			"name": "stick_7",
			"from": [6.415, 12.18, 5.61],
			"to": [6.995, 13.92, 6.19],
			"rotation": {"angle": 45, "axis": "x", "origin": [6.85, 13.05, 5.9]},
			"faces": {
				"north": {"uv": [8, 7, 9, 10], "texture": "#5"},
				"east": {"uv": [9, 10, 8, 7], "rotation": 180, "texture": "#5"},
				"south": {"uv": [8, 10, 9, 7], "rotation": 180, "texture": "#5"},
				"west": {"uv": [9, 10, 8, 7], "rotation": 180, "texture": "#5"},
				"up": {"uv": [9, 7, 8, 8], "texture": "#5"},
				"down": {"uv": [8, 9, 9, 10], "rotation": 180, "texture": "#5"}
			}
		},
		{
			"name": "stick_8",
			"from": [6.995, 11.6, 5.61],
			"to": [7.575, 13.34, 6.19],
			"rotation": {"angle": 45, "axis": "x", "origin": [6.85, 13.05, 5.9]},
			"faces": {
				"north": {"uv": [7, 8, 8, 11], "texture": "#5"},
				"east": {"uv": [8, 11, 7, 8], "rotation": 180, "texture": "#5"},
				"south": {"uv": [7, 11, 8, 8], "rotation": 180, "texture": "#5"},
				"west": {"uv": [8, 11, 7, 8], "rotation": 180, "texture": "#5"},
				"up": {"uv": [8, 8, 7, 9], "texture": "#5"},
				"down": {"uv": [7, 10, 8, 11], "rotation": 180, "texture": "#5"}
			}
		},
		{
			"name": "stick_9",
			"from": [7.575, 11.02, 5.61],
			"to": [8.155, 12.76, 6.19],
			"rotation": {"angle": 45, "axis": "x", "origin": [6.85, 13.05, 5.9]},
			"faces": {
				"north": {"uv": [6, 9, 7, 12], "texture": "#5"},
				"east": {"uv": [7, 12, 6, 9], "rotation": 180, "texture": "#5"},
				"south": {"uv": [6, 12, 7, 9], "rotation": 180, "texture": "#5"},
				"west": {"uv": [7, 12, 6, 9], "rotation": 180, "texture": "#5"},
				"up": {"uv": [7, 9, 6, 10], "texture": "#5"},
				"down": {"uv": [6, 11, 7, 12], "rotation": 180, "texture": "#5"}
			}
		},
		{
			"name": "stick_10",
			"from": [8.155, 10.44, 5.61],
			"to": [8.735, 12.18, 6.19],
			"rotation": {"angle": 45, "axis": "x", "origin": [6.85, 13.05, 5.9]},
			"faces": {
				"north": {"uv": [5, 10, 6, 13], "texture": "#5"},
				"east": {"uv": [6, 13, 5, 10], "rotation": 180, "texture": "#5"},
				"south": {"uv": [5, 13, 6, 10], "rotation": 180, "texture": "#5"},
				"west": {"uv": [6, 13, 5, 10], "rotation": 180, "texture": "#5"},
				"up": {"uv": [6, 10, 5, 11], "texture": "#5"},
				"down": {"uv": [5, 12, 6, 13], "rotation": 180, "texture": "#5"}
			}
		},
		{
			"name": "stick_11",
			"from": [8.735, 9.86, 5.61],
			"to": [9.315, 11.6, 6.19],
			"rotation": {"angle": 45, "axis": "x", "origin": [6.85, 13.05, 5.9]},
			"faces": {
				"north": {"uv": [4, 11, 5, 14], "texture": "#5"},
				"east": {"uv": [5, 14, 4, 11], "rotation": 180, "texture": "#5"},
				"south": {"uv": [4, 14, 5, 11], "rotation": 180, "texture": "#5"},
				"west": {"uv": [5, 14, 4, 11], "rotation": 180, "texture": "#5"},
				"up": {"uv": [5, 11, 4, 12], "texture": "#5"},
				"down": {"uv": [4, 13, 5, 14], "rotation": 180, "texture": "#5"}
			}
		},
		{
			"name": "stick_12",
			"from": [9.315, 9.28, 5.61],
			"to": [9.895, 11.02, 6.19],
			"rotation": {"angle": 45, "axis": "x", "origin": [6.85, 13.05, 5.9]},
			"faces": {
				"north": {"uv": [3, 12, 4, 15], "texture": "#5"},
				"east": {"uv": [4, 15, 3, 12], "rotation": 180, "texture": "#5"},
				"south": {"uv": [3, 15, 4, 12], "rotation": 180, "texture": "#5"},
				"west": {"uv": [4, 15, 3, 12], "rotation": 180, "texture": "#5"},
				"up": {"uv": [4, 12, 3, 13], "texture": "#5"},
				"down": {"uv": [3, 14, 4, 15], "rotation": 180, "texture": "#5"}
			}
		},
		{
			"name": "stick_13",
			"from": [9.895, 9.28, 5.61],
			"to": [10.475, 10.44, 6.19],
			"rotation": {"angle": 45, "axis": "x", "origin": [6.85, 13.05, 5.9]},
			"faces": {
				"north": {"uv": [2, 13, 3, 15], "texture": "#5"},
				"east": {"uv": [3, 15, 2, 13], "rotation": 180, "texture": "#5"},
				"south": {"uv": [2, 15, 3, 13], "rotation": 180, "texture": "#5"},
				"west": {"uv": [3, 15, 2, 13], "rotation": 180, "texture": "#5"},
				"up": {"uv": [3, 13, 2, 14], "texture": "#5"},
				"down": {"uv": [2, 14, 3, 15], "rotation": 180, "texture": "#5"}
			}
		},
		{
			"from": [8.60025, 13.58, 11],
			"to": [11.34, 13.97975, 11.36075],
			"rotation": {"angle": 22.5, "axis": "x", "origin": [9.56, 14.19, 11]},
			"faces": {
				"north": {"uv": [3, 12, 10.025, 13.025], "texture": "#17"},
				"east": {"uv": [3, 12, 3.925, 13.025], "texture": "#17"},
				"south": {"uv": [10.025, 12, 3, 13.025], "texture": "#17"},
				"west": {"uv": [8, 12, 8.925, 13.025], "texture": "#17"},
				"up": {"uv": [0, 0, 7.025, 0.925], "texture": "#17"},
				"down": {"uv": [0, 0, 7.025, 0.925], "texture": "#17"}
			}
		},
		{
			"from": [7.82025, 13.97, 11],
			"to": [11.73, 14.36975, 11.36075],
			"rotation": {"angle": 22.5, "axis": "x", "origin": [9.56, 14.19, 11]},
			"faces": {
				"north": {"uv": [2, 11, 12.025, 12.025], "texture": "#17"},
				"east": {"uv": [2, 11, 3.025, 12.025], "texture": "#17"},
				"south": {"uv": [12.025, 11, 2, 12.025], "texture": "#17"},
				"west": {"uv": [11, 11, 12.025, 12.025], "texture": "#17"},
				"up": {"uv": [2, 11, 12.025, 12.025], "texture": "#17"},
				"down": {"uv": [2, 11, 12.025, 12.025], "texture": "#17"}
			}
		},
		{
			"from": [7.43025, 14.36, 11],
			"to": [11.73, 14.75975, 11.36075],
			"rotation": {"angle": 22.5, "axis": "x", "origin": [9.56, 14.19, 11]},
			"faces": {
				"north": {"uv": [2, 10, 13.025, 11.025], "texture": "#17"},
				"east": {"uv": [2, 10, 3.025, 11.025], "texture": "#17"},
				"south": {"uv": [13.025, 10, 2, 11.025], "texture": "#17"},
				"west": {"uv": [12, 10, 13.025, 11.025], "texture": "#17"},
				"up": {"uv": [2, 10, 13.025, 11.025], "texture": "#17"},
				"down": {"uv": [2, 10, 13.025, 11.025], "texture": "#17"}
			}
		},
		{
			"from": [7.04025, 14.75, 11],
			"to": [11.73, 15.14975, 11.36075],
			"rotation": {"angle": 22.5, "axis": "x", "origin": [9.56, 14.19, 11]},
			"faces": {
				"north": {"uv": [2, 9, 14.025, 10.025], "texture": "#17"},
				"east": {"uv": [2, 9, 3.025, 10.025], "texture": "#17"},
				"south": {"uv": [14.025, 9, 2, 10.025], "texture": "#17"},
				"west": {"uv": [13, 9, 14.025, 10.025], "texture": "#17"},
				"up": {"uv": [2, 9, 14.025, 10.025], "texture": "#17"},
				"down": {"uv": [2, 9, 14.025, 10.025], "texture": "#17"}
			}
		},
		{
			"from": [7.04025, 15.14, 11],
			"to": [11.73, 15.53975, 11.36075],
			"rotation": {"angle": 22.5, "axis": "x", "origin": [9.56, 14.19, 11]},
			"faces": {
				"north": {"uv": [2, 8, 14.025, 9.025], "texture": "#17"},
				"east": {"uv": [2, 8, 3.025, 9.025], "texture": "#17"},
				"south": {"uv": [14.025, 8, 2, 9.025], "texture": "#17"},
				"west": {"uv": [13, 8, 14.025, 9.025], "texture": "#17"},
				"up": {"uv": [2, 8, 14.025, 9.025], "texture": "#17"},
				"down": {"uv": [2, 8, 14.025, 9.025], "texture": "#17"}
			}
		},
		{
			"from": [7.04025, 15.53, 11],
			"to": [11.34, 15.92975, 11.36075],
			"rotation": {"angle": 22.5, "axis": "x", "origin": [9.56, 14.19, 11]},
			"faces": {
				"north": {"uv": [3, 7, 14.025, 8.025], "texture": "#17"},
				"east": {"uv": [3, 7, 4.025, 8.025], "texture": "#17"},
				"south": {"uv": [14.025, 7, 3, 8.025], "texture": "#17"},
				"west": {"uv": [13, 7, 14.025, 8.025], "texture": "#17"},
				"up": {"uv": [3, 7, 14.025, 8.025], "texture": "#17"},
				"down": {"uv": [3, 7, 14.025, 8.025], "texture": "#17"}
			}
		},
		{
			"from": [7.04025, 15.92, 11],
			"to": [10.95, 16.31975, 11.36075],
			"rotation": {"angle": 22.5, "axis": "x", "origin": [9.56, 14.19, 11]},
			"faces": {
				"north": {"uv": [4, 6, 14.025, 7.025], "texture": "#17"},
				"east": {"uv": [4, 6, 5.025, 7.025], "texture": "#17"},
				"south": {"uv": [14.025, 6, 4, 7.025], "texture": "#17"},
				"west": {"uv": [13, 6, 14.025, 7.025], "texture": "#17"},
				"up": {"uv": [4, 6, 14.025, 7.025], "texture": "#17"},
				"down": {"uv": [4, 6, 14.025, 7.025], "texture": "#17"}
			}
		},
		{
			"from": [7.43025, 16.31, 11],
			"to": [10.56, 16.70975, 11.36075],
			"rotation": {"angle": 22.5, "axis": "x", "origin": [9.56, 14.19, 11]},
			"faces": {
				"north": {"uv": [5, 5, 13.025, 6.025], "texture": "#17"},
				"east": {"uv": [5, 5, 6.025, 6.025], "texture": "#17"},
				"south": {"uv": [13.025, 5, 5, 6.025], "texture": "#17"},
				"west": {"uv": [12, 5, 13.025, 6.025], "texture": "#17"},
				"up": {"uv": [5, 5, 8.025, 6.025], "texture": "#17"},
				"down": {"uv": [5, 5, 13.025, 6.025], "texture": "#17"}
			}
		},
		{
			"from": [7.82025, 16.7, 11],
			"to": [9.39, 17.09975, 11.36075],
			"rotation": {"angle": 22.5, "axis": "x", "origin": [9.56, 14.19, 11]},
			"faces": {
				"north": {"uv": [8, 4, 12.025, 5.025], "texture": "#17"},
				"east": {"uv": [8, 4, 12.025, 5.025], "texture": "#17"},
				"south": {"uv": [8, 4, 12.025, 5.025], "texture": "#17"},
				"west": {"uv": [8, 4, 12.025, 5.025], "texture": "#17"},
				"up": {"uv": [8, 4, 12.025, 5.025], "texture": "#17"},
				"down": {"uv": [8, 4, 12.025, 5.025], "texture": "#17"}
			}
		},
		{
			"from": [9.38025, 13.19, 11],
			"to": [10.95, 13.58975, 11.36075],
			"rotation": {"angle": 22.5, "axis": "x", "origin": [9.56, 14.19, 11]},
			"faces": {
				"north": {"uv": [4, 13, 8.025, 14.025], "texture": "#17"},
				"east": {"uv": [4, 13, 8.025, 14.025], "texture": "#17"},
				"south": {"uv": [4, 13, 8.025, 14.025], "texture": "#17"},
				"west": {"uv": [4, 13, 8.025, 14.025], "texture": "#17"},
				"up": {"uv": [4, 13, 8.025, 14.025], "texture": "#17"},
				"down": {"uv": [4, 13, 8.025, 14.025], "texture": "#17"}
			}
		},
		{
			"from": [6, 13.6, 5],
			"to": [9, 15.6, 8],
			"rotation": {"angle": 22.5, "axis": "y", "origin": [7, 13.6, 6]},
			"faces": {
				"north": {"uv": [4, 1, 7, 4], "texture": "#2"},
				"east": {"uv": [4, 1, 7, 4], "texture": "#2"},
				"south": {"uv": [4, 1, 7, 4], "texture": "#2"},
				"west": {"uv": [4, 1, 7, 4], "texture": "#2"},
				"up": {"uv": [4, 1, 7, 4], "texture": "#2"},
				"down": {"uv": [4, 1, 7, 4], "texture": "#2"}
			}
		},
		{
			"from": [11, 14, 5],
			"to": [12, 16, 6],
			"rotation": {"angle": 0, "axis": "y", "origin": [10, 14, 4]},
			"faces": {
				"north": {"uv": [11, 4, 12, 5], "texture": "#18"},
				"east": {"uv": [11, 4, 12, 5], "texture": "#18"},
				"south": {"uv": [11, 4, 12, 5], "texture": "#18"},
				"west": {"uv": [11, 4, 12, 5], "texture": "#18"},
				"up": {"uv": [11, 4, 12, 5], "texture": "#18"},
				"down": {"uv": [11, 4, 12, 5], "texture": "#18"}
			}
		},
		{
			"from": [3.932, 13.081, 11.39],
			"to": [5.062, 15.341, 12.52],
			"rotation": {"angle": 0, "axis": "y", "origin": [2.802, 13.081, 10.26]},
			"faces": {
				"north": {"uv": [11, 4, 12, 5], "texture": "#18"},
				"east": {"uv": [11, 4, 12, 5], "texture": "#18"},
				"south": {"uv": [11, 4, 12, 5], "texture": "#18"},
				"west": {"uv": [11, 4, 12, 5], "texture": "#18"},
				"up": {"uv": [11, 4, 12, 5], "texture": "#18"},
				"down": {"uv": [11, 4, 12, 5], "texture": "#18"}
			}
		},
		{
			"from": [10, 13.9, 8],
			"to": [12, 15.9, 10],
			"rotation": {"angle": -45, "axis": "y", "origin": [10, 13.9, 8]},
			"faces": {
				"north": {"uv": [13, 3, 15, 5], "texture": "#18"},
				"east": {"uv": [13, 3, 15, 5], "texture": "#18"},
				"south": {"uv": [13, 3, 15, 5], "texture": "#18"},
				"west": {"uv": [13, 3, 15, 5], "texture": "#18"},
				"up": {"uv": [13, 3, 15, 5], "texture": "#18"},
				"down": {"uv": [13, 3, 15, 5], "texture": "#18"}
			}
		},
		{
			"from": [9.8, 13.81, 2.4],
			"to": [11.6, 15.61, 4.2],
			"rotation": {"angle": -45, "axis": "y", "origin": [9.8, 13.81, 2.4]},
			"faces": {
				"north": {"uv": [13, 3, 15, 5], "texture": "#18"},
				"east": {"uv": [13, 3, 15, 5], "texture": "#18"},
				"south": {"uv": [13, 3, 15, 5], "texture": "#18"},
				"west": {"uv": [13, 3, 15, 5], "texture": "#18"},
				"up": {"uv": [13, 3, 15, 5], "rotation": 90, "texture": "#18"},
				"down": {"uv": [13, 3, 15, 5], "texture": "#18"}
			}
		},
		{
			"from": [5, 12.9, 3],
			"to": [8, 15.9, 6],
			"rotation": {"angle": -22.5, "axis": "y", "origin": [6, 13.9, 3]},
			"faces": {
				"north": {"uv": [2, 10, 5, 13], "texture": "#18"},
				"east": {"uv": [2, 10, 5, 13], "texture": "#18"},
				"south": {"uv": [2, 10, 5, 13], "texture": "#18"},
				"west": {"uv": [2, 10, 5, 13], "texture": "#18"},
				"up": {"uv": [2, 10, 5, 13], "texture": "#18"},
				"down": {"uv": [2, 10, 5, 13], "texture": "#18"}
			}
		},
		{
			"from": [7.7, 13.5, 8.4],
			"to": [8.7, 15.5, 9.4],
			"rotation": {"angle": -45, "axis": "y", "origin": [6.7, 13.5, 7.4]},
			"faces": {
				"north": {"uv": [14, 4, 15, 5], "texture": "#18"},
				"east": {"uv": [14, 4, 15, 5], "texture": "#18"},
				"south": {"uv": [14, 4, 15, 5], "texture": "#18"},
				"west": {"uv": [14, 4, 15, 5], "texture": "#18"},
				"up": {"uv": [14, 4, 15, 5], "texture": "#18"},
				"down": {"uv": [14, 4, 15, 5], "texture": "#18"}
			}
		},
		{
			"from": [8.658, 13.69, 6.496],
			"to": [9.598, 16.04, 7.436],
			"rotation": {"angle": -45, "axis": "y", "origin": [7.718, 13.69, 5.556]},
			"faces": {
				"north": {"uv": [14, 4, 15, 5], "texture": "#18"},
				"east": {"uv": [14, 4, 15, 5], "texture": "#18"},
				"south": {"uv": [14, 4, 15, 5], "texture": "#18"},
				"west": {"uv": [14, 4, 15, 5], "texture": "#18"},
				"up": {"uv": [14, 4, 15, 5], "texture": "#18"},
				"down": {"uv": [14, 4, 15, 5], "texture": "#18"}
			}
		}
	],
	"display": {
		"thirdperson_righthand": {
			"rotation": [180, 0, 0],
			"translation": [-0.5, -1.25, 0.25],
			"scale": [0.83, 0.83, 0.83]
		},
		"thirdperson_lefthand": {
			"rotation": [75, 45, 0],
			"translation": [0, 2.5, 0],
			"scale": [0.375, 0.375, 0.375]
		},
		"firstperson_righthand": {
			"rotation": [0, -90, -20],
			"translation": [1.13, 3.2, 1.13],
			"scale": [0.68, 0.68, 0.68]
		},
		"firstperson_lefthand": {
			"rotation": [0, 225, 0],
			"scale": [0.4, 0.4, 0.4]
		},
		"ground": {
			"rotation": [0, 0, -45],
			"translation": [0, 2, 0],
			"scale": [0.5, 0.5, 0.5]
		},
		"gui": {
			"scale": [0.61, 0.61, 0.61]
		},
		"head": {
			"rotation": [0, 180, -45],
			"translation": [0, 13, 7]
		},
		"fixed": {
			"rotation": [0, 180, -45]
		}
	},
	"groups": [
		0,
		{
			"name": "group",
			"origin": [3.6, 5, 9.1],
			"color": 0,
			"children": []
		},
		{
			"name": "group",
			"origin": [5.8, 10, 7],
			"color": 0,
			"children": []
		},
		{
			"name": "bow",
			"origin": [8, 8, 8],
			"color": 0,
			"children": []
		},
		{
			"name": "stick",
			"origin": [8, 8, 8],
			"color": 0,
			"children": [
				{
					"name": "group",
					"origin": [13.75, 4.25, 7.5],
					"color": 0,
					"children": [1, 2, 3, 4, 5, 6, 7, 8, 9, 10, 11, 12, 13]
				}
			]
		},
		{
			"name": "stick",
			"origin": [8, 8, 8],
			"color": 0,
			"children": []
		},
		{
			"name": "stick",
			"origin": [8, 8, 8],
			"color": 0,
			"children": []
		},
		{
			"name": "leatherthing",
			"origin": [4, 14, 1],
			"color": 0,
			"children": [
				{
					"name": "group",
					"origin": [3, 14, 1],
					"color": 0,
					"children": []
				},
				{
					"name": "group",
					"origin": [3, 14, 1],
					"color": 0,
					"children": []
				},
				{
					"name": "group",
					"origin": [7, 14, -1.2],
					"color": 0,
					"children": []
				},
				{
					"name": "group",
					"origin": [7, 14, -1.2],
					"color": 0,
					"children": []
				}
			]
		},
		{
			"name": "corners",
			"origin": [-0.6, 14.6, 16.6],
			"color": 0,
			"children": []
		},
		{
			"name": "idk",
			"origin": [4, 4, 14],
			"color": 0,
			"children": []
		},
		{
			"name": "Feather",
			"origin": [6, 15.45, 9],
			"color": 0,
			"children": []
		},
		{
			"name": "arrow",
			"origin": [7.2696, 12.956, 14.5432],
			"color": 0,
			"children": []
		},
		{
			"name": "arrow",
			"origin": [7.2696, 12.956, 14.5432],
			"color": 0,
			"children": []
		},
		{
			"name": "arrow",
			"origin": [7.2696, 12.956, 14.5432],
			"color": 0,
			"children": []
		},
		{
			"name": "group",
			"origin": [6, 14, 8],
			"color": 0,
			"children": [14, 15, 16, 17, 18, 19, 20, 21, 22, 23]
		},
		24,
		25,
		26,
		27,
		28,
		29,
		30,
		31
	]
}