{
	"credit": "Made with Blockbench",
	"parent": "minecraft:block/orientable_vertical",
	"textures": {
		"1": "block/spruce_log",
		"2": "block/stripped_spruce_log",
		"3": "block/coal_block",
		"4": "block/anvil",
		"particle": "block/spruce_log",
		"side": "block/furnace_top"
	},
	"elements": [
		{
			"from": [0, 14, 0],
			"to": [2, 16, 16],
			"rotation": {"angle": 0, "axis": "x", "origin": [8, 8, 0]},
			"faces": {
				"north": {"uv": [0, 0, 2, 2], "rotation": 180, "texture": "#1"},
				"east": {"uv": [2, 0, 0, 16], "rotation": 270, "texture": "#1"},
				"south": {"uv": [0, 0, 2, 2], "texture": "#1"},
				"west": {"uv": [14, 0, 16, 16], "rotation": 90, "texture": "#1"},
				"up": {"uv": [0, 0, 2, 16], "rotation": 180, "texture": "#1"},
				"down": {"uv": [0, 0, 2, 16], "texture": "#1"}
			}
		},
		{
			"from": [14, 14, 0],
			"to": [16, 16, 16],
			"rotation": {"angle": 0, "axis": "x", "origin": [8, 8, 0]},
			"faces": {
				"north": {"uv": [2, 0, 0, 2], "rotation": 180, "texture": "#1"},
				"east": {"uv": [16, 0, 14, 16], "rotation": 270, "texture": "#1"},
				"south": {"uv": [2, 0, 0, 2], "texture": "#1"},
				"west": {"uv": [0, 0, 2, 16], "rotation": 90, "texture": "#1"},
				"up": {"uv": [2, 0, 0, 16], "rotation": 180, "texture": "#1"},
				"down": {"uv": [2, 0, 0, 16], "texture": "#1"}
			}
		},
		{
			"from": [14, 0, 0],
			"to": [16, 2, 16],
			"rotation": {"angle": 0, "axis": "x", "origin": [8, 8, 0]},
			"faces": {
				"north": {"uv": [2, 2, 0, 0], "rotation": 180, "texture": "#1"},
				"east": {"uv": [14, 0, 16, 16], "rotation": 270, "texture": "#1"},
				"south": {"uv": [2, 2, 0, 0], "texture": "#1"},
				"west": {"uv": [2, 0, 0, 16], "rotation": 90, "texture": "#1"},
				"up": {"uv": [0, 0, 2, 16], "rotation": 180, "texture": "#1"},
				"down": {"uv": [0, 0, 2, 16], "texture": "#1"}
			}
		},
		{
			"from": [0, 0, 0],
			"to": [2, 2, 16],
			"rotation": {"angle": 0, "axis": "x", "origin": [8, 8, 0]},
			"faces": {
				"north": {"uv": [0, 2, 2, 0], "rotation": 180, "texture": "#1"},
				"east": {"uv": [0, 0, 2, 16], "rotation": 270, "texture": "#1"},
				"south": {"uv": [0, 2, 2, 0], "texture": "#1"},
				"west": {"uv": [16, 0, 14, 16], "rotation": 90, "texture": "#1"},
				"up": {"uv": [2, 0, 0, 16], "rotation": 180, "texture": "#1"},
				"down": {"uv": [2, 0, 0, 16], "texture": "#1"}
			}
		},
		{
			"from": [14, 2, 14],
			"to": [16, 14, 16],
			"rotation": {"angle": 0, "axis": "x", "origin": [8, 8, 0]},
			"faces": {
				"north": {"uv": [0, 0, 2, 12], "rotation": 180, "texture": "#1"},
				"east": {"uv": [0, 0, 2, 12], "texture": "#1"},
				"south": {"uv": [0, 0, 2, 12], "rotation": 180, "texture": "#1"},
				"west": {"uv": [0, 0, 2, 12], "rotation": 180, "texture": "#1"},
				"up": {"uv": [0, 0, 2, 2], "rotation": 180, "texture": "#1"},
				"down": {"uv": [0, 0, 2, 2], "texture": "#1"}
			}
		},
		{
			"from": [0, 2, 14],
			"to": [2, 14, 16],
			"rotation": {"angle": 0, "axis": "x", "origin": [8, 8, 0]},
			"faces": {
				"north": {"uv": [0, 0, 2, 12], "rotation": 180, "texture": "#1"},
				"east": {"uv": [0, 0, 2, 12], "texture": "#1"},
				"south": {"uv": [0, 0, 2, 12], "rotation": 180, "texture": "#1"},
				"west": {"uv": [0, 0, 2, 12], "rotation": 180, "texture": "#1"},
				"up": {"uv": [0, 0, 2, 2], "rotation": 180, "texture": "#1"},
				"down": {"uv": [0, 0, 2, 2], "texture": "#1"}
			}
		},
		{
			"from": [2, 0, 14],
			"to": [14, 2, 16],
			"rotation": {"angle": 0, "axis": "x", "origin": [8, 8, 0]},
			"faces": {
				"north": {"uv": [0, 0, 2, 12], "rotation": 90, "texture": "#1"},
				"east": {"uv": [0, 0, 2, 2], "rotation": 270, "texture": "#1"},
				"south": {"uv": [0, 0, 2, 12], "rotation": 270, "texture": "#1"},
				"west": {"uv": [0, 0, 2, 2], "rotation": 90, "texture": "#1"},
				"up": {"uv": [0, 0, 2, 12], "rotation": 270, "texture": "#1"},
				"down": {"uv": [0, 0, 2, 12], "rotation": 90, "texture": "#1"}
			}
		},
		{
			"from": [2, 14, 14],
			"to": [14, 16, 16],
			"rotation": {"angle": 0, "axis": "x", "origin": [8, 8, 0]},
			"faces": {
				"north": {"uv": [0, 0, 2, 12], "rotation": 90, "texture": "#1"},
				"east": {"uv": [0, 0, 2, 2], "rotation": 270, "texture": "#1"},
				"south": {"uv": [0, 0, 2, 12], "rotation": 270, "texture": "#1"},
				"west": {"uv": [0, 0, 2, 2], "rotation": 90, "texture": "#1"},
				"up": {"uv": [0, 0, 2, 12], "rotation": 270, "texture": "#1"},
				"down": {"uv": [0, 0, 2, 12], "rotation": 90, "texture": "#1"}
			}
		},
		{
			"from": [2, 0, 0],
			"to": [14, 2, 2],
			"rotation": {"angle": 0, "axis": "x", "origin": [8, 8, 0]},
			"faces": {
				"north": {"uv": [0, 0, 2, 12], "rotation": 90, "texture": "#1"},
				"east": {"uv": [0, 0, 2, 2], "rotation": 270, "texture": "#1"},
				"south": {"uv": [0, 0, 2, 12], "rotation": 270, "texture": "#1"},
				"west": {"uv": [0, 0, 2, 2], "rotation": 90, "texture": "#1"},
				"up": {"uv": [0, 0, 2, 12], "rotation": 270, "texture": "#1"},
				"down": {"uv": [0, 0, 2, 12], "rotation": 90, "texture": "#1"}
			}
		},
		{
			"from": [14, 2, 0],
			"to": [16, 14, 2],
			"rotation": {"angle": 0, "axis": "x", "origin": [8, 8, 0]},
			"faces": {
				"north": {"uv": [0, 0, 2, 12], "rotation": 180, "texture": "#1"},
				"east": {"uv": [0, 0, 2, 12], "texture": "#1"},
				"south": {"uv": [0, 0, 2, 12], "rotation": 180, "texture": "#1"},
				"west": {"uv": [0, 0, 2, 12], "rotation": 180, "texture": "#1"},
				"up": {"uv": [0, 0, 2, 2], "rotation": 180, "texture": "#1"},
				"down": {"uv": [0, 0, 2, 2], "texture": "#1"}
			}
		},
		{
			"from": [2, 14, 0],
			"to": [14, 16, 2],
			"rotation": {"angle": 0, "axis": "x", "origin": [8, 8, 0]},
			"faces": {
				"north": {"uv": [0, 0, 2, 12], "rotation": 90, "texture": "#1"},
				"east": {"uv": [0, 0, 2, 2], "rotation": 270, "texture": "#1"},
				"south": {"uv": [0, 0, 2, 12], "rotation": 270, "texture": "#1"},
				"west": {"uv": [0, 0, 2, 2], "rotation": 90, "texture": "#1"},
				"up": {"uv": [0, 0, 2, 12], "rotation": 270, "texture": "#1"},
				"down": {"uv": [0, 0, 2, 12], "rotation": 90, "texture": "#1"}
			}
		},
		{
			"from": [0, 2, 0],
			"to": [2, 14, 2],
			"rotation": {"angle": 0, "axis": "x", "origin": [8, 8, 0]},
			"faces": {
				"north": {"uv": [0, 0, 2, 12], "rotation": 180, "texture": "#1"},
				"east": {"uv": [0, 0, 2, 12], "texture": "#1"},
				"south": {"uv": [0, 0, 2, 12], "rotation": 180, "texture": "#1"},
				"west": {"uv": [0, 0, 2, 12], "rotation": 180, "texture": "#1"},
				"up": {"uv": [0, 0, 2, 2], "rotation": 180, "texture": "#1"},
				"down": {"uv": [0, 0, 2, 2], "texture": "#1"}
			}
		},
		{
			"from": [-1.08356, 14.1, 11.5349],
			"to": [10.01644, 15.5, 13.5349],
			"rotation": {"angle": 22.5, "axis": "y", "origin": [8, 8, 0]},
			"faces": {
				"north": {"uv": [0, 0, 1, 11.1], "rotation": 90, "texture": "#2"},
				"east": {"uv": [0, 0, 2, 1.4], "rotation": 180, "texture": "#2"},
				"south": {"uv": [0, 0, 1, 11.1], "rotation": 270, "texture": "#2"},
				"west": {"uv": [0, 0, 2, 1.4], "texture": "#2"},
				"up": {"uv": [0, 0, 2, 11.1], "rotation": 270, "texture": "#2"},
				"down": {"uv": [0, 0, 2, 11.1], "rotation": 270, "texture": "#2"}
			}
		},
		{
			"from": [-0.99051, 14.1, 0.85775],
			"to": [10.10949, 15.5, 2.85775],
			"rotation": {"angle": 22.5, "axis": "y", "origin": [8, 8, 0]},
			"faces": {
				"north": {"uv": [0, 0, 1, 11.1], "rotation": 90, "texture": "#2"},
				"east": {"uv": [0, 0, 2, 1.4], "rotation": 180, "texture": "#2"},
				"south": {"uv": [0, 0, 1, 11.1], "rotation": 270, "texture": "#2"},
				"west": {"uv": [0, 0, 2, 1.4], "texture": "#2"},
				"up": {"uv": [0, 0, 2, 11.1], "rotation": 270, "texture": "#2"},
				"down": {"uv": [0, 0, 2, 11.1], "rotation": 270, "texture": "#2"}
			}
		},
		{
			"from": [2, 2, 2],
			"to": [14, 14, 14],
			"rotation": {"angle": 0, "axis": "x", "origin": [8, 8, 0]},
			"faces": {
				"north": {"uv": [0, 0, 16, 16], "rotation": 180, "texture": "#side"},
				"east": {"uv": [0, 0, 16, 16], "rotation": 270, "texture": "#side"},
				"south": {"uv": [0, 0, 16, 16], "texture": "#side"},
				"west": {"uv": [0, 0, 16, 16], "rotation": 90, "texture": "#side"},
				"up": {"uv": [0, 0, 16, 16], "rotation": 180, "texture": "#side"},
				"down": {"uv": [0, 0, 16, 16], "texture": "#side"}
			}
		},
		{
			"from": [7, 14, 10],
			"to": [9, 16, 11],
			"rotation": {"angle": 0, "axis": "x", "origin": [8, 8, 0]},
			"faces": {
				"north": {"uv": [3, 2, 5.85, 3], "rotation": 270, "texture": "#4"},
				"east": {"uv": [3, 2, 5.85, 3], "texture": "#4"},
				"south": {"uv": [3, 2, 5.85, 3], "rotation": 90, "texture": "#4"},
				"west": {"uv": [3, 2, 5.85, 3], "rotation": 180, "texture": "#4"},
				"up": {"uv": [4, 3, 6.85, 4], "rotation": 270, "texture": "#4"},
				"down": {"uv": [3, 2, 5.85, 3], "rotation": 90, "texture": "#4"}
			}
		},
		{
			"from": [10, 14, 7],
			"to": [11, 16, 9],
			"rotation": {"angle": 0, "axis": "x", "origin": [8, 8, 0]},
			"faces": {
				"north": {"uv": [3, 2, 5.85, 3], "rotation": 270, "texture": "#4"},
				"east": {"uv": [3, 2, 5.85, 3], "texture": "#4"},
				"south": {"uv": [3, 2, 5.85, 3], "rotation": 90, "texture": "#4"},
				"west": {"uv": [3, 2, 5.85, 3], "rotation": 180, "texture": "#4"},
				"up": {"uv": [4, 3, 6.85, 4], "rotation": 270, "texture": "#4"},
				"down": {"uv": [3, 2, 5.85, 3], "rotation": 90, "texture": "#4"}
			}
		},
		{
			"from": [15.49533, 14, 4.25711],
			"to": [16.49533, 15.975, 7.10711],
			"rotation": {"angle": -45, "axis": "y", "origin": [8, 8, 0]},
			"faces": {
				"north": {"uv": [3, 2, 5.85, 3], "rotation": 270, "texture": "#4"},
				"east": {"uv": [3, 2, 5.85, 3], "texture": "#4"},
				"south": {"uv": [3, 2, 5.85, 3], "rotation": 90, "texture": "#4"},
				"west": {"uv": [3, 2, 5.85, 3], "rotation": 180, "texture": "#4"},
				"up": {"uv": [4, 3, 6.85, 4], "rotation": 270, "texture": "#4"},
				"down": {"uv": [3, 2, 5.85, 3], "rotation": 90, "texture": "#4"}
			}
		},
		{
			"from": [-0.49533, 14, 4.25711],
			"to": [0.50467, 15.975, 7.10711],
			"rotation": {"angle": 45, "axis": "y", "origin": [8, 8, 0]},
			"faces": {
				"north": {"uv": [3, 2, 5.85, 3], "rotation": 270, "texture": "#4"},
				"east": {"uv": [3, 2, 5.85, 3], "texture": "#4"},
				"south": {"uv": [3, 2, 5.85, 3], "rotation": 90, "texture": "#4"},
				"west": {"uv": [3, 2, 5.85, 3], "rotation": 180, "texture": "#4"},
				"up": {"uv": [4, 3, 6.85, 4], "rotation": 270, "texture": "#4"},
				"down": {"uv": [3, 2, 5.85, 3], "rotation": 90, "texture": "#4"}
			}
		},
		{
			"from": [10.81838, 14, 4.2066],
			"to": [11.81838, 16.975, 7.0566],
			"rotation": {"angle": -45, "axis": "y", "origin": [8, 8, 0]},
			"faces": {
				"north": {"uv": [3, 2, 5.85, 3], "rotation": 270, "texture": "#4"},
				"east": {"uv": [3, 2, 5.85, 3], "texture": "#4"},
				"south": {"uv": [3, 2, 5.85, 3], "rotation": 90, "texture": "#4"},
				"west": {"uv": [3, 2, 5.85, 3], "rotation": 180, "texture": "#4"},
				"up": {"uv": [4, 3, 6.85, 4], "rotation": 270, "texture": "#4"},
				"down": {"uv": [3, 2, 5.85, 3], "rotation": 90, "texture": "#4"}
			}
		},
		{
			"from": [4.18162, 14, 4.2066],
			"to": [5.18162, 16.975, 7.0566],
			"rotation": {"angle": 45, "axis": "y", "origin": [8, 8, 0]},
			"faces": {
				"north": {"uv": [3, 2, 5.85, 3], "rotation": 270, "texture": "#4"},
				"east": {"uv": [3, 2, 5.85, 3], "texture": "#4"},
				"south": {"uv": [3, 2, 5.85, 3], "rotation": 90, "texture": "#4"},
				"west": {"uv": [3, 2, 5.85, 3], "rotation": 180, "texture": "#4"},
				"up": {"uv": [4, 3, 6.85, 4], "rotation": 270, "texture": "#4"},
				"down": {"uv": [3, 2, 5.85, 3], "rotation": 90, "texture": "#4"}
			}
		},
		{
			"from": [5, 14, 7],
			"to": [6, 16, 9],
			"rotation": {"angle": 0, "axis": "x", "origin": [8, 8, 0]},
			"faces": {
				"north": {"uv": [3, 2, 5.85, 3], "rotation": 270, "texture": "#4"},
				"east": {"uv": [3, 2, 5.85, 3], "texture": "#4"},
				"south": {"uv": [3, 2, 5.85, 3], "rotation": 90, "texture": "#4"},
				"west": {"uv": [3, 2, 5.85, 3], "rotation": 180, "texture": "#4"},
				"up": {"uv": [4, 3, 6.85, 4], "rotation": 270, "texture": "#4"},
				"down": {"uv": [3, 2, 5.85, 3], "rotation": 90, "texture": "#4"}
			}
		},
		{
			"from": [7, 14, 5],
			"to": [9, 17, 6],
			"rotation": {"angle": 0, "axis": "x", "origin": [8, 8, 0]},
			"faces": {
				"north": {"uv": [3, 2, 5.85, 3], "rotation": 270, "texture": "#4"},
				"east": {"uv": [3, 2, 5.85, 3], "texture": "#4"},
				"south": {"uv": [3, 2, 5.85, 3], "rotation": 90, "texture": "#4"},
				"west": {"uv": [3, 2, 5.85, 3], "rotation": 180, "texture": "#4"},
				"up": {"uv": [4, 3, 6.85, 4], "rotation": 270, "texture": "#4"},
				"down": {"uv": [3, 2, 5.85, 3], "rotation": 90, "texture": "#4"}
			}
		},
		{
			"from": [7, 14, 6],
			"to": [9, 14.5, 10],
			"rotation": {"angle": 0, "axis": "x", "origin": [8, 8, 0]},
			"faces": {
				"north": {"uv": [0, 0, 0.5, 2], "rotation": 90, "texture": "#3"},
				"east": {"uv": [0, 0, 4, 0.5], "rotation": 180, "texture": "#3"},
				"south": {"uv": [0, 0, 0.5, 2], "rotation": 270, "texture": "#3"},
				"west": {"uv": [0, 0, 4, 0.5], "texture": "#3"},
				"up": {"uv": [0, 0, 4, 2], "rotation": 270, "texture": "#3"},
				"down": {"uv": [0, 0, 4, 2], "rotation": 270, "texture": "#3"}
			}
		},
		{
			"from": [9, 14, 6.3],
			"to": [10, 14.5, 9.7],
			"rotation": {"angle": 0, "axis": "x", "origin": [8, 8, 0]},
			"faces": {
				"north": {"uv": [0, 0, 0.5, 1], "rotation": 90, "texture": "#3"},
				"east": {"uv": [0, 0, 3.4, 0.5], "rotation": 180, "texture": "#3"},
				"south": {"uv": [0, 0, 0.5, 1], "rotation": 270, "texture": "#3"},
				"west": {"uv": [0, 0, 3.4, 0.5], "texture": "#3"},
				"up": {"uv": [0, 0, 3.4, 1], "rotation": 270, "texture": "#3"},
				"down": {"uv": [0, 0, 3.4, 1], "rotation": 270, "texture": "#3"}
			}
		},
		{
			"from": [6, 14, 6.3],
			"to": [7, 14.5, 9.7],
			"rotation": {"angle": 0, "axis": "x", "origin": [8, 8, 0]},
			"faces": {
				"north": {"uv": [0, 0, 0.5, 1], "rotation": 90, "texture": "#3"},
				"east": {"uv": [0, 0, 3.4, 0.5], "rotation": 180, "texture": "#3"},
				"south": {"uv": [0, 0, 0.5, 1], "rotation": 270, "texture": "#3"},
				"west": {"uv": [0, 0, 3.4, 0.5], "texture": "#3"},
				"up": {"uv": [0, 0, 3.4, 1], "rotation": 270, "texture": "#3"},
				"down": {"uv": [0, 0, 3.4, 1], "rotation": 270, "texture": "#3"}
			}
		},
		{
			"from": [4.88062, 0.5, 5.80642],
			"to": [6.88062, 1.9, 20.60642],
			"rotation": {"angle": 22.5, "axis": "y", "origin": [-6.65428, 8, 7.82286]},
			"faces": {
				"north": {"uv": [0, 1.4, 2, 0], "rotation": 180, "texture": "#2"},
				"east": {"uv": [1, 0, 0, 11.1], "rotation": 270, "texture": "#2"},
				"south": {"uv": [0, 1.4, 2, 0], "texture": "#2"},
				"west": {"uv": [1, 0, 0, 11.1], "rotation": 90, "texture": "#2"},
				"up": {"uv": [2, 0, 0, 11.1], "rotation": 180, "texture": "#2"},
				"down": {"uv": [2, 0, 0, 11.1], "texture": "#2"}
			}
		},
		{
			"from": [7.3, 2.8, 14],
			"to": [8.7, 11.8, 15.4],
			"rotation": {"angle": 0, "axis": "x", "origin": [8, 8, 0]},
			"faces": {
				"north": {"uv": [0, 0, 1.4, 9], "rotation": 180, "texture": "#2"},
				"east": {"uv": [0, 0, 9, 1], "rotation": 270, "texture": "#2"},
				"south": {"uv": [1, 0, 2, 9], "texture": "#2"},
				"west": {"uv": [0, 0, 9, 1.4], "rotation": 90, "texture": "#2"},
				"up": {"uv": [0, 0, 1.4, 1.4], "rotation": 180, "texture": "#2"},
				"down": {"uv": [3, 0, 4, 1], "texture": "#2"}
			}
		},
		{
			"from": [5.03051, 10.35061, 13.9],
			"to": [9.03051, 11.75061, 15.45],
			"rotation": {"angle": -45, "axis": "z", "origin": [8, 8, 0]},
			"faces": {
				"north": {"uv": [0, 0, 1.4, 4], "rotation": 270, "texture": "#2"},
				"east": {"uv": [0, 0, 1.4, 1.55], "rotation": 270, "texture": "#2"},
				"south": {"uv": [7, 3, 8, 7], "rotation": 270, "texture": "#2"},
				"west": {"uv": [0, 0, 1.4, 1.55], "rotation": 90, "texture": "#2"},
				"up": {"uv": [0, 0, 4, 2], "rotation": 180, "texture": "#2"},
				"down": {"uv": [0, 0, 4, 1.55], "texture": "#2"}
			}
		},
		{
			"from": [7.11091, 10.35061, 13.9],
			"to": [11.11091, 11.55061, 15.425],
			"rotation": {"angle": 45, "axis": "z", "origin": [8, 8, 0]},
			"faces": {
				"north": {"uv": [0, 4, 1.2, 8], "rotation": 270, "texture": "#2"},
				"east": {"uv": [1.4, 0, 2.6, 1.525], "rotation": 270, "texture": "#2"},
				"south": {"uv": [7, 7, 8, 11], "rotation": 270, "texture": "#2"},
				"west": {"uv": [3.4, 0, 4.4, 1], "rotation": 90, "texture": "#2"},
				"up": {"uv": [4, 0, 8, 2], "rotation": 180, "texture": "#2"},
				"down": {"uv": [4, 0, 8, 1.525], "texture": "#2"}
			}
		},
		{
			"from": [7.3, 2.8, 0.6],
			"to": [8.7, 11.8, 2],
			"rotation": {"angle": 0, "axis": "x", "origin": [8, 8, 16]},
			"faces": {
				"north": {"uv": [1, 9, 2, 0], "rotation": 180, "texture": "#2"},
				"east": {"uv": [0, 1, 9, 0], "rotation": 270, "texture": "#2"},
				"south": {"uv": [0, 9, 1.4, 0], "texture": "#2"},
				"west": {"uv": [0, 1.4, 9, 0], "rotation": 90, "texture": "#2"},
				"up": {"uv": [0, 1.4, 1.4, 0], "rotation": 180, "texture": "#2"},
				"down": {"uv": [3, 1, 4, 0], "texture": "#2"}
			}
		},
		{
			"from": [7.11091, 10.35061, 0.575],
			"to": [11.11091, 11.55061, 2.1],
			"rotation": {"angle": 45, "axis": "z", "origin": [8, 8, 16]},
			"faces": {
				"north": {"uv": [8, 7, 7, 11], "rotation": 90, "texture": "#2"},
				"east": {"uv": [1.4, 1.525, 2.6, 0], "rotation": 270, "texture": "#2"},
				"south": {"uv": [1.2, 4, 0, 8], "rotation": 90, "texture": "#2"},
				"west": {"uv": [3.4, 1, 4.4, 0], "rotation": 90, "texture": "#2"},
				"up": {"uv": [4, 2, 8, 0], "rotation": 180, "texture": "#2"},
				"down": {"uv": [4, 1.525, 8, 0], "texture": "#2"}
			}
		},
		{
			"from": [5.03051, 10.35061, 0.55],
			"to": [9.03051, 11.75061, 2.1],
			"rotation": {"angle": -45, "axis": "z", "origin": [8, 8, 16]},
			"faces": {
				"north": {"uv": [8, 3, 7, 7], "rotation": 90, "texture": "#2"},
				"east": {"uv": [0, 1.55, 1.4, 0], "rotation": 270, "texture": "#2"},
				"south": {"uv": [1.4, 0, 0, 4], "rotation": 90, "texture": "#2"},
				"west": {"uv": [0, 1.55, 1.4, 0], "rotation": 90, "texture": "#2"},
				"up": {"uv": [0, 2, 4, 0], "rotation": 180, "texture": "#2"},
				"down": {"uv": [0, 1.55, 4, 0], "texture": "#2"}
			}
		},
		{
			"from": [14, 2.8, 6.9],
			"to": [15.4, 11.8, 8.3],
			"rotation": {"angle": 0, "axis": "x", "origin": [0, 8, 7.6]},
			"faces": {
				"north": {"uv": [0, 1.4, 9, 0], "rotation": 90, "texture": "#2"},
				"east": {"uv": [1, 9, 2, 0], "rotation": 180, "texture": "#2"},
				"south": {"uv": [0, 1, 9, 0], "rotation": 270, "texture": "#2"},
				"west": {"uv": [0, 9, 1.4, 0], "texture": "#2"},
				"up": {"uv": [0, 1.4, 1.4, 0], "rotation": 270, "texture": "#2"},
				"down": {"uv": [3, 1, 4, 0], "rotation": 270, "texture": "#2"}
			}
		},
		{
			"from": [13.9, 10.35061, 6.71091],
			"to": [15.425, 11.55061, 10.71091],
			"rotation": {"angle": -45, "axis": "x", "origin": [0, 8, 7.6]},
			"faces": {
				"north": {"uv": [3.4, 1, 4.4, 0], "rotation": 90, "texture": "#2"},
				"east": {"uv": [8, 7, 7, 11], "rotation": 90, "texture": "#2"},
				"south": {"uv": [1.4, 1.525, 2.6, 0], "rotation": 270, "texture": "#2"},
				"west": {"uv": [1.2, 4, 0, 8], "rotation": 90, "texture": "#2"},
				"up": {"uv": [4, 2, 8, 0], "rotation": 270, "texture": "#2"},
				"down": {"uv": [4, 1.525, 8, 0], "rotation": 270, "texture": "#2"}
			}
		},
		{
			"from": [13.9, 10.35061, 4.63051],
			"to": [15.45, 11.75061, 8.63051],
			"rotation": {"angle": 45, "axis": "x", "origin": [0, 8, 7.6]},
			"faces": {
				"north": {"uv": [0, 1.55, 1.4, 0], "rotation": 90, "texture": "#2"},
				"east": {"uv": [8, 3, 7, 7], "rotation": 90, "texture": "#2"},
				"south": {"uv": [0, 1.55, 1.4, 0], "rotation": 270, "texture": "#2"},
				"west": {"uv": [1.4, 0, 0, 4], "rotation": 90, "texture": "#2"},
				"up": {"uv": [0, 2, 4, 0], "rotation": 270, "texture": "#2"},
				"down": {"uv": [0, 1.55, 4, 0], "rotation": 270, "texture": "#2"}
			}
		},
		{
			"from": [0.6, 2.8, 6.2],
			"to": [2, 11.8, 7.6],
			"rotation": {"angle": 0, "axis": "x", "origin": [16, 8, 6.9]},
			"faces": {
				"north": {"uv": [0, 0, 9, 1.4], "rotation": 90, "texture": "#2"},
				"east": {"uv": [0, 0, 1.4, 9], "rotation": 180, "texture": "#2"},
				"south": {"uv": [0, 0, 9, 1], "rotation": 270, "texture": "#2"},
				"west": {"uv": [1, 0, 2, 9], "texture": "#2"},
				"up": {"uv": [0, 0, 1.4, 1.4], "rotation": 270, "texture": "#2"},
				"down": {"uv": [3, 0, 4, 1], "rotation": 270, "texture": "#2"}
			}
		},
		{
			"from": [0.55, 10.35061, 3.93051],
			"to": [2.1, 11.75061, 7.93051],
			"rotation": {"angle": 45, "axis": "x", "origin": [16, 8, 6.9]},
			"faces": {
				"north": {"uv": [0, 0, 1.4, 1.55], "rotation": 90, "texture": "#2"},
				"east": {"uv": [0, 0, 1.4, 4], "rotation": 270, "texture": "#2"},
				"south": {"uv": [0, 0, 1.4, 1.55], "rotation": 270, "texture": "#2"},
				"west": {"uv": [7, 3, 8, 7], "rotation": 270, "texture": "#2"},
				"up": {"uv": [0, 0, 4, 2], "rotation": 270, "texture": "#2"},
				"down": {"uv": [0, 0, 4, 1.55], "rotation": 270, "texture": "#2"}
			}
		},
		{
			"from": [0.575, 10.35061, 6.01091],
			"to": [2.1, 11.55061, 10.01091],
			"rotation": {"angle": -45, "axis": "x", "origin": [16, 8, 6.9]},
			"faces": {
				"north": {"uv": [3.4, 0, 4.4, 1], "rotation": 90, "texture": "#2"},
				"east": {"uv": [0, 4, 1.2, 8], "rotation": 270, "texture": "#2"},
				"south": {"uv": [1.4, 0, 2.6, 1.525], "rotation": 270, "texture": "#2"},
				"west": {"uv": [7, 7, 8, 11], "rotation": 270, "texture": "#2"},
				"up": {"uv": [4, 0, 8, 2], "rotation": 270, "texture": "#2"},
				"down": {"uv": [4, 0, 8, 1.525], "rotation": 270, "texture": "#2"}
			}
		}
	],
	"groups": [
		{
			"name": "group",
			"origin": [3.8, 13.7, 9.3],
			"color": 0,
			"children": [0, 1, 2, 3, 4, 5, 6, 7, 8, 9, 10, 11, 12, 13, 14, 15, 16, 17, 18, 19, 20, 21, 22, 23, 24, 25, 26, 27, 28, 29, 30, 31, 32, 33, 34, 35, 36, 37, 38]
		}
	]
}