{
	"credit": "Made with Blockbench",
	"parent": "block/block",
	"texture_size": [32, 32],
	"textures": {
		"6": "block/chiseled_stone_bricks",
		"7": "block/cobblestone",
		"9": "block/enchanting_table_glow",
		"10": "block/diamond_block",
		"11": "block/stone",
		"13": "block/mossy_cobblestone",
		"14": "block/enchantment_table_runes",
		"16": "block/mossy_stone_bricks",
		"21": "block/stone_bricks",
		"particle": "block/chiseled_stone_bricks"
	},
	"elements": [
		{
			"from": [0.3, 12.3, 0.3],
			"to": [15.7, 15.7, 15.7],
			"rotation": {"angle": 0, "axis": "y", "origin": [15, 12, 18]},
			"faces": {
				"north": {"uv": [7.5, 3, 15, 4.5], "texture": "#9"},
				"east": {"uv": [7.5, 4.5, 15, 6], "texture": "#9"},
				"south": {"uv": [7.5, 0, 15, 1.5], "texture": "#9"},
				"west": {"uv": [7.5, 1.5, 15, 3], "texture": "#9"},
				"up": {"uv": [0, 0, 7.5, 7.5], "texture": "#9"},
				"down": {"uv": [0, 15, 7.5, 7.5], "texture": "#9"}
			}
		},
		{
			"from": [0, 12, 13],
			"to": [1, 16, 16],
			"rotation": {"angle": 0, "axis": "y", "origin": [2, 14, 16]},
			"faces": {
				"north": {"uv": [1, 11, 2, 15], "texture": "#6"},
				"east": {"uv": [0, 0, 0.75, 1], "texture": "#6"},
				"south": {"uv": [1, 12, 2, 16], "texture": "#6"},
				"west": {"uv": [0, 12, 3, 16], "texture": "#6"},
				"up": {"uv": [0, 13, 1, 16], "texture": "#6"},
				"down": {"uv": [2, 12, 1, 9], "texture": "#6"}
			}
		},
		{
			"from": [13, 12, 15],
			"to": [15, 16, 16],
			"rotation": {"angle": 0, "axis": "y", "origin": [14, 14, 16]},
			"faces": {
				"north": {"uv": [13, 12, 15, 16], "texture": "#6"},
				"east": {"uv": [13, 12, 15, 16], "texture": "#6"},
				"south": {"uv": [13, 12, 15, 16], "texture": "#6"},
				"west": {"uv": [13, 12, 14, 16], "texture": "#6"},
				"up": {"uv": [15, 16, 13, 15], "texture": "#6"},
				"down": {"uv": [15, 16, 13, 15], "texture": "#6"}
			}
		},
		{
			"from": [10, 12, 15],
			"to": [12, 16, 16],
			"rotation": {"angle": 0, "axis": "y", "origin": [11, 14, 16]},
			"faces": {
				"north": {"uv": [13, 12, 15, 16], "texture": "#6"},
				"east": {"uv": [13, 12, 14, 16], "texture": "#6"},
				"south": {"uv": [13, 12, 15, 16], "texture": "#6"},
				"west": {"uv": [13, 12, 14, 16], "texture": "#6"},
				"up": {"uv": [15, 16, 13, 15], "texture": "#6"},
				"down": {"uv": [15, 16, 13, 15], "texture": "#6"}
			}
		},
		{
			"from": [7, 12, 15],
			"to": [9, 16, 16],
			"rotation": {"angle": 0, "axis": "y", "origin": [8, 14, 16]},
			"faces": {
				"north": {"uv": [13, 12, 15, 16], "texture": "#6"},
				"east": {"uv": [13, 12, 14, 16], "texture": "#6"},
				"south": {"uv": [13, 12, 15, 16], "texture": "#6"},
				"west": {"uv": [13, 12, 14, 16], "texture": "#6"},
				"up": {"uv": [15, 16, 13, 15], "texture": "#6"},
				"down": {"uv": [15, 16, 13, 15], "texture": "#6"}
			}
		},
		{
			"from": [4, 12, 15],
			"to": [6, 16, 16],
			"rotation": {"angle": 0, "axis": "y", "origin": [5, 14, 16]},
			"faces": {
				"north": {"uv": [13, 12, 15, 16], "texture": "#6"},
				"east": {"uv": [13, 12, 14, 16], "texture": "#6"},
				"south": {"uv": [13, 12, 15, 16], "texture": "#6"},
				"west": {"uv": [13, 12, 14, 16], "texture": "#6"},
				"up": {"uv": [15, 16, 13, 15], "texture": "#6"},
				"down": {"uv": [15, 16, 13, 15], "texture": "#6"}
			}
		},
		{
			"from": [1, 12, 15],
			"to": [3, 16, 16],
			"rotation": {"angle": 0, "axis": "y", "origin": [2, 14, 16]},
			"faces": {
				"north": {"uv": [13, 12, 15, 16], "texture": "#6"},
				"east": {"uv": [13, 12, 14, 16], "texture": "#6"},
				"south": {"uv": [1, 12, 3, 16], "texture": "#6"},
				"west": {"uv": [13, 12, 14, 16], "texture": "#6"},
				"up": {"uv": [15, 16, 13, 15], "texture": "#6"},
				"down": {"uv": [15, 16, 13, 15], "texture": "#6"}
			}
		},
		{
			"from": [15, 12, 13],
			"to": [16, 16, 16],
			"rotation": {"angle": 0, "axis": "y", "origin": [14, 14, 16]},
			"faces": {
				"north": {"uv": [15, 12, 16, 16], "texture": "#6"},
				"east": {"uv": [13, 12, 16, 16], "texture": "#6"},
				"south": {"uv": [14, 12, 15, 16], "texture": "#6"},
				"west": {"uv": [0.75, 0, 0, 1], "texture": "#6"},
				"up": {"uv": [16, 15, 15, 13], "texture": "#6"},
				"down": {"uv": [15, 4.75, 16, 1], "texture": "#6"}
			}
		},
		{
			"from": [0, 12, 10],
			"to": [1, 16, 12],
			"rotation": {"angle": 0, "axis": "y", "origin": [2, 14, 13]},
			"faces": {
				"north": {"uv": [15, 4, 14, 0], "texture": "#6"},
				"east": {"uv": [1.25, 0, 0.75, 1], "texture": "#6"},
				"south": {"uv": [15, 0, 14, 4], "texture": "#6"},
				"west": {"uv": [13, 0, 15, 4], "texture": "#6"},
				"up": {"uv": [1, 12, 0, 14], "texture": "#6"},
				"down": {"uv": [2.25, 2, 4, 1], "texture": "#6"}
			}
		},
		{
			"from": [0, 12, 7],
			"to": [1, 16, 9],
			"rotation": {"angle": 0, "axis": "y", "origin": [2, 14, 10]},
			"faces": {
				"north": {"uv": [15, 4, 14, 0], "texture": "#6"},
				"east": {"uv": [1.25, 0, 0.75, 1], "texture": "#6"},
				"south": {"uv": [15, 0, 14, 4], "texture": "#6"},
				"west": {"uv": [13, 0, 15, 4], "texture": "#6"},
				"up": {"uv": [1, 12, 0, 14], "texture": "#6"},
				"down": {"uv": [2.25, 1.5, 3.5, 1], "texture": "#6"}
			}
		},
		{
			"from": [0, 12, 4],
			"to": [1, 16, 6],
			"rotation": {"angle": 0, "axis": "y", "origin": [2, 14, 7]},
			"faces": {
				"north": {"uv": [15, 4, 14, 0], "texture": "#6"},
				"east": {"uv": [1.25, 0, 0.75, 1], "texture": "#6"},
				"south": {"uv": [15, 0, 14, 4], "texture": "#6"},
				"west": {"uv": [13, 0, 15, 4], "texture": "#6"},
				"up": {"uv": [1, 12, 0, 14], "texture": "#6"},
				"down": {"uv": [1.25, 1.5, 2.5, 1], "texture": "#6"}
			}
		},
		{
			"from": [0, 12, 0],
			"to": [1, 16, 3],
			"rotation": {"angle": 0, "axis": "y", "origin": [2, 14, 0]},
			"faces": {
				"north": {"uv": [1, 0, 2, 4], "texture": "#6"},
				"east": {"uv": [0.75, 0, 0, 1], "texture": "#6"},
				"south": {"uv": [0.25, 0, 0, 1], "texture": "#6"},
				"west": {"uv": [0, 0, 3, 4], "texture": "#6"},
				"up": {"uv": [1, 5, 0, 2], "texture": "#6"},
				"down": {"uv": [3.25, 1, 1, 1.75], "texture": "#6"}
			}
		},
		{
			"from": [1, 12, 0],
			"to": [3, 16, 1],
			"rotation": {"angle": 0, "axis": "y", "origin": [2, 14, 0]},
			"faces": {
				"north": {"uv": [0, 15, 4, 13], "rotation": 90, "texture": "#6"},
				"east": {"uv": [0.25, 0, 0, 1], "texture": "#6"},
				"south": {"uv": [0.5, 0, 0, 1], "texture": "#6"},
				"west": {"uv": [0.25, 0, 0, 1], "texture": "#6"},
				"up": {"uv": [6, 1, 4, 0], "texture": "#6"},
				"down": {"uv": [3.1, 1, 2, 1.85], "texture": "#6"}
			}
		},
		{
			"from": [4, 12, 0],
			"to": [6, 16, 1],
			"rotation": {"angle": 0, "axis": "y", "origin": [5, 14, 0]},
			"faces": {
				"north": {"uv": [0, 15, 4, 13], "rotation": 90, "texture": "#6"},
				"east": {"uv": [0.25, 0, 0, 1], "texture": "#6"},
				"south": {"uv": [0.5, 0, 0, 1], "texture": "#6"},
				"west": {"uv": [0.25, 0, 0, 1], "texture": "#6"},
				"up": {"uv": [11, 1, 9, 0], "texture": "#6"},
				"down": {"uv": [0.5, 0, 0, 0.25], "texture": "#6"}
			}
		},
		{
			"from": [7, 12, 0],
			"to": [9, 16, 1],
			"rotation": {"angle": 0, "axis": "y", "origin": [8, 14, 0]},
			"faces": {
				"north": {"uv": [0, 15, 4, 13], "rotation": 90, "texture": "#6"},
				"east": {"uv": [0.25, 0, 0, 1], "texture": "#6"},
				"south": {"uv": [0.5, 0, 0, 1], "texture": "#6"},
				"west": {"uv": [0.25, 0, 0, 1], "texture": "#6"},
				"up": {"uv": [8, 1, 6, 0], "texture": "#6"},
				"down": {"uv": [0.5, 0, 0, 0.25], "texture": "#6"}
			}
		},
		{
			"from": [10, 12, 0],
			"to": [12, 16, 1],
			"rotation": {"angle": 0, "axis": "y", "origin": [11, 14, 0]},
			"faces": {
				"north": {"uv": [0, 15, 4, 13], "rotation": 90, "texture": "#6"},
				"east": {"uv": [0.25, 0, 0, 1], "texture": "#6"},
				"south": {"uv": [0.5, 0, 0, 1], "texture": "#6"},
				"west": {"uv": [0.25, 0, 0, 1], "texture": "#6"},
				"up": {"uv": [6, 1, 4, 0], "texture": "#6"},
				"down": {"uv": [0.5, 0, 0, 0.25], "texture": "#6"}
			}
		},
		{
			"from": [13, 12, 0],
			"to": [15, 16, 1],
			"rotation": {"angle": 0, "axis": "y", "origin": [14, 14, 0]},
			"faces": {
				"north": {"uv": [0, 15, 4, 13], "rotation": 90, "texture": "#6"},
				"east": {"uv": [0.25, 0, 0, 1], "texture": "#6"},
				"south": {"uv": [0.5, 0, 0, 1], "texture": "#6"},
				"west": {"uv": [0.25, 0, 0, 1], "texture": "#6"},
				"up": {"uv": [2, 1, 0, 0], "texture": "#6"},
				"down": {"uv": [6, 1, 4, 1.85], "texture": "#6"}
			}
		},
		{
			"from": [15, 12, 0],
			"to": [16, 16, 3],
			"rotation": {"angle": 0, "axis": "y", "origin": [14, 14, 0]},
			"faces": {
				"north": {"uv": [14, 12, 15, 16], "texture": "#6"},
				"east": {"uv": [13, 12, 15, 16], "texture": "#6"},
				"south": {"uv": [14, 12, 15, 16], "texture": "#6"},
				"west": {"uv": [0, 0, 0.75, 1], "texture": "#6"},
				"up": {"uv": [15, 0, 16, 3], "texture": "#6"},
				"down": {"uv": [2, 2, 3.25, 2.75], "texture": "#6"}
			}
		},
		{
			"from": [15, 12, 4],
			"to": [16, 16, 6],
			"rotation": {"angle": 0, "axis": "y", "origin": [14, 14, 3]},
			"faces": {
				"north": {"uv": [12, 14, 16, 15], "rotation": 90, "texture": "#6"},
				"east": {"uv": [12, 13, 16, 15], "rotation": 90, "texture": "#6"},
				"south": {"uv": [12, 14, 16, 15], "rotation": 90, "texture": "#6"},
				"west": {"uv": [12, 13, 16, 15], "rotation": 90, "texture": "#6"},
				"up": {"uv": [16, 15, 15, 13], "rotation": 90, "texture": "#6"},
				"down": {"uv": [16, 15, 15, 13], "rotation": 90, "texture": "#6"}
			}
		},
		{
			"from": [15, 12, 7],
			"to": [16, 16, 9],
			"rotation": {"angle": 0, "axis": "y", "origin": [14, 14, 6]},
			"faces": {
				"north": {"uv": [12, 14, 16, 15], "rotation": 90, "texture": "#6"},
				"east": {"uv": [12, 13, 16, 15], "rotation": 90, "texture": "#6"},
				"south": {"uv": [12, 14, 16, 15], "rotation": 90, "texture": "#6"},
				"west": {"uv": [12, 13, 16, 15], "rotation": 90, "texture": "#6"},
				"up": {"uv": [16, 15, 15, 13], "rotation": 90, "texture": "#6"},
				"down": {"uv": [16, 15, 15, 13], "rotation": 90, "texture": "#6"}
			}
		},
		{
			"from": [15, 12, 10],
			"to": [16, 16, 12],
			"rotation": {"angle": 0, "axis": "y", "origin": [14, 14, 9]},
			"faces": {
				"north": {"uv": [12, 14, 16, 15], "rotation": 90, "texture": "#6"},
				"east": {"uv": [12, 13, 16, 15], "rotation": 90, "texture": "#6"},
				"south": {"uv": [12, 14, 16, 15], "rotation": 90, "texture": "#6"},
				"west": {"uv": [12, 13, 16, 15], "rotation": 90, "texture": "#6"},
				"up": {"uv": [16, 15, 15, 13], "rotation": 90, "texture": "#6"},
				"down": {"uv": [16, 15, 15, 13], "rotation": 90, "texture": "#6"}
			}
		},
		{
			"from": [2, 14, 2],
			"to": [13, 16, 3],
			"rotation": {"angle": 0, "axis": "y", "origin": [15, 14, 14]},
			"faces": {
				"north": {"uv": [2, 1, 13, 2], "texture": "#6"},
				"east": {"uv": [2, 1, 13, 2], "texture": "#6"},
				"south": {"uv": [2, 1, 13, 2], "texture": "#6"},
				"west": {"uv": [2, 1, 13, 2], "texture": "#6"},
				"up": {"uv": [13, 1, 2, 0], "texture": "#6"},
				"down": {"uv": [13, 2, 2, 1], "texture": "#6"}
			}
		},
		{
			"from": [13, 14, 2],
			"to": [14, 16, 14],
			"rotation": {"angle": 0, "axis": "y", "origin": [15, 14, 14]},
			"faces": {
				"north": {"uv": [15, 13, 14, 2], "texture": "#6"},
				"east": {"uv": [15, 13, 14, 2], "texture": "#6"},
				"south": {"uv": [15, 13, 14, 2], "texture": "#6"},
				"west": {"uv": [15, 13, 14, 2], "texture": "#6"},
				"up": {"uv": [14, 2, 15, 13], "texture": "#6"},
				"down": {"uv": [14, 2, 15, 13], "texture": "#6"}
			}
		},
		{
			"from": [2, 14, 3],
			"to": [3, 16, 14],
			"rotation": {"angle": 0, "axis": "y", "origin": [4, 14, 14]},
			"faces": {
				"north": {"uv": [1, 1, 2, 12], "texture": "#6"},
				"east": {"uv": [1, 1, 2, 12], "texture": "#6"},
				"south": {"uv": [1, 1, 2, 12], "texture": "#6"},
				"west": {"uv": [1, 1, 2, 12], "texture": "#6"},
				"up": {"uv": [1, 12, 0, 1], "texture": "#6"},
				"down": {"uv": [2, 12, 1, 1], "texture": "#6"}
			}
		},
		{
			"from": [3, 14, 13],
			"to": [13, 16, 14],
			"rotation": {"angle": 0, "axis": "y", "origin": [15, 14, 25]},
			"faces": {
				"north": {"uv": [1, 14, 11, 15], "texture": "#6"},
				"east": {"uv": [1, 14, 11, 15], "texture": "#6"},
				"south": {"uv": [1, 14, 11, 15], "texture": "#6"},
				"west": {"uv": [1, 14, 11, 15], "texture": "#6"},
				"up": {"uv": [11, 15, 1, 14], "texture": "#6"},
				"down": {"uv": [11, 15, 1, 14], "texture": "#6"}
			}
		},
		{
			"from": [11, 14, 4],
			"to": [12, 16, 12],
			"rotation": {"angle": 0, "axis": "y", "origin": [13, 14, 14]},
			"faces": {
				"north": {"uv": [0, 0, 0.25, 0.5], "texture": "#6"},
				"east": {"uv": [0, 0, 2, 0.5], "texture": "#6"},
				"south": {"uv": [0, 0, 0.25, 0.5], "texture": "#6"},
				"west": {"uv": [0, 0, 2, 0.5], "texture": "#6"},
				"up": {"uv": [15, 14, 14, 6], "texture": "#6"},
				"down": {"uv": [0.25, 2, 0, 0], "texture": "#6"}
			}
		},
		{
			"from": [5, 14, 11],
			"to": [11, 16, 12],
			"rotation": {"angle": 0, "axis": "y", "origin": [15, 14, 23]},
			"faces": {
				"north": {"uv": [1, 15, 7, 14], "texture": "#6"},
				"east": {"uv": [1, 15, 7, 14], "texture": "#6"},
				"south": {"uv": [1, 15, 7, 14], "texture": "#6"},
				"west": {"uv": [1, 15, 7, 14], "texture": "#6"},
				"up": {"uv": [7, 14, 1, 15], "texture": "#6"},
				"down": {"uv": [7, 14, 1, 15], "texture": "#6"}
			}
		},
		{
			"from": [4, 14, 4],
			"to": [5, 16, 12],
			"rotation": {"angle": 0, "axis": "y", "origin": [6, 14, 14]},
			"faces": {
				"north": {"uv": [1, 3, 2, 11], "texture": "#6"},
				"east": {"uv": [1, 3, 2, 11], "texture": "#6"},
				"south": {"uv": [1, 3, 2, 11], "texture": "#6"},
				"west": {"uv": [1, 3, 2, 11], "texture": "#6"},
				"up": {"uv": [2, 11, 1, 3], "texture": "#6"},
				"down": {"uv": [2, 11, 1, 3], "texture": "#6"}
			}
		},
		{
			"from": [5, 14, 4],
			"to": [11, 16, 5],
			"rotation": {"angle": 0, "axis": "y", "origin": [15, 14, 16]},
			"faces": {
				"north": {"uv": [5, 3, 11, 4], "texture": "#6"},
				"east": {"uv": [5, 3, 11, 4], "texture": "#6"},
				"south": {"uv": [5, 3, 11, 4], "texture": "#6"},
				"west": {"uv": [5, 3, 11, 4], "texture": "#6"},
				"up": {"uv": [11, 4, 5, 3], "texture": "#6"},
				"down": {"uv": [11, 4, 5, 3], "texture": "#6"}
			}
		},
		{
			"from": [6, 14, 3],
			"to": [7, 16, 4],
			"rotation": {"angle": 0, "axis": "y", "origin": [15, 14, 16]},
			"faces": {
				"north": {"uv": [9, 3, 10, 4], "texture": "#6"},
				"east": {"uv": [9, 3, 10, 4], "texture": "#6"},
				"south": {"uv": [9, 3, 10, 4], "texture": "#6"},
				"west": {"uv": [9, 3, 10, 4], "texture": "#6"},
				"up": {"uv": [10, 4, 9, 3], "texture": "#6"},
				"down": {"uv": [10, 4, 9, 3], "texture": "#6"}
			}
		},
		{
			"from": [6, 14, 5],
			"to": [7, 16, 11],
			"rotation": {"angle": 0, "axis": "y", "origin": [15, 14, 18]},
			"faces": {
				"north": {"uv": [10, 11, 9, 4], "texture": "#6"},
				"east": {"uv": [10, 11, 9, 4], "texture": "#6"},
				"south": {"uv": [10, 11, 9, 4], "texture": "#6"},
				"west": {"uv": [10, 11, 9, 4], "texture": "#6"},
				"up": {"uv": [9, 4, 10, 10], "texture": "#6"},
				"down": {"uv": [9, 4, 10, 11], "texture": "#6"}
			}
		},
		{
			"from": [9, 14, 5],
			"to": [10, 16, 11],
			"rotation": {"angle": 0, "axis": "y", "origin": [18, 14, 18]},
			"faces": {
				"north": {"uv": [6, 11, 5, 4], "texture": "#6"},
				"east": {"uv": [6, 11, 5, 4], "texture": "#6"},
				"south": {"uv": [6, 11, 5, 4], "texture": "#6"},
				"west": {"uv": [6, 11, 5, 4], "texture": "#6"},
				"up": {"uv": [5, 4, 6, 10], "texture": "#6"},
				"down": {"uv": [5, 4, 6, 11], "texture": "#6"}
			}
		},
		{
			"from": [6, 14, 12],
			"to": [7, 16, 13],
			"rotation": {"angle": 0, "axis": "y", "origin": [15, 14, 25]},
			"faces": {
				"north": {"uv": [0, 0, 0.25, 0.5], "texture": "#6"},
				"east": {"uv": [0, 0, 0.25, 0.5], "texture": "#6"},
				"south": {"uv": [0, 0, 0.25, 0.5], "texture": "#6"},
				"west": {"uv": [0, 0, 0.25, 0.5], "texture": "#6"},
				"up": {"uv": [15, 9, 14, 8], "texture": "#6"},
				"down": {"uv": [0.25, 0.25, 0, 0], "texture": "#6"}
			}
		},
		{
			"from": [9, 14, 12],
			"to": [10, 16, 13],
			"rotation": {"angle": 0, "axis": "y", "origin": [18, 14, 25]},
			"faces": {
				"north": {"uv": [0, 0, 0.25, 0.5], "texture": "#6"},
				"east": {"uv": [0, 0, 0.25, 0.5], "texture": "#6"},
				"south": {"uv": [0, 0, 0.25, 0.5], "texture": "#6"},
				"west": {"uv": [0, 0, 0.25, 0.5], "texture": "#6"},
				"up": {"uv": [10, 11, 9, 10], "texture": "#6"},
				"down": {"uv": [0.25, 0.25, 0, 0], "texture": "#6"}
			}
		},
		{
			"from": [9, 14, 3],
			"to": [10, 16, 4],
			"rotation": {"angle": 0, "axis": "y", "origin": [18, 14, 16]},
			"faces": {
				"north": {"uv": [5, 3, 6, 4], "texture": "#6"},
				"east": {"uv": [5, 3, 6, 4], "texture": "#6"},
				"south": {"uv": [5, 3, 6, 4], "texture": "#6"},
				"west": {"uv": [5, 3, 6, 4], "texture": "#6"},
				"up": {"uv": [6, 4, 5, 3], "texture": "#6"},
				"down": {"uv": [6, 4, 5, 3], "texture": "#6"}
			}
		},
		{
			"from": [10, 14, 9],
			"to": [11, 16, 10],
			"rotation": {"angle": 0, "axis": "y", "origin": [15, 14, 21]},
			"faces": {
				"north": {"uv": [14, 10, 15, 11], "texture": "#6"},
				"east": {"uv": [14, 10, 15, 11], "texture": "#6"},
				"south": {"uv": [14, 10, 15, 11], "texture": "#6"},
				"west": {"uv": [14, 10, 15, 11], "texture": "#6"},
				"up": {"uv": [15, 11, 14, 10], "texture": "#6"},
				"down": {"uv": [15, 11, 14, 10], "texture": "#6"}
			}
		},
		{
			"from": [7, 14, 9],
			"to": [9, 16, 10],
			"rotation": {"angle": 0, "axis": "y", "origin": [12, 14, 21]},
			"faces": {
				"north": {"uv": [7, 5, 9, 6], "texture": "#6"},
				"east": {"uv": [7, 5, 9, 6], "texture": "#6"},
				"south": {"uv": [7, 5, 9, 6], "texture": "#6"},
				"west": {"uv": [7, 5, 9, 6], "texture": "#6"},
				"up": {"uv": [9, 6, 7, 5], "texture": "#6"},
				"down": {"uv": [9, 6, 7, 5], "texture": "#6"}
			}
		},
		{
			"from": [7, 14, 6],
			"to": [9, 16, 7],
			"rotation": {"angle": 0, "axis": "y", "origin": [12, 14, 18]},
			"faces": {
				"north": {"uv": [7, 5, 9, 6], "texture": "#6"},
				"east": {"uv": [7, 5, 9, 6], "texture": "#6"},
				"south": {"uv": [7, 5, 9, 6], "texture": "#6"},
				"west": {"uv": [7, 5, 9, 6], "texture": "#6"},
				"up": {"uv": [8, 10, 6, 9], "texture": "#6"},
				"down": {"uv": [9, 6, 7, 5], "texture": "#6"}
			}
		},
		{
			"from": [10, 14, 6],
			"to": [11, 16, 7],
			"rotation": {"angle": 0, "axis": "y", "origin": [15, 14, 18]},
			"faces": {
				"north": {"uv": [4, 14, 5, 15], "texture": "#6"},
				"east": {"uv": [4, 14, 5, 15], "texture": "#6"},
				"south": {"uv": [4, 14, 5, 15], "texture": "#6"},
				"west": {"uv": [4, 14, 5, 15], "texture": "#6"},
				"up": {"uv": [5, 15, 4, 14], "texture": "#6"},
				"down": {"uv": [5, 15, 4, 14], "texture": "#6"}
			}
		},
		{
			"from": [3, 14, 6],
			"to": [4, 16, 7],
			"rotation": {"angle": 0, "axis": "y", "origin": [8, 14, 18]},
			"faces": {
				"north": {"uv": [4, 14, 5, 15], "texture": "#6"},
				"east": {"uv": [4, 14, 5, 15], "texture": "#6"},
				"south": {"uv": [4, 14, 5, 15], "texture": "#6"},
				"west": {"uv": [4, 14, 5, 15], "texture": "#6"},
				"up": {"uv": [5, 15, 4, 14], "texture": "#6"},
				"down": {"uv": [5, 15, 4, 14], "texture": "#6"}
			}
		},
		{
			"from": [13, 12, 4],
			"to": [15, 13, 6],
			"rotation": {"angle": 0, "axis": "y", "origin": [14, 14, 7]},
			"faces": {
				"north": {"uv": [15.5, 4, 16, 4.5], "texture": "#6"},
				"east": {"uv": [15.5, 4, 16, 4.5], "texture": "#6"},
				"south": {"uv": [15.5, 4, 16, 4.5], "texture": "#6"},
				"west": {"uv": [15.5, 4, 16, 4.5], "texture": "#6"},
				"up": {"uv": [16, 4.5, 15.5, 4], "texture": "#6"},
				"down": {"uv": [16, 4.5, 15.5, 4], "texture": "#6"}
			}
		},
		{
			"from": [13, 12, 7],
			"to": [15, 13, 9],
			"rotation": {"angle": 0, "axis": "y", "origin": [14, 14, 10]},
			"faces": {
				"north": {"uv": [15.5, 4, 16, 4.5], "texture": "#6"},
				"east": {"uv": [15.5, 4, 16, 4.5], "texture": "#6"},
				"south": {"uv": [15.5, 4, 16, 4.5], "texture": "#6"},
				"west": {"uv": [15.5, 4, 16, 4.5], "texture": "#6"},
				"up": {"uv": [16, 4.5, 15.5, 4], "texture": "#6"},
				"down": {"uv": [16, 4.5, 15.5, 4], "texture": "#6"}
			}
		},
		{
			"from": [13, 12, 10],
			"to": [15, 13, 12],
			"rotation": {"angle": 0, "axis": "y", "origin": [14, 14, 13]},
			"faces": {
				"north": {"uv": [15.5, 4, 16, 4.5], "texture": "#6"},
				"east": {"uv": [15.5, 4, 16, 4.5], "texture": "#6"},
				"south": {"uv": [15.5, 4, 16, 4.5], "texture": "#6"},
				"west": {"uv": [15.5, 4, 16, 4.5], "texture": "#6"},
				"up": {"uv": [16, 4.5, 15.5, 4], "texture": "#6"},
				"down": {"uv": [16, 4.5, 15.5, 4], "texture": "#6"}
			}
		},
		{
			"from": [13, 12, 13],
			"to": [15, 13, 15],
			"rotation": {"angle": 0, "axis": "y", "origin": [14, 14, 16]},
			"faces": {
				"north": {"uv": [15.5, 4, 16, 4.5], "texture": "#6"},
				"east": {"uv": [15.5, 4, 16, 4.5], "texture": "#6"},
				"south": {"uv": [15.5, 4, 16, 4.5], "texture": "#6"},
				"west": {"uv": [15.5, 4, 16, 4.5], "texture": "#6"},
				"up": {"uv": [16, 4.5, 15.5, 4], "texture": "#6"},
				"down": {"uv": [16, 4.5, 15.5, 4], "texture": "#6"}
			}
		},
		{
			"from": [13, 12, 1],
			"to": [15, 13, 3],
			"rotation": {"angle": 0, "axis": "y", "origin": [14, 14, 4]},
			"faces": {
				"north": {"uv": [0.25, 0, 0.75, 0.25], "texture": "#6"},
				"east": {"uv": [0.75, 0, 1.25, 0.25], "texture": "#6"},
				"south": {"uv": [0.25, 0, 0.75, 0.25], "texture": "#6"},
				"west": {"uv": [0.75, 0, 1.25, 0.25], "texture": "#6"},
				"up": {"uv": [0.75, 0.5, 0.25, 0], "texture": "#6"},
				"down": {"uv": [2.8, 1.8, 1.25, 1], "texture": "#6"}
			}
		},
		{
			"from": [10, 12, 1],
			"to": [12, 13, 3],
			"rotation": {"angle": 0, "axis": "y", "origin": [11, 14, 4]},
			"faces": {
				"north": {"uv": [0.25, 0, 0.75, 0.25], "texture": "#6"},
				"east": {"uv": [0.75, 0, 1.25, 0.25], "texture": "#6"},
				"south": {"uv": [0.25, 0, 0.75, 0.25], "texture": "#6"},
				"west": {"uv": [0.75, 0, 1.25, 0.25], "texture": "#6"},
				"up": {"uv": [0.75, 0.5, 0.25, 0], "texture": "#6"},
				"down": {"uv": [0.75, 0.5, 0.25, 0], "texture": "#6"}
			}
		},
		{
			"from": [7, 12, 1],
			"to": [9, 13, 3],
			"rotation": {"angle": 0, "axis": "y", "origin": [8, 14, 4]},
			"faces": {
				"north": {"uv": [0.25, 0, 0.75, 0.25], "texture": "#6"},
				"east": {"uv": [0.75, 0, 1.25, 0.25], "texture": "#6"},
				"south": {"uv": [0.25, 0, 0.75, 0.25], "texture": "#6"},
				"west": {"uv": [0.75, 0, 1.25, 0.25], "texture": "#6"},
				"up": {"uv": [0.75, 0.5, 0.25, 0], "texture": "#6"},
				"down": {"uv": [0.75, 0.5, 0.25, 0], "texture": "#6"}
			}
		},
		{
			"from": [4, 12, 1],
			"to": [6, 13, 3],
			"rotation": {"angle": 0, "axis": "y", "origin": [5, 14, 4]},
			"faces": {
				"north": {"uv": [0.25, 0, 0.75, 0.25], "texture": "#6"},
				"east": {"uv": [0.75, 0, 1.25, 0.25], "texture": "#6"},
				"south": {"uv": [0.25, 0, 0.75, 0.25], "texture": "#6"},
				"west": {"uv": [0.75, 0, 1.25, 0.25], "texture": "#6"},
				"up": {"uv": [0.75, 0.5, 0.25, 0], "texture": "#6"},
				"down": {"uv": [0.75, 0.5, 0.25, 0], "texture": "#6"}
			}
		},
		{
			"from": [1, 12, 10],
			"to": [3, 13, 12],
			"rotation": {"angle": 0, "axis": "y", "origin": [2, 14, 13]},
			"faces": {
				"north": {"uv": [13, 13, 15, 15], "texture": "#6"},
				"east": {"uv": [13, 13, 15, 15], "texture": "#6"},
				"south": {"uv": [13, 13, 15, 15], "texture": "#6"},
				"west": {"uv": [13, 13, 15, 15], "texture": "#6"},
				"up": {"uv": [15, 15, 13, 13], "texture": "#6"},
				"down": {"uv": [3, 2, 1, 0], "rotation": 270, "texture": "#6"}
			}
		},
		{
			"from": [1, 12, 7],
			"to": [3, 13, 9],
			"rotation": {"angle": 0, "axis": "y", "origin": [2, 14, 10]},
			"faces": {
				"north": {"uv": [13, 13, 15, 15], "texture": "#6"},
				"east": {"uv": [13, 13, 15, 15], "texture": "#6"},
				"south": {"uv": [13, 13, 15, 15], "texture": "#6"},
				"west": {"uv": [13, 13, 15, 15], "texture": "#6"},
				"up": {"uv": [15, 15, 13, 13], "texture": "#6"},
				"down": {"uv": [3, 2, 1, 0], "rotation": 270, "texture": "#6"}
			}
		},
		{
			"from": [1, 12, 4],
			"to": [3, 13, 6],
			"rotation": {"angle": 0, "axis": "y", "origin": [2, 14, 7]},
			"faces": {
				"north": {"uv": [13, 13, 15, 15], "texture": "#6"},
				"east": {"uv": [13, 13, 15, 15], "texture": "#6"},
				"south": {"uv": [13, 13, 15, 15], "texture": "#6"},
				"west": {"uv": [13, 13, 15, 15], "texture": "#6"},
				"up": {"uv": [15, 15, 13, 13], "texture": "#6"},
				"down": {"uv": [3, 2, 1, 0], "rotation": 270, "texture": "#6"}
			}
		},
		{
			"from": [1, 12, 1],
			"to": [3, 13, 3],
			"rotation": {"angle": 0, "axis": "y", "origin": [2, 14, 4]},
			"faces": {
				"north": {"uv": [13, 13, 15, 15], "texture": "#6"},
				"east": {"uv": [13, 13, 15, 15], "texture": "#6"},
				"south": {"uv": [13, 13, 15, 15], "texture": "#6"},
				"west": {"uv": [13, 13, 15, 15], "texture": "#6"},
				"up": {"uv": [15, 15, 13, 13], "texture": "#6"},
				"down": {"uv": [2, 2, 0, 0], "rotation": 270, "texture": "#6"}
			}
		},
		{
			"from": [10, 12, 13],
			"to": [12, 13, 15],
			"rotation": {"angle": 0, "axis": "y", "origin": [11, 14, 16]},
			"faces": {
				"north": {"uv": [15.25, 4, 16, 8.5], "texture": "#6"},
				"east": {"uv": [15.25, 4, 16, 8.5], "texture": "#6"},
				"south": {"uv": [15.25, 4, 16, 8.5], "texture": "#6"},
				"west": {"uv": [15.25, 4, 16, 8.5], "texture": "#6"},
				"up": {"uv": [16, 8.5, 15.25, 4], "texture": "#6"},
				"down": {"uv": [16, 8.5, 15.25, 4], "texture": "#6"}
			}
		},
		{
			"from": [7, 12, 13],
			"to": [9, 13, 15],
			"rotation": {"angle": 0, "axis": "y", "origin": [8, 14, 16]},
			"faces": {
				"north": {"uv": [15.25, 4, 16, 8.5], "texture": "#6"},
				"east": {"uv": [15.25, 4, 16, 8.5], "texture": "#6"},
				"south": {"uv": [15.25, 4, 16, 8.5], "texture": "#6"},
				"west": {"uv": [15.25, 4, 16, 8.5], "texture": "#6"},
				"up": {"uv": [16, 8.5, 15.25, 4], "texture": "#6"},
				"down": {"uv": [16, 8.5, 15.25, 4], "texture": "#6"}
			}
		},
		{
			"from": [4, 12, 13],
			"to": [6, 13, 15],
			"rotation": {"angle": 0, "axis": "y", "origin": [5, 14, 16]},
			"faces": {
				"north": {"uv": [15.25, 4, 16, 8.5], "texture": "#6"},
				"east": {"uv": [15.25, 4, 16, 8.5], "texture": "#6"},
				"south": {"uv": [15.25, 4, 16, 8.5], "texture": "#6"},
				"west": {"uv": [15.25, 4, 16, 8.5], "texture": "#6"},
				"up": {"uv": [16, 8.5, 15.25, 4], "texture": "#6"},
				"down": {"uv": [16, 8.5, 15.25, 4], "texture": "#6"}
			}
		},
		{
			"from": [1, 12, 13],
			"to": [3, 13, 15],
			"rotation": {"angle": 0, "axis": "y", "origin": [2, 14, 16]},
			"faces": {
				"north": {"uv": [15.25, 4, 16, 8.5], "texture": "#6"},
				"east": {"uv": [15.25, 4, 16, 8.5], "texture": "#6"},
				"south": {"uv": [15.25, 4, 16, 8.5], "texture": "#6"},
				"west": {"uv": [15.25, 4, 16, 8.5], "texture": "#6"},
				"up": {"uv": [16, 8.5, 15.25, 4], "texture": "#6"},
				"down": {"uv": [14, 2, 16, 0], "texture": "#6"}
			}
		},
		{
			"from": [3, 12, 3],
			"to": [13, 13, 13],
			"rotation": {"angle": 0, "axis": "y", "origin": [12, 14, 6]},
			"faces": {
				"north": {"uv": [0.25, 0, 2.75, 0.25], "texture": "#6"},
				"east": {"uv": [0.75, 0, 3.25, 0.25], "texture": "#6"},
				"south": {"uv": [0.25, 0, 2.75, 0.25], "texture": "#6"},
				"west": {"uv": [0.75, 0, 3.25, 0.25], "texture": "#6"},
				"up": {"uv": [2.75, 2.5, 0.25, 0], "texture": "#6"},
				"down": {"uv": [2.75, 2.5, 0.25, 0], "texture": "#6"}
			}
		},
		{
			"from": [12, 14, 6],
			"to": [13, 16, 7],
			"rotation": {"angle": 0, "axis": "y", "origin": [17, 14, 18]},
			"faces": {
				"north": {"uv": [14, 6, 15, 7], "texture": "#6"},
				"east": {"uv": [14, 6, 15, 7], "texture": "#6"},
				"south": {"uv": [14, 6, 15, 7], "texture": "#6"},
				"west": {"uv": [14, 6, 15, 7], "texture": "#6"},
				"up": {"uv": [15, 7, 14, 6], "texture": "#6"},
				"down": {"uv": [15, 7, 14, 6], "texture": "#6"}
			}
		},
		{
			"from": [12, 14, 9],
			"to": [13, 16, 10],
			"rotation": {"angle": 0, "axis": "y", "origin": [17, 14, 21]},
			"faces": {
				"north": {"uv": [4, 13, 5, 14], "texture": "#6"},
				"east": {"uv": [4, 13, 5, 14], "texture": "#6"},
				"south": {"uv": [4, 13, 5, 14], "texture": "#6"},
				"west": {"uv": [4, 13, 5, 14], "texture": "#6"},
				"up": {"uv": [5, 14, 4, 13], "texture": "#6"},
				"down": {"uv": [5, 14, 4, 13], "texture": "#6"}
			}
		},
		{
			"from": [5, 14, 6],
			"to": [6, 16, 7],
			"rotation": {"angle": 0, "axis": "y", "origin": [10, 14, 18]},
			"faces": {
				"north": {"uv": [14, 6, 15, 7], "texture": "#6"},
				"east": {"uv": [14, 6, 15, 7], "texture": "#6"},
				"south": {"uv": [14, 6, 15, 7], "texture": "#6"},
				"west": {"uv": [14, 6, 15, 7], "texture": "#6"},
				"up": {"uv": [15, 7, 14, 6], "texture": "#6"},
				"down": {"uv": [15, 7, 14, 6], "texture": "#6"}
			}
		},
		{
			"from": [5, 14, 9],
			"to": [6, 16, 10],
			"rotation": {"angle": 0, "axis": "y", "origin": [10, 14, 21]},
			"faces": {
				"north": {"uv": [4, 13, 5, 14], "texture": "#6"},
				"east": {"uv": [4, 13, 5, 14], "texture": "#6"},
				"south": {"uv": [4, 13, 5, 14], "texture": "#6"},
				"west": {"uv": [4, 13, 5, 14], "texture": "#6"},
				"up": {"uv": [5, 14, 4, 13], "texture": "#6"},
				"down": {"uv": [5, 14, 4, 13], "texture": "#6"}
			}
		},
		{
			"from": [3, 14, 9],
			"to": [4, 16, 10],
			"rotation": {"angle": 0, "axis": "y", "origin": [8, 14, 21]},
			"faces": {
				"north": {"uv": [14, 10, 15, 11], "texture": "#6"},
				"east": {"uv": [14, 10, 15, 11], "texture": "#6"},
				"south": {"uv": [14, 10, 15, 11], "texture": "#6"},
				"west": {"uv": [14, 10, 15, 11], "texture": "#6"},
				"up": {"uv": [15, 11, 14, 10], "texture": "#6"},
				"down": {"uv": [15, 11, 14, 10], "texture": "#6"}
			}
		},
		{
			"from": [2, 3, 2],
			"to": [14, 5, 14],
			"rotation": {"angle": 0, "axis": "y", "origin": [16, 3, 16]},
			"faces": {
				"north": {"uv": [1, 1, 15, 3], "texture": "#13"},
				"east": {"uv": [1, 1, 15, 3], "texture": "#13"},
				"south": {"uv": [1, 1, 15, 3], "texture": "#13"},
				"west": {"uv": [1, 1, 15, 3], "texture": "#13"},
				"up": {"uv": [15, 15, 1, 1], "texture": "#13"},
				"down": {"uv": [15, 15, 1, 1], "texture": "#13"}
			}
		},
		{
			"from": [3, 10, 3],
			"to": [13, 12, 13],
			"rotation": {"angle": 0, "axis": "y", "origin": [16, 10, 16]},
			"faces": {
				"north": {"uv": [3, 3, 12, 5], "rotation": 180, "texture": "#6"},
				"east": {"uv": [3, 10, 12, 12], "texture": "#6"},
				"south": {"uv": [3, 10, 12, 12], "texture": "#6"},
				"west": {"uv": [3, 3, 5, 12], "rotation": 270, "texture": "#6"},
				"up": {"uv": [0, 0, 5, 5], "texture": "#6"},
				"down": {"uv": [3, 12, 12, 3], "texture": "#6"}
			}
		},
		{
			"from": [5, 4, 5],
			"to": [11, 12, 11],
			"rotation": {"angle": 0, "axis": "y", "origin": [16, 2, 16]},
			"faces": {
				"north": {"uv": [4, 0, 11, 16], "texture": "#21"},
				"east": {"uv": [4, 0, 11, 16], "texture": "#21"},
				"south": {"uv": [4, 0, 11, 16], "texture": "#21"},
				"west": {"uv": [4, 0, 11, 16], "texture": "#21"},
				"up": {"uv": [11, 16, 4, 0], "texture": "#21"},
				"down": {"uv": [11, 16, 4, 0], "texture": "#21"}
			}
		},
		{
			"from": [4, 4, 10],
			"to": [6, 7, 12],
			"rotation": {"angle": 0, "axis": "y", "origin": [-1, 2, 1]},
			"faces": {
				"north": {"uv": [7, 8, 4, 5], "texture": "#11"},
				"east": {"uv": [7, 8, 4, 5], "texture": "#11"},
				"south": {"uv": [7, 8, 4, 5], "texture": "#11"},
				"west": {"uv": [7, 8, 4, 5], "texture": "#11"},
				"up": {"uv": [4, 5, 7, 8], "texture": "#11"},
				"down": {"uv": [4, 5, 7, 8], "texture": "#11"}
			}
		},
		{
			"from": [10, 4, 10],
			"to": [12, 7, 12],
			"rotation": {"angle": 0, "axis": "y", "origin": [17, 2, 1]},
			"faces": {
				"north": {"uv": [4, 8, 7, 5], "texture": "#11"},
				"east": {"uv": [4, 8, 7, 5], "texture": "#11"},
				"south": {"uv": [4, 8, 7, 5], "texture": "#11"},
				"west": {"uv": [4, 8, 7, 5], "texture": "#11"},
				"up": {"uv": [7, 5, 4, 8], "texture": "#11"},
				"down": {"uv": [7, 5, 4, 8], "texture": "#11"}
			}
		},
		{
			"from": [10, 4, 4],
			"to": [12, 7, 6],
			"rotation": {"angle": 0, "axis": "y", "origin": [17, 2, 15]},
			"faces": {
				"north": {"uv": [7, 8, 4, 5], "texture": "#11"},
				"east": {"uv": [7, 8, 4, 5], "texture": "#11"},
				"south": {"uv": [7, 8, 4, 5], "texture": "#11"},
				"west": {"uv": [7, 8, 4, 5], "texture": "#11"},
				"up": {"uv": [7, 8, 4, 5], "texture": "#11"},
				"down": {"uv": [7, 8, 4, 5], "texture": "#11"}
			}
		},
		{
			"from": [4, 4, 4],
			"to": [6, 7, 6],
			"rotation": {"angle": 0, "axis": "y", "origin": [-1, 2, 15]},
			"faces": {
				"north": {"uv": [4, 8, 7, 5], "texture": "#11"},
				"east": {"uv": [4, 8, 7, 5], "texture": "#11"},
				"south": {"uv": [4, 8, 7, 5], "texture": "#11"},
				"west": {"uv": [4, 8, 7, 5], "texture": "#11"},
				"up": {"uv": [4, 8, 7, 5], "texture": "#11"},
				"down": {"uv": [4, 8, 7, 5], "texture": "#11"}
			}
		},
		{
			"from": [6.4, 4, 4],
			"to": [9.6, 7, 6],
			"rotation": {"angle": 0, "axis": "y", "origin": [-1.4, 2, 11]},
			"faces": {
				"north": {"uv": [0, 0, 7, 6], "texture": "#7"},
				"east": {"uv": [1, 0, 5, 6], "texture": "#7"},
				"south": {"uv": [0, 0, 7, 6], "texture": "#7"},
				"west": {"uv": [0, 0, 4, 6], "texture": "#7"},
				"up": {"uv": [7, 4, 0, 0], "texture": "#7"},
				"down": {"uv": [6, 4, 0, 0], "texture": "#7"}
			}
		},
		{
			"from": [6.4, 4, 10],
			"to": [9.6, 7, 12],
			"rotation": {"angle": 0, "axis": "y", "origin": [-1.4, 2, 5]},
			"faces": {
				"north": {"uv": [7, 0, 0, 6], "texture": "#7"},
				"east": {"uv": [5, 0, 1, 6], "texture": "#7"},
				"south": {"uv": [7, 0, 0, 6], "texture": "#7"},
				"west": {"uv": [4, 0, 0, 6], "texture": "#7"},
				"up": {"uv": [7, 0, 0, 4], "texture": "#7"},
				"down": {"uv": [6, 0, 0, 4], "texture": "#7"}
			}
		},
		{
			"from": [10, 4, 6.4],
			"to": [12, 7, 9.6],
			"rotation": {"angle": 0, "axis": "y", "origin": [5, 2, 17.4]},
			"faces": {
				"north": {"uv": [5, 0, 1, 6], "texture": "#7"},
				"east": {"uv": [7, 0, 0, 6], "texture": "#7"},
				"south": {"uv": [4, 0, 0, 6], "texture": "#7"},
				"west": {"uv": [7, 0, 0, 6], "texture": "#7"},
				"up": {"uv": [7, 0, 0, 4], "rotation": 270, "texture": "#7"},
				"down": {"uv": [6, 0, 0, 4], "rotation": 90, "texture": "#7"}
			}
		},
		{
			"from": [4, 4, 6.4],
			"to": [6, 7, 9.6],
			"rotation": {"angle": 0, "axis": "y", "origin": [11, 2, 17.4]},
			"faces": {
				"north": {"uv": [1, 0, 5, 6], "texture": "#7"},
				"east": {"uv": [0, 0, 7, 6], "texture": "#7"},
				"south": {"uv": [0, 0, 4, 6], "texture": "#7"},
				"west": {"uv": [0, 0, 7, 6], "texture": "#7"},
				"up": {"uv": [7, 4, 0, 0], "rotation": 270, "texture": "#7"},
				"down": {"uv": [6, 4, 0, 0], "rotation": 90, "texture": "#7"}
			}
		},
		{
			"from": [14, -0.1, 14],
			"to": [17, 4, 17],
			"rotation": {"angle": 0, "axis": "y", "origin": [17, 0, 17]},
			"faces": {
				"north": {"uv": [6, 3, 9, 6], "texture": "#6"},
				"east": {"uv": [6, 3, 9, 6], "texture": "#6"},
				"south": {"uv": [6, 3, 9, 6], "texture": "#6"},
				"west": {"uv": [6, 3, 9, 6], "texture": "#6"},
				"up": {"uv": [10, 10, 5, 5], "texture": "#6"},
				"down": {"uv": [9, 6, 6, 3], "texture": "#6"}
			}
		},
		{
			"from": [14, -0.1, 9],
			"to": [17, 4, 12],
			"rotation": {"angle": 0, "axis": "y", "origin": [17, 0, 12]},
			"faces": {
				"north": {"uv": [6, 3, 9.75, 6.75], "texture": "#11"},
				"east": {"uv": [6, 3, 9.75, 6.75], "texture": "#11"},
				"south": {"uv": [6, 3, 9.75, 6.75], "texture": "#11"},
				"west": {"uv": [6, 3, 9.75, 6.75], "texture": "#11"},
				"up": {"uv": [9.75, 6.75, 6, 3], "texture": "#11"},
				"down": {"uv": [9.75, 6.75, 6, 3], "texture": "#11"}
			}
		},
		{
			"from": [14, -0.1, 4],
			"to": [17, 4, 7],
			"rotation": {"angle": 0, "axis": "y", "origin": [17, 0, 7]},
			"faces": {
				"north": {"uv": [6, 3, 9.75, 6.75], "texture": "#11"},
				"east": {"uv": [6, 3, 9.75, 6.75], "texture": "#11"},
				"south": {"uv": [6, 3, 9.75, 6.75], "texture": "#11"},
				"west": {"uv": [6, 3, 9.75, 6.75], "texture": "#11"},
				"up": {"uv": [9.75, 6.75, 6, 3], "texture": "#11"},
				"down": {"uv": [9.75, 6.75, 6, 3], "texture": "#11"}
			}
		},
		{
			"from": [-1, -0.1, 4],
			"to": [2, 4, 7],
			"rotation": {"angle": 0, "axis": "y", "origin": [2, 0, 7]},
			"faces": {
				"north": {"uv": [6, 3, 9.75, 6.75], "texture": "#11"},
				"east": {"uv": [6, 3, 9.75, 6.75], "texture": "#11"},
				"south": {"uv": [6, 3, 9.75, 6.75], "texture": "#11"},
				"west": {"uv": [6, 3, 9.75, 6.75], "texture": "#11"},
				"up": {"uv": [9.75, 6.75, 6, 3], "texture": "#11"},
				"down": {"uv": [9.75, 6.75, 6, 3], "texture": "#11"}
			}
		},
		{
			"from": [-1, -0.1, 9],
			"to": [2, 4, 12],
			"rotation": {"angle": 0, "axis": "y", "origin": [2, 0, 12]},
			"faces": {
				"north": {"uv": [6, 3, 9.75, 6.75], "texture": "#11"},
				"east": {"uv": [6, 3, 9.75, 6.75], "texture": "#11"},
				"south": {"uv": [6, 3, 9.75, 6.75], "texture": "#11"},
				"west": {"uv": [6, 3, 9.75, 6.75], "texture": "#11"},
				"up": {"uv": [9.75, 6.75, 6, 3], "texture": "#11"},
				"down": {"uv": [9.75, 6.75, 6, 3], "texture": "#11"}
			}
		},
		{
			"from": [-1, -0.1, 14],
			"to": [2, 4, 17],
			"rotation": {"angle": 0, "axis": "y", "origin": [2, 0, 17]},
			"faces": {
				"north": {"uv": [6, 3, 9, 6], "texture": "#6"},
				"east": {"uv": [6, 3, 9, 6], "texture": "#6"},
				"south": {"uv": [6, 3, 9, 6], "texture": "#6"},
				"west": {"uv": [6, 3, 9, 6], "texture": "#6"},
				"up": {"uv": [10, 10, 5, 5], "texture": "#6"},
				"down": {"uv": [9, 6, 6, 3], "texture": "#6"}
			}
		},
		{
			"from": [-0.2, 4, 14.8],
			"to": [1.2, 5, 16.2],
			"rotation": {"angle": 0, "axis": "y", "origin": [2, 0, 17]},
			"faces": {
				"north": {"uv": [6, 3, 9, 6], "texture": "#10"},
				"east": {"uv": [6, 3, 9, 6], "texture": "#10"},
				"south": {"uv": [6, 3, 9, 6], "texture": "#10"},
				"west": {"uv": [6, 3, 9, 6], "texture": "#10"},
				"up": {"uv": [10, 10, 5, 5], "texture": "#10"},
				"down": {"uv": [9, 6, 6, 3], "texture": "#10"}
			}
		},
		{
			"from": [14.8, 4, 14.8],
			"to": [16.2, 5, 16.2],
			"rotation": {"angle": 0, "axis": "y", "origin": [17, 0, 17]},
			"faces": {
				"north": {"uv": [6, 3, 9, 6], "texture": "#10"},
				"east": {"uv": [6, 3, 9, 6], "texture": "#10"},
				"south": {"uv": [6, 3, 9, 6], "texture": "#10"},
				"west": {"uv": [6, 3, 9, 6], "texture": "#10"},
				"up": {"uv": [10, 10, 5, 5], "texture": "#10"},
				"down": {"uv": [9, 6, 6, 3], "texture": "#10"}
			}
		},
		{
			"from": [14.8, 4, -0.2],
			"to": [16.2, 5, 1.2],
			"rotation": {"angle": 0, "axis": "y", "origin": [17, 0, -1]},
			"faces": {
				"north": {"uv": [9, 3, 6, 6], "texture": "#10"},
				"east": {"uv": [9, 3, 6, 6], "texture": "#10"},
				"south": {"uv": [9, 3, 6, 6], "texture": "#10"},
				"west": {"uv": [9, 3, 6, 6], "texture": "#10"},
				"up": {"uv": [10, 5, 5, 10], "texture": "#10"},
				"down": {"uv": [9, 3, 6, 6], "texture": "#10"}
			}
		},
		{
			"from": [-0.2, 4, -0.2],
			"to": [1.2, 5, 1.2],
			"rotation": {"angle": 0, "axis": "y", "origin": [2, 0, -1]},
			"faces": {
				"north": {"uv": [9, 3, 6, 6], "texture": "#10"},
				"east": {"uv": [9, 3, 6, 6], "texture": "#10"},
				"south": {"uv": [9, 3, 6, 6], "texture": "#10"},
				"west": {"uv": [9, 3, 6, 6], "texture": "#10"},
				"up": {"uv": [10, 5, 5, 10], "texture": "#10"},
				"down": {"uv": [9, 3, 6, 6], "texture": "#10"}
			}
		},
		{
			"from": [4, -0.1, 14],
			"to": [7, 4, 17],
			"rotation": {"angle": 0, "axis": "y", "origin": [7, 0, 17]},
			"faces": {
				"north": {"uv": [6, 3, 9.75, 6.75], "texture": "#11"},
				"east": {"uv": [6, 3, 9.75, 6.75], "texture": "#11"},
				"south": {"uv": [6, 3, 9.75, 6.75], "texture": "#11"},
				"west": {"uv": [6, 3, 9.75, 6.75], "texture": "#11"},
				"up": {"uv": [9.75, 6.75, 6, 3], "texture": "#11"},
				"down": {"uv": [9.75, 6.75, 6, 3], "texture": "#11"}
			}
		},
		{
			"from": [9, -0.1, 14],
			"to": [12, 4, 17],
			"rotation": {"angle": 0, "axis": "y", "origin": [12, 0, 17]},
			"faces": {
				"north": {"uv": [6, 3, 9.75, 6.75], "texture": "#11"},
				"east": {"uv": [6, 3, 9.75, 6.75], "texture": "#11"},
				"south": {"uv": [6, 3, 9.75, 6.75], "texture": "#11"},
				"west": {"uv": [6, 3, 9.75, 6.75], "texture": "#11"},
				"up": {"uv": [9.75, 6.75, 6, 3], "texture": "#11"},
				"down": {"uv": [9.75, 6.75, 6, 3], "texture": "#11"}
			}
		},
		{
			"from": [14, -0.1, -1],
			"to": [17, 4, 2],
			"rotation": {"angle": 0, "axis": "y", "origin": [17, 0, -1]},
			"faces": {
				"north": {"uv": [6, 3, 9, 6], "texture": "#6"},
				"east": {"uv": [6, 3, 9, 6], "texture": "#6"},
				"south": {"uv": [6, 3, 9, 6], "texture": "#6"},
				"west": {"uv": [6, 3, 9, 6], "texture": "#6"},
				"up": {"uv": [10, 10, 5, 5], "texture": "#6"},
				"down": {"uv": [9, 6, 6, 3], "texture": "#6"}
			}
		},
		{
			"from": [9, -0.1, -1],
			"to": [12, 4, 2],
			"rotation": {"angle": 0, "axis": "y", "origin": [12, 0, -1]},
			"faces": {
				"north": {"uv": [6, 3, 9.75, 6.75], "texture": "#11"},
				"east": {"uv": [6, 3, 9.75, 6.75], "texture": "#11"},
				"south": {"uv": [6, 3, 9.75, 6.75], "texture": "#11"},
				"west": {"uv": [6, 3, 9.75, 6.75], "texture": "#11"},
				"up": {"uv": [9.75, 6.75, 6, 3], "texture": "#11"},
				"down": {"uv": [9.75, 6.75, 6, 3], "texture": "#11"}
			}
		},
		{
			"from": [4, -0.1, -1],
			"to": [7, 4, 2],
			"rotation": {"angle": 0, "axis": "y", "origin": [7, 0, -1]},
			"faces": {
				"north": {"uv": [6, 3, 9.75, 6.75], "texture": "#11"},
				"east": {"uv": [6, 3, 9.75, 6.75], "texture": "#11"},
				"south": {"uv": [6, 3, 9.75, 6.75], "texture": "#11"},
				"west": {"uv": [6, 3, 9.75, 6.75], "texture": "#11"},
				"up": {"uv": [9.75, 6.75, 6, 3], "texture": "#11"},
				"down": {"uv": [9.75, 6.75, 6, 3], "texture": "#11"}
			}
		},
		{
			"from": [-1, -0.1, -1],
			"to": [2, 4, 2],
			"rotation": {"angle": 0, "axis": "y", "origin": [2, 0, -1]},
			"faces": {
				"north": {"uv": [6, 3, 9, 6], "texture": "#6"},
				"east": {"uv": [6, 3, 9, 6], "texture": "#6"},
				"south": {"uv": [6, 3, 9, 6], "texture": "#6"},
				"west": {"uv": [6, 3, 9, 6], "texture": "#6"},
				"up": {"uv": [10, 10, 5, 5], "texture": "#6"},
				"down": {"uv": [9, 6, 6, 3], "texture": "#6"}
			}
		},
		{
			"from": [0, 0, 0],
			"to": [16, 3, 16],
			"rotation": {"angle": 0, "axis": "y", "origin": [16, 0, 16]},
			"faces": {
				"north": {"uv": [0, 0, 16, 2.75], "texture": "#16"},
				"east": {"uv": [0, 0, 2.75, 16], "rotation": 90, "texture": "#16"},
				"south": {"uv": [0, 13.25, 16, 16], "texture": "#16"},
				"west": {"uv": [12.25, 0, 15, 16], "rotation": 270, "texture": "#16"},
				"up": {"uv": [16, 16, 0, 0], "rotation": 180, "texture": "#16"},
				"down": {"uv": [16, 16, 0, 0], "texture": "#16"}
			}
		},
		{
			"from": [8.25, 7, 11],
			"to": [8.75, 7.5, 11.1],
			"rotation": {"angle": 0, "axis": "y", "origin": [8, 7, 11]},
			"faces": {
				"north": {"uv": [3.2, 6.2, 3.725, 6.625], "texture": "#14"},
				"east": {"uv": [3.2, 6.2, 3.725, 6.625], "texture": "#14"},
				"south": {"uv": [3.2, 6.2, 3.725, 6.625], "texture": "#14"},
				"west": {"uv": [3.2, 6.2, 3.725, 6.625], "texture": "#14"},
				"up": {"uv": [3.725, 6.625, 3.2, 6.2], "texture": "#14"},
				"down": {"uv": [3.725, 6.625, 3.2, 6.2], "texture": "#14"}
			}
		},
		{
			"from": [8.25, 8, 11],
			"to": [8.75, 8.5, 11.1],
			"rotation": {"angle": 0, "axis": "y", "origin": [8, 7, 11]},
			"faces": {
				"north": {"uv": [3.2, 6.2, 3.725, 6.625], "texture": "#14"},
				"east": {"uv": [3.2, 6.2, 3.725, 6.625], "texture": "#14"},
				"south": {"uv": [3.2, 6.2, 3.725, 6.625], "texture": "#14"},
				"west": {"uv": [3.2, 6.2, 3.725, 6.625], "texture": "#14"},
				"up": {"uv": [3.725, 6.625, 3.2, 6.2], "texture": "#14"},
				"down": {"uv": [3.725, 6.625, 3.2, 6.2], "texture": "#14"}
			}
		},
		{
			"from": [7.25, 8, 11],
			"to": [7.75, 8.5, 11.1],
			"rotation": {"angle": 0, "axis": "y", "origin": [8, 7, 11]},
			"faces": {
				"north": {"uv": [3.2, 6.2, 3.725, 6.625], "texture": "#14"},
				"east": {"uv": [3.2, 6.2, 3.725, 6.625], "texture": "#14"},
				"south": {"uv": [3.2, 6.2, 3.725, 6.625], "texture": "#14"},
				"west": {"uv": [3.2, 6.2, 3.725, 6.625], "texture": "#14"},
				"up": {"uv": [3.725, 6.625, 3.2, 6.2], "texture": "#14"},
				"down": {"uv": [3.725, 6.625, 3.2, 6.2], "texture": "#14"}
			}
		},
		{
			"from": [8.25, 9, 11],
			"to": [8.75, 9.5, 11.1],
			"rotation": {"angle": 0, "axis": "y", "origin": [8, 7, 11]},
			"faces": {
				"north": {"uv": [3.2, 6.2, 3.725, 6.625], "texture": "#14"},
				"east": {"uv": [3.2, 6.2, 3.725, 6.625], "texture": "#14"},
				"south": {"uv": [3.2, 6.2, 3.725, 6.625], "texture": "#14"},
				"west": {"uv": [3.2, 6.2, 3.725, 6.625], "texture": "#14"},
				"up": {"uv": [3.725, 6.625, 3.2, 6.2], "texture": "#14"},
				"down": {"uv": [3.725, 6.625, 3.2, 6.2], "texture": "#14"}
			}
		},
		{
			"from": [7.25, 9, 11],
			"to": [7.75, 9.5, 11.1],
			"rotation": {"angle": 0, "axis": "y", "origin": [8, 7, 11]},
			"faces": {
				"north": {"uv": [3.2, 6.2, 3.725, 6.625], "texture": "#14"},
				"east": {"uv": [3.2, 6.2, 3.725, 6.625], "texture": "#14"},
				"south": {"uv": [3.2, 6.2, 3.725, 6.625], "texture": "#14"},
				"west": {"uv": [3.2, 6.2, 3.725, 6.625], "texture": "#14"},
				"up": {"uv": [3.725, 6.625, 3.2, 6.2], "texture": "#14"},
				"down": {"uv": [3.725, 6.625, 3.2, 6.2], "texture": "#14"}
			}
		},
		{
			"from": [7.75, 7.5, 11],
			"to": [8.25, 8, 11.1],
			"rotation": {"angle": 0, "axis": "y", "origin": [8, 7, 11]},
			"faces": {
				"north": {"uv": [3.2, 6.2, 3.725, 6.625], "texture": "#14"},
				"east": {"uv": [3.2, 6.2, 3.725, 6.625], "texture": "#14"},
				"south": {"uv": [3.2, 6.2, 3.725, 6.625], "texture": "#14"},
				"west": {"uv": [3.2, 6.2, 3.725, 6.625], "texture": "#14"},
				"up": {"uv": [3.725, 6.625, 3.2, 6.2], "texture": "#14"},
				"down": {"uv": [3.725, 6.625, 3.2, 6.2], "texture": "#14"}
			}
		},
		{
			"from": [7.75, 9.5, 11],
			"to": [8.25, 10, 11.1],
			"rotation": {"angle": 0, "axis": "y", "origin": [8, 7, 11]},
			"faces": {
				"north": {"uv": [3.2, 6.2, 3.725, 6.625], "texture": "#14"},
				"east": {"uv": [3.2, 6.2, 3.725, 6.625], "texture": "#14"},
				"south": {"uv": [3.2, 6.2, 3.725, 6.625], "texture": "#14"},
				"west": {"uv": [3.2, 6.2, 3.725, 6.625], "texture": "#14"},
				"up": {"uv": [3.725, 6.625, 3.2, 6.2], "texture": "#14"},
				"down": {"uv": [3.725, 6.625, 3.2, 6.2], "texture": "#14"}
			}
		},
		{
			"from": [6.75, 8.5, 11],
			"to": [7.25, 9, 11.1],
			"rotation": {"angle": 0, "axis": "y", "origin": [8, 7, 11]},
			"faces": {
				"north": {"uv": [3.2, 6.2, 3.725, 6.625], "texture": "#14"},
				"east": {"uv": [3.2, 6.2, 3.725, 6.625], "texture": "#14"},
				"south": {"uv": [3.2, 6.2, 3.725, 6.625], "texture": "#14"},
				"west": {"uv": [3.2, 6.2, 3.725, 6.625], "texture": "#14"},
				"up": {"uv": [3.725, 6.625, 3.2, 6.2], "texture": "#14"},
				"down": {"uv": [3.725, 6.625, 3.2, 6.2], "texture": "#14"}
			}
		},
		{
			"from": [8.75, 8.5, 11],
			"to": [9.25, 9, 11.1],
			"rotation": {"angle": 0, "axis": "y", "origin": [8, 7, 11]},
			"faces": {
				"north": {"uv": [3.2, 6.2, 3.725, 6.625], "texture": "#14"},
				"east": {"uv": [3.2, 6.2, 3.725, 6.625], "texture": "#14"},
				"south": {"uv": [3.2, 6.2, 3.725, 6.625], "texture": "#14"},
				"west": {"uv": [3.2, 6.2, 3.725, 6.625], "texture": "#14"},
				"up": {"uv": [3.725, 6.625, 3.2, 6.2], "texture": "#14"},
				"down": {"uv": [3.725, 6.625, 3.2, 6.2], "texture": "#14"}
			}
		},
		{
			"from": [7.25, 7, 11],
			"to": [7.75, 7.5, 11.1],
			"rotation": {"angle": 0, "axis": "y", "origin": [8, 7, 11]},
			"faces": {
				"north": {"uv": [3.2, 6.2, 3.725, 6.625], "texture": "#14"},
				"east": {"uv": [3.2, 6.2, 3.725, 6.625], "texture": "#14"},
				"south": {"uv": [3.2, 6.2, 3.725, 6.625], "texture": "#14"},
				"west": {"uv": [3.2, 6.2, 3.725, 6.625], "texture": "#14"},
				"up": {"uv": [3.725, 6.625, 3.2, 6.2], "texture": "#14"},
				"down": {"uv": [3.725, 6.625, 3.2, 6.2], "texture": "#14"}
			}
		},
		{
			"from": [7.25, 7, 4.9],
			"to": [7.75, 7.5, 5],
			"rotation": {"angle": 0, "axis": "y", "origin": [8, 7, 5]},
			"faces": {
				"north": {"uv": [3.2, 6.2, 3.725, 6.625], "texture": "#14"},
				"east": {"uv": [3.2, 6.2, 3.725, 6.625], "texture": "#14"},
				"south": {"uv": [3.2, 6.2, 3.725, 6.625], "texture": "#14"},
				"west": {"uv": [3.2, 6.2, 3.725, 6.625], "texture": "#14"},
				"up": {"uv": [3.725, 6.625, 3.2, 6.2], "texture": "#14"},
				"down": {"uv": [3.725, 6.625, 3.2, 6.2], "texture": "#14"}
			}
		},
		{
			"from": [7.25, 8, 4.9],
			"to": [7.75, 8.5, 5],
			"rotation": {"angle": 0, "axis": "y", "origin": [8, 7, 5]},
			"faces": {
				"north": {"uv": [3.2, 6.2, 3.725, 6.625], "texture": "#14"},
				"east": {"uv": [3.2, 6.2, 3.725, 6.625], "texture": "#14"},
				"south": {"uv": [3.2, 6.2, 3.725, 6.625], "texture": "#14"},
				"west": {"uv": [3.2, 6.2, 3.725, 6.625], "texture": "#14"},
				"up": {"uv": [3.725, 6.625, 3.2, 6.2], "texture": "#14"},
				"down": {"uv": [3.725, 6.625, 3.2, 6.2], "texture": "#14"}
			}
		},
		{
			"from": [8.25, 8, 4.9],
			"to": [8.75, 8.5, 5],
			"rotation": {"angle": 0, "axis": "y", "origin": [8, 7, 5]},
			"faces": {
				"north": {"uv": [3.2, 6.2, 3.725, 6.625], "texture": "#14"},
				"east": {"uv": [3.2, 6.2, 3.725, 6.625], "texture": "#14"},
				"south": {"uv": [3.2, 6.2, 3.725, 6.625], "texture": "#14"},
				"west": {"uv": [3.2, 6.2, 3.725, 6.625], "texture": "#14"},
				"up": {"uv": [3.725, 6.625, 3.2, 6.2], "texture": "#14"},
				"down": {"uv": [3.725, 6.625, 3.2, 6.2], "texture": "#14"}
			}
		},
		{
			"from": [7.25, 9, 4.9],
			"to": [7.75, 9.5, 5],
			"rotation": {"angle": 0, "axis": "y", "origin": [8, 7, 5]},
			"faces": {
				"north": {"uv": [3.2, 6.2, 3.725, 6.625], "texture": "#14"},
				"east": {"uv": [3.2, 6.2, 3.725, 6.625], "texture": "#14"},
				"south": {"uv": [3.2, 6.2, 3.725, 6.625], "texture": "#14"},
				"west": {"uv": [3.2, 6.2, 3.725, 6.625], "texture": "#14"},
				"up": {"uv": [3.725, 6.625, 3.2, 6.2], "texture": "#14"},
				"down": {"uv": [3.725, 6.625, 3.2, 6.2], "texture": "#14"}
			}
		},
		{
			"from": [8.25, 9, 4.9],
			"to": [8.75, 9.5, 5],
			"rotation": {"angle": 0, "axis": "y", "origin": [8, 7, 5]},
			"faces": {
				"north": {"uv": [3.2, 6.2, 3.725, 6.625], "texture": "#14"},
				"east": {"uv": [3.2, 6.2, 3.725, 6.625], "texture": "#14"},
				"south": {"uv": [3.2, 6.2, 3.725, 6.625], "texture": "#14"},
				"west": {"uv": [3.2, 6.2, 3.725, 6.625], "texture": "#14"},
				"up": {"uv": [3.725, 6.625, 3.2, 6.2], "texture": "#14"},
				"down": {"uv": [3.725, 6.625, 3.2, 6.2], "texture": "#14"}
			}
		},
		{
			"from": [7.75, 7.5, 4.9],
			"to": [8.25, 8, 5],
			"rotation": {"angle": 0, "axis": "y", "origin": [8, 7, 5]},
			"faces": {
				"north": {"uv": [3.2, 6.2, 3.725, 6.625], "texture": "#14"},
				"east": {"uv": [3.2, 6.2, 3.725, 6.625], "texture": "#14"},
				"south": {"uv": [3.2, 6.2, 3.725, 6.625], "texture": "#14"},
				"west": {"uv": [3.2, 6.2, 3.725, 6.625], "texture": "#14"},
				"up": {"uv": [3.725, 6.625, 3.2, 6.2], "texture": "#14"},
				"down": {"uv": [3.725, 6.625, 3.2, 6.2], "texture": "#14"}
			}
		},
		{
			"from": [7.75, 9.5, 4.9],
			"to": [8.25, 10, 5],
			"rotation": {"angle": 0, "axis": "y", "origin": [8, 7, 5]},
			"faces": {
				"north": {"uv": [3.2, 6.2, 3.725, 6.625], "texture": "#14"},
				"east": {"uv": [3.2, 6.2, 3.725, 6.625], "texture": "#14"},
				"south": {"uv": [3.2, 6.2, 3.725, 6.625], "texture": "#14"},
				"west": {"uv": [3.2, 6.2, 3.725, 6.625], "texture": "#14"},
				"up": {"uv": [3.725, 6.625, 3.2, 6.2], "texture": "#14"},
				"down": {"uv": [3.725, 6.625, 3.2, 6.2], "texture": "#14"}
			}
		},
		{
			"from": [8.75, 8.5, 4.9],
			"to": [9.25, 9, 5],
			"rotation": {"angle": 0, "axis": "y", "origin": [8, 7, 5]},
			"faces": {
				"north": {"uv": [3.2, 6.2, 3.725, 6.625], "texture": "#14"},
				"east": {"uv": [3.2, 6.2, 3.725, 6.625], "texture": "#14"},
				"south": {"uv": [3.2, 6.2, 3.725, 6.625], "texture": "#14"},
				"west": {"uv": [3.2, 6.2, 3.725, 6.625], "texture": "#14"},
				"up": {"uv": [3.725, 6.625, 3.2, 6.2], "texture": "#14"},
				"down": {"uv": [3.725, 6.625, 3.2, 6.2], "texture": "#14"}
			}
		},
		{
			"from": [6.75, 8.5, 4.9],
			"to": [7.25, 9, 5],
			"rotation": {"angle": 0, "axis": "y", "origin": [8, 7, 5]},
			"faces": {
				"north": {"uv": [3.2, 6.2, 3.725, 6.625], "texture": "#14"},
				"east": {"uv": [3.2, 6.2, 3.725, 6.625], "texture": "#14"},
				"south": {"uv": [3.2, 6.2, 3.725, 6.625], "texture": "#14"},
				"west": {"uv": [3.2, 6.2, 3.725, 6.625], "texture": "#14"},
				"up": {"uv": [3.725, 6.625, 3.2, 6.2], "texture": "#14"},
				"down": {"uv": [3.725, 6.625, 3.2, 6.2], "texture": "#14"}
			}
		},
		{
			"from": [8.25, 7, 4.9],
			"to": [8.75, 7.5, 5],
			"rotation": {"angle": 0, "axis": "y", "origin": [8, 7, 5]},
			"faces": {
				"north": {"uv": [3.2, 6.2, 3.725, 6.625], "texture": "#14"},
				"east": {"uv": [3.2, 6.2, 3.725, 6.625], "texture": "#14"},
				"south": {"uv": [3.2, 6.2, 3.725, 6.625], "texture": "#14"},
				"west": {"uv": [3.2, 6.2, 3.725, 6.625], "texture": "#14"},
				"up": {"uv": [3.725, 6.625, 3.2, 6.2], "texture": "#14"},
				"down": {"uv": [3.725, 6.625, 3.2, 6.2], "texture": "#14"}
			}
		},
		{
			"from": [11, 7, 7.3],
			"to": [11.1, 7.5, 7.8],
			"rotation": {"angle": 0, "axis": "y", "origin": [11, 7, 8.05]},
			"faces": {
				"north": {"uv": [3.2, 6.2, 3.725, 6.625], "texture": "#14"},
				"east": {"uv": [3.2, 6.2, 3.725, 6.625], "texture": "#14"},
				"south": {"uv": [3.2, 6.2, 3.725, 6.625], "texture": "#14"},
				"west": {"uv": [3.2, 6.2, 3.725, 6.625], "texture": "#14"},
				"up": {"uv": [3.725, 6.625, 3.2, 6.2], "texture": "#14"},
				"down": {"uv": [3.725, 6.625, 3.2, 6.2], "texture": "#14"}
			}
		},
		{
			"from": [11, 8, 7.3],
			"to": [11.1, 8.5, 7.8],
			"rotation": {"angle": 0, "axis": "y", "origin": [11, 7, 8.05]},
			"faces": {
				"north": {"uv": [3.2, 6.2, 3.725, 6.625], "texture": "#14"},
				"east": {"uv": [3.2, 6.2, 3.725, 6.625], "texture": "#14"},
				"south": {"uv": [3.2, 6.2, 3.725, 6.625], "texture": "#14"},
				"west": {"uv": [3.2, 6.2, 3.725, 6.625], "texture": "#14"},
				"up": {"uv": [3.725, 6.625, 3.2, 6.2], "texture": "#14"},
				"down": {"uv": [3.725, 6.625, 3.2, 6.2], "texture": "#14"}
			}
		},
		{
			"from": [11, 8, 8.3],
			"to": [11.1, 8.5, 8.8],
			"rotation": {"angle": 0, "axis": "y", "origin": [11, 7, 8.05]},
			"faces": {
				"north": {"uv": [3.2, 6.2, 3.725, 6.625], "texture": "#14"},
				"east": {"uv": [3.2, 6.2, 3.725, 6.625], "texture": "#14"},
				"south": {"uv": [3.2, 6.2, 3.725, 6.625], "texture": "#14"},
				"west": {"uv": [3.2, 6.2, 3.725, 6.625], "texture": "#14"},
				"up": {"uv": [3.725, 6.625, 3.2, 6.2], "texture": "#14"},
				"down": {"uv": [3.725, 6.625, 3.2, 6.2], "texture": "#14"}
			}
		},
		{
			"from": [11, 9, 7.3],
			"to": [11.1, 9.5, 7.8],
			"rotation": {"angle": 0, "axis": "y", "origin": [11, 7, 8.05]},
			"faces": {
				"north": {"uv": [3.2, 6.2, 3.725, 6.625], "texture": "#14"},
				"east": {"uv": [3.2, 6.2, 3.725, 6.625], "texture": "#14"},
				"south": {"uv": [3.2, 6.2, 3.725, 6.625], "texture": "#14"},
				"west": {"uv": [3.2, 6.2, 3.725, 6.625], "texture": "#14"},
				"up": {"uv": [3.725, 6.625, 3.2, 6.2], "texture": "#14"},
				"down": {"uv": [3.725, 6.625, 3.2, 6.2], "texture": "#14"}
			}
		},
		{
			"from": [11, 9, 8.3],
			"to": [11.1, 9.5, 8.8],
			"rotation": {"angle": 0, "axis": "y", "origin": [11, 7, 8.05]},
			"faces": {
				"north": {"uv": [3.2, 6.2, 3.725, 6.625], "texture": "#14"},
				"east": {"uv": [3.2, 6.2, 3.725, 6.625], "texture": "#14"},
				"south": {"uv": [3.2, 6.2, 3.725, 6.625], "texture": "#14"},
				"west": {"uv": [3.2, 6.2, 3.725, 6.625], "texture": "#14"},
				"up": {"uv": [3.725, 6.625, 3.2, 6.2], "texture": "#14"},
				"down": {"uv": [3.725, 6.625, 3.2, 6.2], "texture": "#14"}
			}
		},
		{
			"from": [11, 7.5, 7.8],
			"to": [11.1, 8, 8.3],
			"rotation": {"angle": 0, "axis": "y", "origin": [11, 7, 8.05]},
			"faces": {
				"north": {"uv": [3.2, 6.2, 3.725, 6.625], "texture": "#14"},
				"east": {"uv": [3.2, 6.2, 3.725, 6.625], "texture": "#14"},
				"south": {"uv": [3.2, 6.2, 3.725, 6.625], "texture": "#14"},
				"west": {"uv": [3.2, 6.2, 3.725, 6.625], "texture": "#14"},
				"up": {"uv": [3.725, 6.625, 3.2, 6.2], "texture": "#14"},
				"down": {"uv": [3.725, 6.625, 3.2, 6.2], "texture": "#14"}
			}
		},
		{
			"from": [11, 9.5, 7.8],
			"to": [11.1, 10, 8.3],
			"rotation": {"angle": 0, "axis": "y", "origin": [11, 7, 8.05]},
			"faces": {
				"north": {"uv": [3.2, 6.2, 3.725, 6.625], "texture": "#14"},
				"east": {"uv": [3.2, 6.2, 3.725, 6.625], "texture": "#14"},
				"south": {"uv": [3.2, 6.2, 3.725, 6.625], "texture": "#14"},
				"west": {"uv": [3.2, 6.2, 3.725, 6.625], "texture": "#14"},
				"up": {"uv": [3.725, 6.625, 3.2, 6.2], "texture": "#14"},
				"down": {"uv": [3.725, 6.625, 3.2, 6.2], "texture": "#14"}
			}
		},
		{
			"from": [11, 8.5, 8.8],
			"to": [11.1, 9, 9.3],
			"rotation": {"angle": 0, "axis": "y", "origin": [11, 7, 8.05]},
			"faces": {
				"north": {"uv": [3.2, 6.2, 3.725, 6.625], "texture": "#14"},
				"east": {"uv": [3.2, 6.2, 3.725, 6.625], "texture": "#14"},
				"south": {"uv": [3.2, 6.2, 3.725, 6.625], "texture": "#14"},
				"west": {"uv": [3.2, 6.2, 3.725, 6.625], "texture": "#14"},
				"up": {"uv": [3.725, 6.625, 3.2, 6.2], "texture": "#14"},
				"down": {"uv": [3.725, 6.625, 3.2, 6.2], "texture": "#14"}
			}
		},
		{
			"from": [11, 8.5, 6.8],
			"to": [11.1, 9, 7.3],
			"rotation": {"angle": 0, "axis": "y", "origin": [11, 7, 8.05]},
			"faces": {
				"north": {"uv": [3.2, 6.2, 3.725, 6.625], "texture": "#14"},
				"east": {"uv": [3.2, 6.2, 3.725, 6.625], "texture": "#14"},
				"south": {"uv": [3.2, 6.2, 3.725, 6.625], "texture": "#14"},
				"west": {"uv": [3.2, 6.2, 3.725, 6.625], "texture": "#14"},
				"up": {"uv": [3.725, 6.625, 3.2, 6.2], "texture": "#14"},
				"down": {"uv": [3.725, 6.625, 3.2, 6.2], "texture": "#14"}
			}
		},
		{
			"from": [11, 7, 8.3],
			"to": [11.1, 7.5, 8.8],
			"rotation": {"angle": 0, "axis": "y", "origin": [11, 7, 8.05]},
			"faces": {
				"north": {"uv": [3.2, 6.2, 3.725, 6.625], "texture": "#14"},
				"east": {"uv": [3.2, 6.2, 3.725, 6.625], "texture": "#14"},
				"south": {"uv": [3.2, 6.2, 3.725, 6.625], "texture": "#14"},
				"west": {"uv": [3.2, 6.2, 3.725, 6.625], "texture": "#14"},
				"up": {"uv": [3.725, 6.625, 3.2, 6.2], "texture": "#14"},
				"down": {"uv": [3.725, 6.625, 3.2, 6.2], "texture": "#14"}
			}
		},
		{
			"from": [4.9, 7, 8.2],
			"to": [5, 7.5, 8.7],
			"rotation": {"angle": 0, "axis": "y", "origin": [5, 7, 7.95]},
			"faces": {
				"north": {"uv": [3.2, 6.2, 3.725, 6.625], "texture": "#14"},
				"east": {"uv": [3.2, 6.2, 3.725, 6.625], "texture": "#14"},
				"south": {"uv": [3.2, 6.2, 3.725, 6.625], "texture": "#14"},
				"west": {"uv": [3.2, 6.2, 3.725, 6.625], "texture": "#14"},
				"up": {"uv": [3.725, 6.625, 3.2, 6.2], "texture": "#14"},
				"down": {"uv": [3.725, 6.625, 3.2, 6.2], "texture": "#14"}
			}
		},
		{
			"from": [4.9, 8, 8.2],
			"to": [5, 8.5, 8.7],
			"rotation": {"angle": 0, "axis": "y", "origin": [5, 7, 7.95]},
			"faces": {
				"north": {"uv": [3.2, 6.2, 3.725, 6.625], "texture": "#14"},
				"east": {"uv": [3.2, 6.2, 3.725, 6.625], "texture": "#14"},
				"south": {"uv": [3.2, 6.2, 3.725, 6.625], "texture": "#14"},
				"west": {"uv": [3.2, 6.2, 3.725, 6.625], "texture": "#14"},
				"up": {"uv": [3.725, 6.625, 3.2, 6.2], "texture": "#14"},
				"down": {"uv": [3.725, 6.625, 3.2, 6.2], "texture": "#14"}
			}
		},
		{
			"from": [4.9, 8, 7.2],
			"to": [5, 8.5, 7.7],
			"rotation": {"angle": 0, "axis": "y", "origin": [5, 7, 7.95]},
			"faces": {
				"north": {"uv": [3.2, 6.2, 3.725, 6.625], "texture": "#14"},
				"east": {"uv": [3.2, 6.2, 3.725, 6.625], "texture": "#14"},
				"south": {"uv": [3.2, 6.2, 3.725, 6.625], "texture": "#14"},
				"west": {"uv": [3.2, 6.2, 3.725, 6.625], "texture": "#14"},
				"up": {"uv": [3.725, 6.625, 3.2, 6.2], "texture": "#14"},
				"down": {"uv": [3.725, 6.625, 3.2, 6.2], "texture": "#14"}
			}
		},
		{
			"from": [4.9, 9, 8.2],
			"to": [5, 9.5, 8.7],
			"rotation": {"angle": 0, "axis": "y", "origin": [5, 7, 7.95]},
			"faces": {
				"north": {"uv": [3.2, 6.2, 3.725, 6.625], "texture": "#14"},
				"east": {"uv": [3.2, 6.2, 3.725, 6.625], "texture": "#14"},
				"south": {"uv": [3.2, 6.2, 3.725, 6.625], "texture": "#14"},
				"west": {"uv": [3.2, 6.2, 3.725, 6.625], "texture": "#14"},
				"up": {"uv": [3.725, 6.625, 3.2, 6.2], "texture": "#14"},
				"down": {"uv": [3.725, 6.625, 3.2, 6.2], "texture": "#14"}
			}
		},
		{
			"from": [4.9, 9, 7.2],
			"to": [5, 9.5, 7.7],
			"rotation": {"angle": 0, "axis": "y", "origin": [5, 7, 7.95]},
			"faces": {
				"north": {"uv": [3.2, 6.2, 3.725, 6.625], "texture": "#14"},
				"east": {"uv": [3.2, 6.2, 3.725, 6.625], "texture": "#14"},
				"south": {"uv": [3.2, 6.2, 3.725, 6.625], "texture": "#14"},
				"west": {"uv": [3.2, 6.2, 3.725, 6.625], "texture": "#14"},
				"up": {"uv": [3.725, 6.625, 3.2, 6.2], "texture": "#14"},
				"down": {"uv": [3.725, 6.625, 3.2, 6.2], "texture": "#14"}
			}
		},
		{
			"from": [4.9, 7.5, 7.7],
			"to": [5, 8, 8.2],
			"rotation": {"angle": 0, "axis": "y", "origin": [5, 7, 7.95]},
			"faces": {
				"north": {"uv": [3.2, 6.2, 3.725, 6.625], "texture": "#14"},
				"east": {"uv": [3.2, 6.2, 3.725, 6.625], "texture": "#14"},
				"south": {"uv": [3.2, 6.2, 3.725, 6.625], "texture": "#14"},
				"west": {"uv": [3.2, 6.2, 3.725, 6.625], "texture": "#14"},
				"up": {"uv": [3.725, 6.625, 3.2, 6.2], "texture": "#14"},
				"down": {"uv": [3.725, 6.625, 3.2, 6.2], "texture": "#14"}
			}
		},
		{
			"from": [4.9, 9.5, 7.7],
			"to": [5, 10, 8.2],
			"rotation": {"angle": 0, "axis": "y", "origin": [5, 7, 7.95]},
			"faces": {
				"north": {"uv": [3.2, 6.2, 3.725, 6.625], "texture": "#14"},
				"east": {"uv": [3.2, 6.2, 3.725, 6.625], "texture": "#14"},
				"south": {"uv": [3.2, 6.2, 3.725, 6.625], "texture": "#14"},
				"west": {"uv": [3.2, 6.2, 3.725, 6.625], "texture": "#14"},
				"up": {"uv": [3.725, 6.625, 3.2, 6.2], "texture": "#14"},
				"down": {"uv": [3.725, 6.625, 3.2, 6.2], "texture": "#14"}
			}
		},
		{
			"from": [4.9, 8.5, 6.7],
			"to": [5, 9, 7.2],
			"rotation": {"angle": 0, "axis": "y", "origin": [5, 7, 7.95]},
			"faces": {
				"north": {"uv": [3.2, 6.2, 3.725, 6.625], "texture": "#14"},
				"east": {"uv": [3.2, 6.2, 3.725, 6.625], "texture": "#14"},
				"south": {"uv": [3.2, 6.2, 3.725, 6.625], "texture": "#14"},
				"west": {"uv": [3.2, 6.2, 3.725, 6.625], "texture": "#14"},
				"up": {"uv": [3.725, 6.625, 3.2, 6.2], "texture": "#14"},
				"down": {"uv": [3.725, 6.625, 3.2, 6.2], "texture": "#14"}
			}
		},
		{
			"from": [4.9, 8.5, 8.7],
			"to": [5, 9, 9.2],
			"rotation": {"angle": 0, "axis": "y", "origin": [5, 7, 7.95]},
			"faces": {
				"north": {"uv": [3.2, 6.2, 3.725, 6.625], "texture": "#14"},
				"east": {"uv": [3.2, 6.2, 3.725, 6.625], "texture": "#14"},
				"south": {"uv": [3.2, 6.2, 3.725, 6.625], "texture": "#14"},
				"west": {"uv": [3.2, 6.2, 3.725, 6.625], "texture": "#14"},
				"up": {"uv": [3.725, 6.625, 3.2, 6.2], "texture": "#14"},
				"down": {"uv": [3.725, 6.625, 3.2, 6.2], "texture": "#14"}
			}
		},
		{
			"from": [4.9, 7, 7.2],
			"to": [5, 7.5, 7.7],
			"rotation": {"angle": 0, "axis": "y", "origin": [5, 7, 7.95]},
			"faces": {
				"north": {"uv": [3.2, 6.2, 3.725, 6.625], "texture": "#14"},
				"east": {"uv": [3.2, 6.2, 3.725, 6.625], "texture": "#14"},
				"south": {"uv": [3.2, 6.2, 3.725, 6.625], "texture": "#14"},
				"west": {"uv": [3.2, 6.2, 3.725, 6.625], "texture": "#14"},
				"up": {"uv": [3.725, 6.625, 3.2, 6.2], "texture": "#14"},
				"down": {"uv": [3.725, 6.625, 3.2, 6.2], "texture": "#14"}
			}
		},
		{
			"from": [10.75, 5.25, 12],
			"to": [11.25, 5.5, 12.1],
			"rotation": {"angle": 0, "axis": "y", "origin": [11.1, 5.25, 12.1]},
			"faces": {
				"north": {"uv": [3.7625, 6.1, 3.3, 6.6625], "texture": "#14"},
				"east": {"uv": [3.7625, 6.1, 3.3, 6.6625], "texture": "#14"},
				"south": {"uv": [3.7625, 6.1, 3.3, 6.6625], "texture": "#14"},
				"west": {"uv": [3.7625, 6.1, 3.3, 6.6625], "texture": "#14"},
				"up": {"uv": [3.3, 6.6625, 3.7625, 6.1], "texture": "#14"},
				"down": {"uv": [3.3, 6.6625, 3.7625, 6.1], "texture": "#14"}
			}
		},
		{
			"from": [10.5, 5.5, 12],
			"to": [10.75, 5.75, 12.1],
			"rotation": {"angle": 0, "axis": "y", "origin": [11.1, 5.25, 12.1]},
			"faces": {
				"north": {"uv": [3.7625, 6.1, 3.3, 6.6625], "texture": "#14"},
				"east": {"uv": [3.7625, 6.1, 3.3, 6.6625], "texture": "#14"},
				"south": {"uv": [3.7625, 6.1, 3.3, 6.6625], "texture": "#14"},
				"west": {"uv": [3.7625, 6.1, 3.3, 6.6625], "texture": "#14"},
				"up": {"uv": [3.3, 6.6625, 3.7625, 6.1], "texture": "#14"},
				"down": {"uv": [3.3, 6.6625, 3.7625, 6.1], "texture": "#14"}
			}
		},
		{
			"from": [11, 5.5, 12],
			"to": [11.25, 6.5, 12.1],
			"rotation": {"angle": 0, "axis": "y", "origin": [11.1, 5.25, 12.1]},
			"faces": {
				"north": {"uv": [3.7625, 6.1, 3.3, 6.6625], "texture": "#14"},
				"east": {"uv": [3.7625, 6.1, 3.3, 6.6625], "texture": "#14"},
				"south": {"uv": [3.7625, 6.1, 3.3, 6.6625], "texture": "#14"},
				"west": {"uv": [3.7625, 6.1, 3.3, 6.6625], "texture": "#14"},
				"up": {"uv": [3.3, 6.6625, 3.7625, 6.1], "texture": "#14"},
				"down": {"uv": [3.3, 6.6625, 3.7625, 6.1], "texture": "#14"}
			}
		},
		{
			"from": [11, 6.5, 12],
			"to": [11.5, 6.75, 12.1],
			"rotation": {"angle": 0, "axis": "y", "origin": [11.1, 5.25, 12.1]},
			"faces": {
				"north": {"uv": [3.7625, 6.1, 3.3, 6.6625], "texture": "#14"},
				"east": {"uv": [3.7625, 6.1, 3.3, 6.6625], "texture": "#14"},
				"south": {"uv": [3.7625, 6.1, 3.3, 6.6625], "texture": "#14"},
				"west": {"uv": [3.7625, 6.1, 3.3, 6.6625], "texture": "#14"},
				"up": {"uv": [3.3, 6.6625, 3.7625, 6.1], "texture": "#14"},
				"down": {"uv": [3.3, 6.6625, 3.7625, 6.1], "texture": "#14"}
			}
		},
		{
			"from": [11.5, 6.25, 12],
			"to": [11.75, 6.5, 12.1],
			"rotation": {"angle": 0, "axis": "y", "origin": [11.1, 5.25, 12.1]},
			"faces": {
				"north": {"uv": [3.7625, 6.1, 3.3, 6.6625], "texture": "#14"},
				"east": {"uv": [3.7625, 6.1, 3.3, 6.6625], "texture": "#14"},
				"south": {"uv": [3.7625, 6.1, 3.3, 6.6625], "texture": "#14"},
				"west": {"uv": [3.7625, 6.1, 3.3, 6.6625], "texture": "#14"},
				"up": {"uv": [3.3, 6.6625, 3.7625, 6.1], "texture": "#14"},
				"down": {"uv": [3.3, 6.6625, 3.7625, 6.1], "texture": "#14"}
			}
		},
		{
			"from": [4.75, 5.25, 3.9],
			"to": [5.25, 5.5, 4],
			"rotation": {"angle": 0, "axis": "y", "origin": [4.9, 5.25, 3.9]},
			"faces": {
				"north": {"uv": [3.7625, 6.1, 3.3, 6.6625], "texture": "#14"},
				"east": {"uv": [3.7625, 6.1, 3.3, 6.6625], "texture": "#14"},
				"south": {"uv": [3.7625, 6.1, 3.3, 6.6625], "texture": "#14"},
				"west": {"uv": [3.7625, 6.1, 3.3, 6.6625], "texture": "#14"},
				"up": {"uv": [3.3, 6.6625, 3.7625, 6.1], "texture": "#14"},
				"down": {"uv": [3.3, 6.6625, 3.7625, 6.1], "texture": "#14"}
			}
		},
		{
			"from": [5.25, 5.5, 12],
			"to": [5.5, 5.75, 12.1],
			"rotation": {"angle": 0, "axis": "y", "origin": [4.9, 5.25, 12.1]},
			"faces": {
				"north": {"uv": [3.7625, 6.1, 3.3, 6.6625], "texture": "#14"},
				"east": {"uv": [3.7625, 6.1, 3.3, 6.6625], "texture": "#14"},
				"south": {"uv": [3.7625, 6.1, 3.3, 6.6625], "texture": "#14"},
				"west": {"uv": [3.7625, 6.1, 3.3, 6.6625], "texture": "#14"},
				"up": {"uv": [3.3, 6.6625, 3.7625, 6.1], "texture": "#14"},
				"down": {"uv": [3.3, 6.6625, 3.7625, 6.1], "texture": "#14"}
			}
		},
		{
			"from": [4.75, 5.5, 12],
			"to": [5, 6.5, 12.1],
			"rotation": {"angle": 0, "axis": "y", "origin": [4.9, 5.25, 12.1]},
			"faces": {
				"north": {"uv": [3.7625, 6.1, 3.3, 6.6625], "texture": "#14"},
				"east": {"uv": [3.7625, 6.1, 3.3, 6.6625], "texture": "#14"},
				"south": {"uv": [3.7625, 6.1, 3.3, 6.6625], "texture": "#14"},
				"west": {"uv": [3.7625, 6.1, 3.3, 6.6625], "texture": "#14"},
				"up": {"uv": [3.3, 6.6625, 3.7625, 6.1], "texture": "#14"},
				"down": {"uv": [3.3, 6.6625, 3.7625, 6.1], "texture": "#14"}
			}
		},
		{
			"from": [4.5, 6.5, 12],
			"to": [5, 6.75, 12.1],
			"rotation": {"angle": 0, "axis": "y", "origin": [4.9, 5.25, 12.1]},
			"faces": {
				"north": {"uv": [3.7625, 6.1, 3.3, 6.6625], "texture": "#14"},
				"east": {"uv": [3.7625, 6.1, 3.3, 6.6625], "texture": "#14"},
				"south": {"uv": [3.7625, 6.1, 3.3, 6.6625], "texture": "#14"},
				"west": {"uv": [3.7625, 6.1, 3.3, 6.6625], "texture": "#14"},
				"up": {"uv": [3.3, 6.6625, 3.7625, 6.1], "texture": "#14"},
				"down": {"uv": [3.3, 6.6625, 3.7625, 6.1], "texture": "#14"}
			}
		},
		{
			"from": [4.25, 6.25, 12],
			"to": [4.5, 6.5, 12.1],
			"rotation": {"angle": 0, "axis": "y", "origin": [4.9, 5.25, 12.1]},
			"faces": {
				"north": {"uv": [3.7625, 6.1, 3.3, 6.6625], "texture": "#14"},
				"east": {"uv": [3.7625, 6.1, 3.3, 6.6625], "texture": "#14"},
				"south": {"uv": [3.7625, 6.1, 3.3, 6.6625], "texture": "#14"},
				"west": {"uv": [3.7625, 6.1, 3.3, 6.6625], "texture": "#14"},
				"up": {"uv": [3.3, 6.6625, 3.7625, 6.1], "texture": "#14"},
				"down": {"uv": [3.3, 6.6625, 3.7625, 6.1], "texture": "#14"}
			}
		},
		{
			"from": [5.25, 5.5, 3.9],
			"to": [5.5, 5.75, 4],
			"rotation": {"angle": 0, "axis": "y", "origin": [4.9, 5.25, 3.9]},
			"faces": {
				"north": {"uv": [3.7625, 6.1, 3.3, 6.6625], "texture": "#14"},
				"east": {"uv": [3.7625, 6.1, 3.3, 6.6625], "texture": "#14"},
				"south": {"uv": [3.7625, 6.1, 3.3, 6.6625], "texture": "#14"},
				"west": {"uv": [3.7625, 6.1, 3.3, 6.6625], "texture": "#14"},
				"up": {"uv": [3.3, 6.6625, 3.7625, 6.1], "texture": "#14"},
				"down": {"uv": [3.3, 6.6625, 3.7625, 6.1], "texture": "#14"}
			}
		},
		{
			"from": [4.75, 5.5, 3.9],
			"to": [5, 6.5, 4],
			"rotation": {"angle": 0, "axis": "y", "origin": [4.9, 5.25, 3.9]},
			"faces": {
				"north": {"uv": [3.7625, 6.1, 3.3, 6.6625], "texture": "#14"},
				"east": {"uv": [3.7625, 6.1, 3.3, 6.6625], "texture": "#14"},
				"south": {"uv": [3.7625, 6.1, 3.3, 6.6625], "texture": "#14"},
				"west": {"uv": [3.7625, 6.1, 3.3, 6.6625], "texture": "#14"},
				"up": {"uv": [3.3, 6.6625, 3.7625, 6.1], "texture": "#14"},
				"down": {"uv": [3.3, 6.6625, 3.7625, 6.1], "texture": "#14"}
			}
		},
		{
			"from": [4.5, 6.5, 3.9],
			"to": [5, 6.75, 4],
			"rotation": {"angle": 0, "axis": "y", "origin": [4.9, 5.25, 3.9]},
			"faces": {
				"north": {"uv": [3.7625, 6.1, 3.3, 6.6625], "texture": "#14"},
				"east": {"uv": [3.7625, 6.1, 3.3, 6.6625], "texture": "#14"},
				"south": {"uv": [3.7625, 6.1, 3.3, 6.6625], "texture": "#14"},
				"west": {"uv": [3.7625, 6.1, 3.3, 6.6625], "texture": "#14"},
				"up": {"uv": [3.3, 6.6625, 3.7625, 6.1], "texture": "#14"},
				"down": {"uv": [3.3, 6.6625, 3.7625, 6.1], "texture": "#14"}
			}
		},
		{
			"from": [4.25, 6.25, 3.9],
			"to": [4.5, 6.5, 4],
			"rotation": {"angle": 0, "axis": "y", "origin": [4.9, 5.25, 3.9]},
			"faces": {
				"north": {"uv": [3.7625, 6.1, 3.3, 6.6625], "texture": "#14"},
				"east": {"uv": [3.7625, 6.1, 3.3, 6.6625], "texture": "#14"},
				"south": {"uv": [3.7625, 6.1, 3.3, 6.6625], "texture": "#14"},
				"west": {"uv": [3.7625, 6.1, 3.3, 6.6625], "texture": "#14"},
				"up": {"uv": [3.3, 6.6625, 3.7625, 6.1], "texture": "#14"},
				"down": {"uv": [3.3, 6.6625, 3.7625, 6.1], "texture": "#14"}
			}
		},
		{
			"from": [4.75, 5.25, 12],
			"to": [5.25, 5.5, 12.1],
			"rotation": {"angle": 0, "axis": "y", "origin": [4.9, 5.25, 12.1]},
			"faces": {
				"north": {"uv": [3.7625, 6.1, 3.3, 6.6625], "texture": "#14"},
				"east": {"uv": [3.7625, 6.1, 3.3, 6.6625], "texture": "#14"},
				"south": {"uv": [3.7625, 6.1, 3.3, 6.6625], "texture": "#14"},
				"west": {"uv": [3.7625, 6.1, 3.3, 6.6625], "texture": "#14"},
				"up": {"uv": [3.3, 6.6625, 3.7625, 6.1], "texture": "#14"},
				"down": {"uv": [3.3, 6.6625, 3.7625, 6.1], "texture": "#14"}
			}
		},
		{
			"from": [4.75, 5.25, 3.9],
			"to": [5.25, 5.5, 4],
			"rotation": {"angle": 0, "axis": "y", "origin": [4.9, 5.25, 3.9]},
			"faces": {
				"north": {"uv": [3.7625, 6.1, 3.3, 6.6625], "texture": "#14"},
				"east": {"uv": [3.7625, 6.1, 3.3, 6.6625], "texture": "#14"},
				"south": {"uv": [3.7625, 6.1, 3.3, 6.6625], "texture": "#14"},
				"west": {"uv": [3.7625, 6.1, 3.3, 6.6625], "texture": "#14"},
				"up": {"uv": [3.3, 6.6625, 3.7625, 6.1], "texture": "#14"},
				"down": {"uv": [3.3, 6.6625, 3.7625, 6.1], "texture": "#14"}
			}
		},
		{
			"from": [10.75, 5.25, 3.9],
			"to": [11.25, 5.5, 4],
			"rotation": {"angle": 0, "axis": "y", "origin": [11.1, 5.25, 3.9]},
			"faces": {
				"north": {"uv": [3.7625, 6.1, 3.3, 6.6625], "texture": "#14"},
				"east": {"uv": [3.7625, 6.1, 3.3, 6.6625], "texture": "#14"},
				"south": {"uv": [3.7625, 6.1, 3.3, 6.6625], "texture": "#14"},
				"west": {"uv": [3.7625, 6.1, 3.3, 6.6625], "texture": "#14"},
				"up": {"uv": [3.3, 6.6625, 3.7625, 6.1], "texture": "#14"},
				"down": {"uv": [3.3, 6.6625, 3.7625, 6.1], "texture": "#14"}
			}
		},
		{
			"from": [10.5, 5.5, 3.9],
			"to": [10.75, 5.75, 4],
			"rotation": {"angle": 0, "axis": "y", "origin": [11.1, 5.25, 3.9]},
			"faces": {
				"north": {"uv": [3.7625, 6.1, 3.3, 6.6625], "texture": "#14"},
				"east": {"uv": [3.7625, 6.1, 3.3, 6.6625], "texture": "#14"},
				"south": {"uv": [3.7625, 6.1, 3.3, 6.6625], "texture": "#14"},
				"west": {"uv": [3.7625, 6.1, 3.3, 6.6625], "texture": "#14"},
				"up": {"uv": [3.3, 6.6625, 3.7625, 6.1], "texture": "#14"},
				"down": {"uv": [3.3, 6.6625, 3.7625, 6.1], "texture": "#14"}
			}
		},
		{
			"from": [11, 5.5, 3.9],
			"to": [11.25, 6.5, 4],
			"rotation": {"angle": 0, "axis": "y", "origin": [11.1, 5.25, 3.9]},
			"faces": {
				"north": {"uv": [3.7625, 6.1, 3.3, 6.6625], "texture": "#14"},
				"east": {"uv": [3.7625, 6.1, 3.3, 6.6625], "texture": "#14"},
				"south": {"uv": [3.7625, 6.1, 3.3, 6.6625], "texture": "#14"},
				"west": {"uv": [3.7625, 6.1, 3.3, 6.6625], "texture": "#14"},
				"up": {"uv": [3.3, 6.6625, 3.7625, 6.1], "texture": "#14"},
				"down": {"uv": [3.3, 6.6625, 3.7625, 6.1], "texture": "#14"}
			}
		},
		{
			"from": [11, 6.5, 3.9],
			"to": [11.5, 6.75, 4],
			"rotation": {"angle": 0, "axis": "y", "origin": [11.1, 5.25, 3.9]},
			"faces": {
				"north": {"uv": [3.7625, 6.1, 3.3, 6.6625], "texture": "#14"},
				"east": {"uv": [3.7625, 6.1, 3.3, 6.6625], "texture": "#14"},
				"south": {"uv": [3.7625, 6.1, 3.3, 6.6625], "texture": "#14"},
				"west": {"uv": [3.7625, 6.1, 3.3, 6.6625], "texture": "#14"},
				"up": {"uv": [3.3, 6.6625, 3.7625, 6.1], "texture": "#14"},
				"down": {"uv": [3.3, 6.6625, 3.7625, 6.1], "texture": "#14"}
			}
		},
		{
			"from": [11.5, 6.25, 3.9],
			"to": [11.75, 6.5, 4],
			"rotation": {"angle": 0, "axis": "y", "origin": [11.1, 5.25, 3.9]},
			"faces": {
				"north": {"uv": [3.7625, 6.1, 3.3, 6.6625], "texture": "#14"},
				"east": {"uv": [3.7625, 6.1, 3.3, 6.6625], "texture": "#14"},
				"south": {"uv": [3.7625, 6.1, 3.3, 6.6625], "texture": "#14"},
				"west": {"uv": [3.7625, 6.1, 3.3, 6.6625], "texture": "#14"},
				"up": {"uv": [3.3, 6.6625, 3.7625, 6.1], "texture": "#14"},
				"down": {"uv": [3.3, 6.6625, 3.7625, 6.1], "texture": "#14"}
			}
		},
		{
			"from": [12, 6.5, 11],
			"to": [12.1, 6.75, 11.5],
			"rotation": {"angle": 0, "axis": "y", "origin": [12.1, 5.5, 11.65]},
			"faces": {
				"north": {"uv": [3.7625, 6.1, 3.3, 6.6625], "texture": "#14"},
				"east": {"uv": [3.7625, 6.1, 3.3, 6.6625], "texture": "#14"},
				"south": {"uv": [3.7625, 6.1, 3.3, 6.6625], "texture": "#14"},
				"west": {"uv": [3.7625, 6.1, 3.3, 6.6625], "texture": "#14"},
				"up": {"uv": [3.3, 6.6625, 3.7625, 6.1], "texture": "#14"},
				"down": {"uv": [3.3, 6.6625, 3.7625, 6.1], "texture": "#14"}
			}
		},
		{
			"from": [12, 6, 11.25],
			"to": [12.1, 6.5, 11.5],
			"rotation": {"angle": 0, "axis": "y", "origin": [12.1, 5.25, 11.9]},
			"faces": {
				"north": {"uv": [3.7625, 6.1, 3.3, 6.6625], "texture": "#14"},
				"east": {"uv": [3.7625, 6.1, 3.3, 6.6625], "texture": "#14"},
				"south": {"uv": [3.7625, 6.1, 3.3, 6.6625], "texture": "#14"},
				"west": {"uv": [3.7625, 6.1, 3.3, 6.6625], "texture": "#14"},
				"up": {"uv": [3.3, 6.6625, 3.7625, 6.1], "texture": "#14"},
				"down": {"uv": [3.3, 6.6625, 3.7625, 6.1], "texture": "#14"}
			}
		},
		{
			"from": [12, 5.75, 11],
			"to": [12.1, 6, 11.5],
			"rotation": {"angle": 0, "axis": "y", "origin": [12.1, 4.75, 11.65]},
			"faces": {
				"north": {"uv": [3.7625, 6.1, 3.3, 6.6625], "texture": "#14"},
				"east": {"uv": [3.7625, 6.1, 3.3, 6.6625], "texture": "#14"},
				"south": {"uv": [3.7625, 6.1, 3.3, 6.6625], "texture": "#14"},
				"west": {"uv": [3.7625, 6.1, 3.3, 6.6625], "texture": "#14"},
				"up": {"uv": [3.3, 6.6625, 3.7625, 6.1], "texture": "#14"},
				"down": {"uv": [3.3, 6.6625, 3.7625, 6.1], "texture": "#14"}
			}
		},
		{
			"from": [12, 5.25, 11.25],
			"to": [12.1, 5.75, 11.5],
			"rotation": {"angle": 0, "axis": "y", "origin": [12.1, 4.5, 11.9]},
			"faces": {
				"north": {"uv": [3.7625, 6.1, 3.3, 6.6625], "texture": "#14"},
				"east": {"uv": [3.7625, 6.1, 3.3, 6.6625], "texture": "#14"},
				"south": {"uv": [3.7625, 6.1, 3.3, 6.6625], "texture": "#14"},
				"west": {"uv": [3.7625, 6.1, 3.3, 6.6625], "texture": "#14"},
				"up": {"uv": [3.3, 6.6625, 3.7625, 6.1], "texture": "#14"},
				"down": {"uv": [3.3, 6.6625, 3.7625, 6.1], "texture": "#14"}
			}
		},
		{
			"from": [12, 5.5, 10.75],
			"to": [12.1, 5.75, 11],
			"rotation": {"angle": 0, "axis": "y", "origin": [12.1, 4.5, 11.4]},
			"faces": {
				"north": {"uv": [3.7625, 6.1, 3.3, 6.6625], "texture": "#14"},
				"east": {"uv": [3.7625, 6.1, 3.3, 6.6625], "texture": "#14"},
				"south": {"uv": [3.7625, 6.1, 3.3, 6.6625], "texture": "#14"},
				"west": {"uv": [3.7625, 6.1, 3.3, 6.6625], "texture": "#14"},
				"up": {"uv": [3.3, 6.6625, 3.7625, 6.1], "texture": "#14"},
				"down": {"uv": [3.3, 6.6625, 3.7625, 6.1], "texture": "#14"}
			}
		},
		{
			"from": [12, 6.25, 10.75],
			"to": [12.1, 6.5, 11],
			"rotation": {"angle": 0, "axis": "y", "origin": [12.1, 5.25, 11.4]},
			"faces": {
				"north": {"uv": [3.7625, 6.1, 3.3, 6.6625], "texture": "#14"},
				"east": {"uv": [3.7625, 6.1, 3.3, 6.6625], "texture": "#14"},
				"south": {"uv": [3.7625, 6.1, 3.3, 6.6625], "texture": "#14"},
				"west": {"uv": [3.7625, 6.1, 3.3, 6.6625], "texture": "#14"},
				"up": {"uv": [3.3, 6.6625, 3.7625, 6.1], "texture": "#14"},
				"down": {"uv": [3.3, 6.6625, 3.7625, 6.1], "texture": "#14"}
			}
		},
		{
			"from": [3.9, 6.5, 11],
			"to": [4, 6.75, 11.5],
			"rotation": {"angle": 0, "axis": "y", "origin": [3.9, 5.5, 11.65]},
			"faces": {
				"north": {"uv": [3.7625, 6.1, 3.3, 6.6625], "texture": "#14"},
				"east": {"uv": [3.7625, 6.1, 3.3, 6.6625], "texture": "#14"},
				"south": {"uv": [3.7625, 6.1, 3.3, 6.6625], "texture": "#14"},
				"west": {"uv": [3.7625, 6.1, 3.3, 6.6625], "texture": "#14"},
				"up": {"uv": [3.3, 6.6625, 3.7625, 6.1], "texture": "#14"},
				"down": {"uv": [3.3, 6.6625, 3.7625, 6.1], "texture": "#14"}
			}
		},
		{
			"from": [3.9, 6, 11.25],
			"to": [4, 6.5, 11.5],
			"rotation": {"angle": 0, "axis": "y", "origin": [3.9, 5.25, 11.9]},
			"faces": {
				"north": {"uv": [3.7625, 6.1, 3.3, 6.6625], "texture": "#14"},
				"east": {"uv": [3.7625, 6.1, 3.3, 6.6625], "texture": "#14"},
				"south": {"uv": [3.7625, 6.1, 3.3, 6.6625], "texture": "#14"},
				"west": {"uv": [3.7625, 6.1, 3.3, 6.6625], "texture": "#14"},
				"up": {"uv": [3.3, 6.6625, 3.7625, 6.1], "texture": "#14"},
				"down": {"uv": [3.3, 6.6625, 3.7625, 6.1], "texture": "#14"}
			}
		},
		{
			"from": [3.9, 5.75, 11],
			"to": [4, 6, 11.5],
			"rotation": {"angle": 0, "axis": "y", "origin": [3.9, 4.75, 11.65]},
			"faces": {
				"north": {"uv": [3.7625, 6.1, 3.3, 6.6625], "texture": "#14"},
				"east": {"uv": [3.7625, 6.1, 3.3, 6.6625], "texture": "#14"},
				"south": {"uv": [3.7625, 6.1, 3.3, 6.6625], "texture": "#14"},
				"west": {"uv": [3.7625, 6.1, 3.3, 6.6625], "texture": "#14"},
				"up": {"uv": [3.3, 6.6625, 3.7625, 6.1], "texture": "#14"},
				"down": {"uv": [3.3, 6.6625, 3.7625, 6.1], "texture": "#14"}
			}
		},
		{
			"from": [3.9, 5.25, 11.25],
			"to": [4, 5.75, 11.5],
			"rotation": {"angle": 0, "axis": "y", "origin": [3.9, 4.5, 11.9]},
			"faces": {
				"north": {"uv": [3.7625, 6.1, 3.3, 6.6625], "texture": "#14"},
				"east": {"uv": [3.7625, 6.1, 3.3, 6.6625], "texture": "#14"},
				"south": {"uv": [3.7625, 6.1, 3.3, 6.6625], "texture": "#14"},
				"west": {"uv": [3.7625, 6.1, 3.3, 6.6625], "texture": "#14"},
				"up": {"uv": [3.3, 6.6625, 3.7625, 6.1], "texture": "#14"},
				"down": {"uv": [3.3, 6.6625, 3.7625, 6.1], "texture": "#14"}
			}
		},
		{
			"from": [3.9, 5.5, 10.75],
			"to": [4, 5.75, 11],
			"rotation": {"angle": 0, "axis": "y", "origin": [3.9, 4.5, 11.4]},
			"faces": {
				"north": {"uv": [3.7625, 6.1, 3.3, 6.6625], "texture": "#14"},
				"east": {"uv": [3.7625, 6.1, 3.3, 6.6625], "texture": "#14"},
				"south": {"uv": [3.7625, 6.1, 3.3, 6.6625], "texture": "#14"},
				"west": {"uv": [3.7625, 6.1, 3.3, 6.6625], "texture": "#14"},
				"up": {"uv": [3.3, 6.6625, 3.7625, 6.1], "texture": "#14"},
				"down": {"uv": [3.3, 6.6625, 3.7625, 6.1], "texture": "#14"}
			}
		},
		{
			"from": [3.9, 6.25, 10.75],
			"to": [4, 6.5, 11],
			"rotation": {"angle": 0, "axis": "y", "origin": [3.9, 5.25, 11.4]},
			"faces": {
				"north": {"uv": [3.7625, 6.1, 3.3, 6.6625], "texture": "#14"},
				"east": {"uv": [3.7625, 6.1, 3.3, 6.6625], "texture": "#14"},
				"south": {"uv": [3.7625, 6.1, 3.3, 6.6625], "texture": "#14"},
				"west": {"uv": [3.7625, 6.1, 3.3, 6.6625], "texture": "#14"},
				"up": {"uv": [3.3, 6.6625, 3.7625, 6.1], "texture": "#14"},
				"down": {"uv": [3.3, 6.6625, 3.7625, 6.1], "texture": "#14"}
			}
		},
		{
			"from": [3.9, 6.5, 4.5],
			"to": [4, 6.75, 5],
			"rotation": {"angle": 0, "axis": "y", "origin": [3.9, 5.5, 4.35]},
			"faces": {
				"north": {"uv": [3.7625, 6.1, 3.3, 6.6625], "texture": "#14"},
				"east": {"uv": [3.7625, 6.1, 3.3, 6.6625], "texture": "#14"},
				"south": {"uv": [3.7625, 6.1, 3.3, 6.6625], "texture": "#14"},
				"west": {"uv": [3.7625, 6.1, 3.3, 6.6625], "texture": "#14"},
				"up": {"uv": [3.3, 6.6625, 3.7625, 6.1], "texture": "#14"},
				"down": {"uv": [3.3, 6.6625, 3.7625, 6.1], "texture": "#14"}
			}
		},
		{
			"from": [3.9, 6, 4.5],
			"to": [4, 6.5, 4.75],
			"rotation": {"angle": 0, "axis": "y", "origin": [3.9, 5.25, 4.1]},
			"faces": {
				"north": {"uv": [3.7625, 6.1, 3.3, 6.6625], "texture": "#14"},
				"east": {"uv": [3.7625, 6.1, 3.3, 6.6625], "texture": "#14"},
				"south": {"uv": [3.7625, 6.1, 3.3, 6.6625], "texture": "#14"},
				"west": {"uv": [3.7625, 6.1, 3.3, 6.6625], "texture": "#14"},
				"up": {"uv": [3.3, 6.6625, 3.7625, 6.1], "texture": "#14"},
				"down": {"uv": [3.3, 6.6625, 3.7625, 6.1], "texture": "#14"}
			}
		},
		{
			"from": [3.9, 5.75, 4.5],
			"to": [4, 6, 5],
			"rotation": {"angle": 0, "axis": "y", "origin": [3.9, 4.75, 4.35]},
			"faces": {
				"north": {"uv": [3.7625, 6.1, 3.3, 6.6625], "texture": "#14"},
				"east": {"uv": [3.7625, 6.1, 3.3, 6.6625], "texture": "#14"},
				"south": {"uv": [3.7625, 6.1, 3.3, 6.6625], "texture": "#14"},
				"west": {"uv": [3.7625, 6.1, 3.3, 6.6625], "texture": "#14"},
				"up": {"uv": [3.3, 6.6625, 3.7625, 6.1], "texture": "#14"},
				"down": {"uv": [3.3, 6.6625, 3.7625, 6.1], "texture": "#14"}
			}
		},
		{
			"from": [3.9, 5.25, 4.5],
			"to": [4, 5.75, 4.75],
			"rotation": {"angle": 0, "axis": "y", "origin": [3.9, 4.5, 4.1]},
			"faces": {
				"north": {"uv": [3.7625, 6.1, 3.3, 6.6625], "texture": "#14"},
				"east": {"uv": [3.7625, 6.1, 3.3, 6.6625], "texture": "#14"},
				"south": {"uv": [3.7625, 6.1, 3.3, 6.6625], "texture": "#14"},
				"west": {"uv": [3.7625, 6.1, 3.3, 6.6625], "texture": "#14"},
				"up": {"uv": [3.3, 6.6625, 3.7625, 6.1], "texture": "#14"},
				"down": {"uv": [3.3, 6.6625, 3.7625, 6.1], "texture": "#14"}
			}
		},
		{
			"from": [3.9, 5.5, 5],
			"to": [4, 5.75, 5.25],
			"rotation": {"angle": 0, "axis": "y", "origin": [3.9, 4.5, 4.6]},
			"faces": {
				"north": {"uv": [3.7625, 6.1, 3.3, 6.6625], "texture": "#14"},
				"east": {"uv": [3.7625, 6.1, 3.3, 6.6625], "texture": "#14"},
				"south": {"uv": [3.7625, 6.1, 3.3, 6.6625], "texture": "#14"},
				"west": {"uv": [3.7625, 6.1, 3.3, 6.6625], "texture": "#14"},
				"up": {"uv": [3.3, 6.6625, 3.7625, 6.1], "texture": "#14"},
				"down": {"uv": [3.3, 6.6625, 3.7625, 6.1], "texture": "#14"}
			}
		},
		{
			"from": [3.9, 6.25, 5],
			"to": [4, 6.5, 5.25],
			"rotation": {"angle": 0, "axis": "y", "origin": [3.9, 5.25, 4.6]},
			"faces": {
				"north": {"uv": [3.7625, 6.1, 3.3, 6.6625], "texture": "#14"},
				"east": {"uv": [3.7625, 6.1, 3.3, 6.6625], "texture": "#14"},
				"south": {"uv": [3.7625, 6.1, 3.3, 6.6625], "texture": "#14"},
				"west": {"uv": [3.7625, 6.1, 3.3, 6.6625], "texture": "#14"},
				"up": {"uv": [3.3, 6.6625, 3.7625, 6.1], "texture": "#14"},
				"down": {"uv": [3.3, 6.6625, 3.7625, 6.1], "texture": "#14"}
			}
		},
		{
			"from": [12, 6.5, 4.5],
			"to": [12.1, 6.75, 5],
			"rotation": {"angle": 0, "axis": "y", "origin": [12.1, 5.5, 4.35]},
			"faces": {
				"north": {"uv": [3.7625, 6.1, 3.3, 6.6625], "texture": "#14"},
				"east": {"uv": [3.7625, 6.1, 3.3, 6.6625], "texture": "#14"},
				"south": {"uv": [3.7625, 6.1, 3.3, 6.6625], "texture": "#14"},
				"west": {"uv": [3.7625, 6.1, 3.3, 6.6625], "texture": "#14"},
				"up": {"uv": [3.3, 6.6625, 3.7625, 6.1], "texture": "#14"},
				"down": {"uv": [3.3, 6.6625, 3.7625, 6.1], "texture": "#14"}
			}
		},
		{
			"from": [12, 6, 4.5],
			"to": [12.1, 6.5, 4.75],
			"rotation": {"angle": 0, "axis": "y", "origin": [12.1, 5.25, 4.1]},
			"faces": {
				"north": {"uv": [3.7625, 6.1, 3.3, 6.6625], "texture": "#14"},
				"east": {"uv": [3.7625, 6.1, 3.3, 6.6625], "texture": "#14"},
				"south": {"uv": [3.7625, 6.1, 3.3, 6.6625], "texture": "#14"},
				"west": {"uv": [3.7625, 6.1, 3.3, 6.6625], "texture": "#14"},
				"up": {"uv": [3.3, 6.6625, 3.7625, 6.1], "texture": "#14"},
				"down": {"uv": [3.3, 6.6625, 3.7625, 6.1], "texture": "#14"}
			}
		},
		{
			"from": [12, 5.75, 4.5],
			"to": [12.1, 6, 5],
			"rotation": {"angle": 0, "axis": "y", "origin": [12.1, 4.75, 4.35]},
			"faces": {
				"north": {"uv": [3.7625, 6.1, 3.3, 6.6625], "texture": "#14"},
				"east": {"uv": [3.7625, 6.1, 3.3, 6.6625], "texture": "#14"},
				"south": {"uv": [3.7625, 6.1, 3.3, 6.6625], "texture": "#14"},
				"west": {"uv": [3.7625, 6.1, 3.3, 6.6625], "texture": "#14"},
				"up": {"uv": [3.3, 6.6625, 3.7625, 6.1], "texture": "#14"},
				"down": {"uv": [3.3, 6.6625, 3.7625, 6.1], "texture": "#14"}
			}
		},
		{
			"from": [12, 5.25, 4.5],
			"to": [12.1, 5.75, 4.75],
			"rotation": {"angle": 0, "axis": "y", "origin": [12.1, 4.5, 4.1]},
			"faces": {
				"north": {"uv": [3.7625, 6.1, 3.3, 6.6625], "texture": "#14"},
				"east": {"uv": [3.7625, 6.1, 3.3, 6.6625], "texture": "#14"},
				"south": {"uv": [3.7625, 6.1, 3.3, 6.6625], "texture": "#14"},
				"west": {"uv": [3.7625, 6.1, 3.3, 6.6625], "texture": "#14"},
				"up": {"uv": [3.3, 6.6625, 3.7625, 6.1], "texture": "#14"},
				"down": {"uv": [3.3, 6.6625, 3.7625, 6.1], "texture": "#14"}
			}
		},
		{
			"from": [12, 5.5, 5],
			"to": [12.1, 5.75, 5.25],
			"rotation": {"angle": 0, "axis": "y", "origin": [12.1, 4.5, 4.6]},
			"faces": {
				"north": {"uv": [3.7625, 6.1, 3.3, 6.6625], "texture": "#14"},
				"east": {"uv": [3.7625, 6.1, 3.3, 6.6625], "texture": "#14"},
				"south": {"uv": [3.7625, 6.1, 3.3, 6.6625], "texture": "#14"},
				"west": {"uv": [3.7625, 6.1, 3.3, 6.6625], "texture": "#14"},
				"up": {"uv": [3.3, 6.6625, 3.7625, 6.1], "texture": "#14"},
				"down": {"uv": [3.3, 6.6625, 3.7625, 6.1], "texture": "#14"}
			}
		},
		{
			"from": [12, 6.25, 5],
			"to": [12.1, 6.5, 5.25],
			"rotation": {"angle": 0, "axis": "y", "origin": [12.1, 5.25, 4.6]},
			"faces": {
				"north": {"uv": [3.7625, 6.1, 3.3, 6.6625], "texture": "#14"},
				"east": {"uv": [3.7625, 6.1, 3.3, 6.6625], "texture": "#14"},
				"south": {"uv": [3.7625, 6.1, 3.3, 6.6625], "texture": "#14"},
				"west": {"uv": [3.7625, 6.1, 3.3, 6.6625], "texture": "#14"},
				"up": {"uv": [3.3, 6.6625, 3.7625, 6.1], "texture": "#14"},
				"down": {"uv": [3.3, 6.6625, 3.7625, 6.1], "texture": "#14"}
			}
		}
	],
	"groups": [
		{
			"name": "group",
			"origin": [15, 16, 1.5],
			"color": 0,
			"children": [
				{
					"name": "group",
					"origin": [14.5, 16, 1.5],
					"color": 0,
					"children": [
						0,
						{
							"name": "TABLE_TOP",
							"origin": [6, 12, -3],
							"color": 0,
							"children": [
								{
									"name": "group",
									"origin": [-1, 14, -5],
									"color": 0,
									"children": [
										1,
										2,
										3,
										4,
										5,
										6,
										7,
										8,
										9,
										10,
										11,
										12,
										13,
										14,
										15,
										16,
										17,
										18,
										19,
										20,
										21,
										22,
										23,
										24,
										25,
										26,
										27,
										28,
										29,
										30,
										31,
										32,
										33,
										34,
										35,
										36,
										37,
										38,
										39,
										40,
										41,
										42,
										43,
										44,
										45,
										46,
										47,
										48,
										49,
										50,
										51,
										52,
										53,
										54,
										55,
										56,
										57,
										58,
										59,
										60,
										61
									]
								}
							]
						},
						62,
						63,
						64,
						65,
						66,
						67,
						68,
						69,
						70,
						71,
						72
					]
				}
			]
		},
		73,
		74,
		75,
		76,
		77,
		78,
		79,
		80,
		81,
		82,
		83,
		84,
		85,
		86,
		87,
		88,
		89,
		{
			"name": "RUNE O",
			"origin": [8, 7, 3],
			"color": 0,
			"children": [90, 91, 92, 93, 94, 95, 96, 97, 98, 99, 100, 101, 102, 103, 104, 105, 106, 107, 108, 109]
		},
		{
			"name": "RUNE O",
			"origin": [8, 7, 3],
			"color": 0,
			"children": [110, 111, 112, 113, 114, 115, 116, 117, 118, 119, 120, 121, 122, 123, 124, 125, 126, 127, 128, 129]
		},
		{
			"name": "RUNE Z",
			"origin": [3, 5.75, 2],
			"color": 0,
			"children": [130, 131, 132, 133, 134, 135, 136, 137, 138, 139, 140, 141, 142, 143, 144, 145, 146, 147, 148, 149, 150]
		},
		{
			"name": "RUNE F",
			"origin": [3.9, 5.25, 4.6],
			"color": 0,
			"children": [151, 152, 153, 154, 155, 156, 157, 158, 159, 160, 161, 162, 163, 164, 165, 166, 167, 168, 169, 170, 171, 172, 173, 174]
		}
	]
}