{
	"credit": "Made with Blockbench",
	"textures": {
		"3": "block/cobblestone",
		"4": "block/blast_furnace_top",
		"5": "block/deepslate",
		"7": "block/anvil",
		"8": "block/campfire_log_lit",
		"9": "block/stone",
		"10": "block/coal_block",
		"particle": "block/cobblestone"
	},
	"elements": [
		{
			"from": [0, 2, 15],
			"to": [16, 16, 16],
			"faces": {
				"north": {"uv": [0, 0, 16, 12], "texture": "#3"},
				"east": {"uv": [1, 8.75, 1.5, 11.75], "texture": "#3"},
				"south": {"uv": [0, 0, 16, 12], "texture": "#3"},
				"west": {"uv": [0, 1, 1, 13], "texture": "#3"},
				"up": {"uv": [0, 3, 16, 2], "texture": "#3"},
				"down": {"uv": [11, 8.5, 7, 9], "texture": "#3"}
			}
		},
		{
			"from": [1, 2, 7],
			"to": [2, 14, 15],
			"rotation": {"angle": 0, "axis": "y", "origin": [16, 0, 0]},
			"faces": {
				"north": {"uv": [2, 2, 1, 10], "texture": "#3"},
				"east": {"uv": [8, 1, 1, 9], "texture": "#3"},
				"south": {"uv": [3, 8.75, 2.5, 11.75], "texture": "#3"},
				"west": {"uv": [7.5, 0, 5.75, 3], "texture": "#3"},
				"up": {"uv": [2, 2, 1, 9], "texture": "#3"},
				"down": {"uv": [2, 3, 1, 10], "texture": "#3"}
			}
		},
		{
			"from": [0, 2, 0],
			"to": [2, 10, 7],
			"rotation": {"angle": 0, "axis": "y", "origin": [-14, 0, 0]},
			"faces": {
				"north": {"uv": [5, 0, 8, 7], "texture": "#3"},
				"east": {"uv": [0.2, 0, 6.95, 7], "texture": "#3"},
				"south": {"uv": [3.5, 8.75, 4, 10.75], "texture": "#3"},
				"west": {"uv": [0, 0, 8, 8], "texture": "#3"},
				"up": {"uv": [5, 0, 8, 7], "texture": "#3"},
				"down": {"uv": [0, 0, 3, 8], "texture": "#3"}
			}
		},
		{
			"from": [0, 10, 0],
			"to": [1, 16, 7],
			"rotation": {"angle": 0, "axis": "y", "origin": [16, 0, 0]},
			"faces": {
				"north": {"uv": [0, 0, 2, 7], "texture": "#3"},
				"east": {"uv": [0, 0, 8, 8], "texture": "#3"},
				"south": {"uv": [5, 8.75, 4.5, 10.75], "texture": "#3"},
				"west": {"uv": [0, 0, 8, 8], "texture": "#3"},
				"up": {"uv": [13, 4, 15, 12], "texture": "#3"},
				"down": {"uv": [8, 9, 8.5, 10.75], "texture": "#3"}
			}
		},
		{
			"from": [0, 2, 7],
			"to": [1, 16, 15],
			"rotation": {"angle": 0, "axis": "y", "origin": [-14, 0, 0]},
			"faces": {
				"north": {"uv": [0, 8.75, 0.5, 11.75], "texture": "#3"},
				"east": {"uv": [8, 0, 0, 16], "texture": "#3"},
				"south": {"uv": [0.5, 8.75, 1, 11.75], "texture": "#3"},
				"west": {"uv": [7, 0, 15, 16], "texture": "#3"},
				"up": {"uv": [6.9, 4, 6, 12], "texture": "#3"},
				"down": {"uv": [6.9, 4, 6, 12], "texture": "#3"}
			}
		},
		{
			"from": [15, 2, 7],
			"to": [16, 16, 15],
			"rotation": {"angle": 0, "axis": "y", "origin": [30, 0, 0]},
			"faces": {
				"north": {"uv": [0.5, 8.75, 0, 11.75], "texture": "#3"},
				"east": {"uv": [15, 0, 7, 16], "texture": "#3"},
				"south": {"uv": [1, 8.75, 0.5, 11.75], "texture": "#3"},
				"west": {"uv": [0, 0, 8, 16], "texture": "#3"},
				"up": {"uv": [6, 4, 6.9, 12], "texture": "#3"},
				"down": {"uv": [6, 4, 6.9, 12], "texture": "#3"}
			}
		},
		{
			"from": [-1, 2, 8],
			"to": [0, 13, 15],
			"rotation": {"angle": 0, "axis": "y", "origin": [16, 0, 0]},
			"faces": {
				"north": {"uv": [9, 1, 10, 10], "texture": "#3"},
				"east": {"uv": [0, 6, 1.75, 8.75], "texture": "#3"},
				"south": {"uv": [9, 1, 10, 10], "texture": "#3"},
				"west": {"uv": [0, 0, 6, 9], "texture": "#3"},
				"up": {"uv": [7, 6, 13, 7], "rotation": 90, "texture": "#3"},
				"down": {"uv": [7, 7, 8, 13], "texture": "#3"}
			}
		},
		{
			"from": [16, 2, 8],
			"to": [17, 13, 15],
			"faces": {
				"north": {"uv": [10, 1, 9, 10], "texture": "#3"},
				"east": {"uv": [6, 0, 0, 9], "texture": "#3"},
				"south": {"uv": [10, 1, 9, 10], "texture": "#3"},
				"west": {"uv": [1.75, 6, 0, 8.75], "texture": "#3"},
				"up": {"uv": [7, 7, 13, 6], "rotation": 90, "texture": "#3"},
				"down": {"uv": [8, 7, 7, 13], "texture": "#3"}
			}
		},
		{
			"from": [15, 10, 0],
			"to": [16, 16, 7],
			"faces": {
				"north": {"uv": [2, 0, 0, 7], "texture": "#3"},
				"east": {"uv": [8, 0, 0, 8], "texture": "#3"},
				"south": {"uv": [4.5, 8.75, 5, 10.75], "texture": "#3"},
				"west": {"uv": [8, 0, 0, 8], "texture": "#3"},
				"up": {"uv": [9, 7.75, 7, 4], "texture": "#3"},
				"down": {"uv": [8.5, 9, 8, 10.75], "texture": "#3"}
			}
		},
		{
			"from": [14, 2, 0],
			"to": [16, 10, 7],
			"rotation": {"angle": 0, "axis": "y", "origin": [30, 0, 0]},
			"faces": {
				"north": {"uv": [8, 0, 5, 7], "texture": "#3"},
				"east": {"uv": [8, 0, 0, 8], "texture": "#3"},
				"south": {"uv": [4, 8.75, 3.5, 10.75], "texture": "#3"},
				"west": {"uv": [6.95, 0, 0.2, 7], "texture": "#3"},
				"up": {"uv": [8, 0, 5, 7], "texture": "#3"},
				"down": {"uv": [3, 0, 0, 8], "texture": "#3"}
			}
		},
		{
			"from": [14, 2, 7],
			"to": [15, 14, 15],
			"faces": {
				"north": {"uv": [1, 2, 2, 10], "texture": "#3"},
				"east": {"uv": [5.75, 0, 7.5, 3], "texture": "#3"},
				"south": {"uv": [2.5, 8.75, 3, 11.75], "texture": "#3"},
				"west": {"uv": [1, 1, 8, 9], "texture": "#3"},
				"up": {"uv": [1, 2, 2, 9], "texture": "#3"},
				"down": {"uv": [1, 3, 2, 10], "texture": "#3"}
			}
		},
		{
			"from": [3, 2, 1],
			"to": [4, 3, 2],
			"rotation": {"angle": 0, "axis": "y", "origin": [-14, 0, 1]},
			"faces": {
				"north": {"uv": [6, 3.5, 6.5, 4], "texture": "#4"},
				"east": {"uv": [1, 7.5, 1.5, 8], "texture": "#4"},
				"south": {"uv": [7.5, 1, 8, 1.5], "texture": "#4"},
				"west": {"uv": [7.5, 1.5, 8, 2], "texture": "#4"},
				"up": {"uv": [8, 3, 7.5, 2.5], "texture": "#4"},
				"down": {"uv": [8, 3, 7.5, 3.5], "texture": "#4"}
			}
		},
		{
			"from": [12, 2, 1],
			"to": [13, 3, 2],
			"rotation": {"angle": 0, "axis": "y", "origin": [30, 0, 1]},
			"faces": {
				"north": {"uv": [3.5, 7.5, 4, 8], "texture": "#4"},
				"east": {"uv": [7.5, 3.5, 8, 4], "texture": "#4"},
				"south": {"uv": [4, 7.5, 4.5, 8], "texture": "#4"},
				"west": {"uv": [7.5, 4, 8, 4.5], "texture": "#4"},
				"up": {"uv": [8, 5, 7.5, 4.5], "texture": "#4"},
				"down": {"uv": [8, 5, 7.5, 5.5], "texture": "#4"}
			}
		},
		{
			"from": [13, 2, 1],
			"to": [14, 8, 2],
			"rotation": {"angle": 0, "axis": "y", "origin": [30, 0, 1]},
			"faces": {
				"north": {"uv": [1, 2, 2, 5], "texture": "#4"},
				"east": {"uv": [2, 0, 2.5, 3], "texture": "#4"},
				"south": {"uv": [0.5, 2, 1, 5], "texture": "#4"},
				"west": {"uv": [1, 2, 1.5, 5], "texture": "#4"},
				"up": {"uv": [8, 6, 7.5, 5.5], "texture": "#4"},
				"down": {"uv": [8, 6, 7.5, 6.5], "texture": "#4"}
			}
		},
		{
			"from": [12, 4, 1],
			"to": [13, 8, 2],
			"rotation": {"angle": 0, "axis": "y", "origin": [29, 0, 1]},
			"faces": {
				"north": {"uv": [2, 4.5, 3, 6.5], "texture": "#4"},
				"east": {"uv": [2, 4.5, 2.5, 6.5], "texture": "#4"},
				"south": {"uv": [4.5, 2, 5, 4], "texture": "#4"},
				"west": {"uv": [2.5, 4.5, 3, 6.5], "texture": "#4"},
				"up": {"uv": [8, 7, 7.5, 6.5], "texture": "#4"},
				"down": {"uv": [8, 7, 7.5, 7.5], "texture": "#4"}
			}
		},
		{
			"from": [10, 5, 1],
			"to": [12, 8, 2],
			"rotation": {"angle": 0, "axis": "y", "origin": [28, 0, 1]},
			"faces": {
				"north": {"uv": [2.5, 1, 3.5, 2.5], "texture": "#4"},
				"east": {"uv": [5, 2, 5.5, 3.5], "texture": "#4"},
				"south": {"uv": [2.5, 1.5, 3.5, 3], "texture": "#4"},
				"west": {"uv": [4.5, 5, 5, 6.5], "texture": "#4"},
				"up": {"uv": [6, 4, 5, 3.5], "texture": "#4"},
				"down": {"uv": [7.5, 6.5, 6.5, 7], "texture": "#4"}
			}
		},
		{
			"from": [6, 6, 1],
			"to": [10, 8, 2],
			"rotation": {"angle": 0, "axis": "y", "origin": [28, 0, 1]},
			"faces": {
				"north": {"uv": [3, 8, 5, 10], "texture": "#4"},
				"east": {"uv": [1.5, 2, 2, 3], "texture": "#4"},
				"south": {"uv": [0, 1, 2, 2], "texture": "#4"},
				"west": {"uv": [0, 7, 0.5, 8], "texture": "#4"},
				"up": {"uv": [6.5, 4.5, 4.5, 4], "texture": "#4"},
				"down": {"uv": [6.5, 4.5, 4.5, 5], "texture": "#4"}
			}
		},
		{
			"from": [4, 5, 1],
			"to": [6, 8, 2],
			"rotation": {"angle": 0, "axis": "y", "origin": [-12, 0, 1]},
			"faces": {
				"north": {"uv": [1.5, 3, 2.5, 4.5], "texture": "#4"},
				"east": {"uv": [5, 5, 5.5, 6.5], "texture": "#4"},
				"south": {"uv": [2.5, 3, 3.5, 4.5], "texture": "#4"},
				"west": {"uv": [5.5, 2, 6, 3.5], "texture": "#4"},
				"up": {"uv": [1.5, 7.5, 0.5, 7], "texture": "#4"},
				"down": {"uv": [8, 2, 7, 2.5], "texture": "#4"}
			}
		},
		{
			"from": [3, 4, 1],
			"to": [4, 8, 2],
			"rotation": {"angle": 0, "axis": "y", "origin": [-13, 0, 1]},
			"faces": {
				"north": {"uv": [2, 4.5, 3, 6.5], "texture": "#4"},
				"east": {"uv": [0, 5, 0.5, 7], "texture": "#4"},
				"south": {"uv": [0.5, 5, 1, 7], "texture": "#4"},
				"west": {"uv": [1, 5, 1.5, 7], "texture": "#4"},
				"up": {"uv": [8, 8, 7.5, 7.5], "texture": "#4"},
				"down": {"uv": [0.5, 8, 0, 8.5], "texture": "#4"}
			}
		},
		{
			"from": [2, 2, 1],
			"to": [3, 8, 2],
			"rotation": {"angle": 0, "axis": "y", "origin": [-14, 0, 1]},
			"faces": {
				"north": {"uv": [3.5, 1, 4.5, 4], "texture": "#4"},
				"east": {"uv": [3.5, 3, 4, 6], "texture": "#4"},
				"south": {"uv": [4, 0, 4.5, 3], "texture": "#4"},
				"west": {"uv": [4, 3, 4.5, 6], "texture": "#4"},
				"up": {"uv": [8.5, 0.5, 8, 0], "texture": "#4"},
				"down": {"uv": [8.5, 0.5, 8, 1], "texture": "#4"}
			}
		},
		{
			"from": [2, 11, 8],
			"to": [3, 14, 9],
			"rotation": {"angle": 0, "axis": "y", "origin": [-14, 0, 0]},
			"faces": {
				"north": {"uv": [5.5, 6, 6, 7.5], "texture": "#4"},
				"east": {"uv": [6, 2, 6.5, 3.5], "texture": "#4"},
				"south": {"uv": [3.5, 6, 4, 7.5], "texture": "#4"},
				"west": {"uv": [4, 6, 4.5, 7.5], "texture": "#4"},
				"up": {"uv": [1.5, 8.5, 1, 8], "texture": "#4"},
				"down": {"uv": [8.5, 1, 8, 1.5], "texture": "#4"}
			}
		},
		{
			"from": [3, 12, 8],
			"to": [4, 15, 9],
			"rotation": {"angle": 0, "axis": "y", "origin": [-13, 1, 0]},
			"faces": {
				"north": {"uv": [6, 6, 6.5, 7.5], "texture": "#4"},
				"east": {"uv": [1.5, 6.5, 2, 8], "texture": "#4"},
				"south": {"uv": [2, 6.5, 2.5, 8], "texture": "#4"},
				"west": {"uv": [6.5, 2, 7, 3.5], "texture": "#4"},
				"up": {"uv": [2, 8.5, 1.5, 8], "texture": "#4"},
				"down": {"uv": [8.5, 1.5, 8, 2], "texture": "#4"}
			}
		},
		{
			"from": [4, 13, 8],
			"to": [5, 15, 9],
			"rotation": {"angle": 0, "axis": "y", "origin": [-12, 1, 0]},
			"faces": {
				"north": {"uv": [7, 3.5, 7.5, 4.5], "texture": "#4"},
				"east": {"uv": [7, 3.5, 7.5, 4.5], "texture": "#4"},
				"south": {"uv": [7, 4.5, 7.5, 5.5], "texture": "#4"},
				"west": {"uv": [7, 5.5, 7.5, 6.5], "texture": "#4"},
				"up": {"uv": [2.5, 8.5, 2, 8], "texture": "#4"},
				"down": {"uv": [8.5, 2, 8, 2.5], "texture": "#4"}
			}
		},
		{
			"from": [5, 14, 8],
			"to": [11, 15, 9],
			"rotation": {"angle": 0, "axis": "y", "origin": [-12, 1, 0]},
			"faces": {
				"north": {"uv": [4.5, 1, 7.5, 1.5], "texture": "#4"},
				"east": {"uv": [2.5, 8, 3, 8.5], "texture": "#4"},
				"south": {"uv": [4.5, 0.5, 7.5, 1], "texture": "#4"},
				"west": {"uv": [8, 2.5, 8.5, 3], "texture": "#4"},
				"up": {"uv": [7.5, 1.5, 4.5, 1], "texture": "#4"},
				"down": {"uv": [7.5, 1.5, 4.5, 2], "texture": "#4"}
			}
		},
		{
			"from": [11, 13, 8],
			"to": [12, 15, 9],
			"rotation": {"angle": 0, "axis": "y", "origin": [28, 1, 0]},
			"faces": {
				"north": {"uv": [6.5, 8, 7, 9], "texture": "#4"},
				"east": {"uv": [7, 7, 7.5, 8], "texture": "#4"},
				"south": {"uv": [7.5, 0, 8, 1], "texture": "#4"},
				"west": {"uv": [0.5, 7.5, 1, 8.5], "texture": "#4"},
				"up": {"uv": [3.5, 8.5, 3, 8], "texture": "#4"},
				"down": {"uv": [8.5, 3, 8, 3.5], "texture": "#4"}
			}
		},
		{
			"from": [12, 12, 8],
			"to": [13, 15, 9],
			"rotation": {"angle": 0, "axis": "y", "origin": [29, 1, 0]},
			"faces": {
				"north": {"uv": [2.5, 7.5, 3, 9], "texture": "#4"},
				"east": {"uv": [3, 6.5, 3.5, 8], "texture": "#4"},
				"south": {"uv": [6.5, 3.5, 7, 5], "texture": "#4"},
				"west": {"uv": [4.5, 6.5, 5, 8], "texture": "#4"},
				"up": {"uv": [4, 8.5, 3.5, 8], "texture": "#4"},
				"down": {"uv": [8.5, 3.5, 8, 4], "texture": "#4"}
			}
		},
		{
			"from": [13, 11, 8],
			"to": [14, 14, 9],
			"rotation": {"angle": 0, "axis": "y", "origin": [30, 0, 0]},
			"faces": {
				"north": {"uv": [5, 7.5, 5.5, 9], "texture": "#4"},
				"east": {"uv": [6.5, 5, 7, 6.5], "texture": "#4"},
				"south": {"uv": [5.5, 6.5, 6, 8], "texture": "#4"},
				"west": {"uv": [6, 6.5, 6.5, 8], "texture": "#4"},
				"up": {"uv": [4.5, 8.5, 4, 8], "texture": "#4"},
				"down": {"uv": [8.5, 4, 8, 4.5], "texture": "#4"}
			}
		},
		{
			"from": [12.5, 2, 2],
			"to": [14, 8, 14],
			"rotation": {"angle": 0, "axis": "y", "origin": [30, 0, 0]},
			"faces": {
				"north": {"uv": [5, 4.5, 7, 9], "texture": "#5"},
				"east": {"uv": [3, 6, 12.7, 12], "texture": "#5"},
				"south": {"uv": [7.5, 6, 8, 7.5], "texture": "#5"},
				"west": {"uv": [6, 6.3, 15.7, 12.3], "texture": "#5"},
				"up": {"uv": [6.5, 9, 6, 6], "texture": "#5"},
				"down": {"uv": [7, 6, 6.5, 9], "texture": "#5"}
			}
		},
		{
			"from": [2, 2, 2],
			"to": [3.5, 8, 14],
			"rotation": {"angle": 0, "axis": "y", "origin": [-14, 0, 0]},
			"faces": {
				"north": {"uv": [7, 4.5, 5, 9], "texture": "#5"},
				"east": {"uv": [15.7, 6.3, 6, 12.3], "texture": "#5"},
				"south": {"uv": [8, 6, 7.5, 7.5], "texture": "#5"},
				"west": {"uv": [12.7, 6, 3, 12], "texture": "#5"},
				"up": {"uv": [6, 9, 6.5, 6], "texture": "#5"},
				"down": {"uv": [6.5, 6, 7, 9], "texture": "#5"}
			}
		},
		{
			"from": [3.5, 5.5, 2],
			"to": [12.5, 8, 14],
			"rotation": {"angle": 0, "axis": "y", "origin": [28, 0, 0]},
			"faces": {
				"north": {"uv": [0, 0, 14, 4], "texture": "#5"},
				"east": {"uv": [5.5, 4.5, 8.5, 5.25], "texture": "#5"},
				"south": {"uv": [6, 3.5, 8.25, 4.25], "texture": "#5"},
				"west": {"uv": [5.5, 5.25, 8.5, 6], "texture": "#5"},
				"up": {"uv": [2.25, 3, 0, 0], "texture": "#5"},
				"down": {"uv": [0, 0, 14, 14], "texture": "#5"}
			}
		},
		{
			"from": [2, 8, 9],
			"to": [3.5, 15, 14],
			"rotation": {"angle": 0, "axis": "y", "origin": [-14, 0, 0]},
			"faces": {
				"north": {"uv": [5, 6, 7, 13], "texture": "#5"},
				"east": {"uv": [1, 1, 7, 8], "texture": "#5"},
				"south": {"uv": [3, 7.5, 3.5, 9.25], "texture": "#5"},
				"west": {"uv": [7, 1, 1, 8], "texture": "#5"},
				"up": {"uv": [8, 8.75, 7.5, 7.5], "texture": "#5"},
				"down": {"uv": [0.5, 7.75, 0, 9], "texture": "#5"}
			}
		},
		{
			"from": [2, 8, 8],
			"to": [3.5, 11, 9],
			"rotation": {"angle": 0, "axis": "y", "origin": [-14, 0, 0]},
			"faces": {
				"north": {"uv": [1, 1, 3, 4], "texture": "#5"},
				"east": {"uv": [1, 1, 2, 4], "texture": "#5"},
				"south": {"uv": [8, 6, 8.5, 6.75], "texture": "#5"},
				"west": {"uv": [1, 1, 2, 4], "texture": "#5"},
				"up": {"uv": [1, 1, 2, 2], "texture": "#5"},
				"down": {"uv": [5.5, 2.75, 5, 3], "texture": "#5"}
			}
		},
		{
			"from": [12.5, 8, 9],
			"to": [14, 15, 14],
			"rotation": {"angle": 0, "axis": "y", "origin": [30, 0, 0]},
			"faces": {
				"north": {"uv": [7, 6, 5, 13], "texture": "#5"},
				"east": {"uv": [1, 1, 7, 8], "texture": "#5"},
				"south": {"uv": [3.5, 7.5, 3, 9.25], "texture": "#5"},
				"west": {"uv": [7, 1, 1, 8], "texture": "#5"},
				"up": {"uv": [7.5, 8.75, 8, 7.5], "texture": "#5"},
				"down": {"uv": [0, 7.75, 0.5, 9], "texture": "#5"}
			}
		},
		{
			"from": [12.5, 8, 8],
			"to": [14, 11, 9],
			"rotation": {"angle": 0, "axis": "y", "origin": [30, 0, 0]},
			"faces": {
				"north": {"uv": [3, 1, 1, 4], "texture": "#5"},
				"east": {"uv": [2, 1, 1, 4], "texture": "#5"},
				"south": {"uv": [8.5, 6, 8, 6.75], "texture": "#5"},
				"west": {"uv": [2, 1, 1, 4], "texture": "#5"},
				"up": {"uv": [2, 1, 1, 2], "texture": "#5"},
				"down": {"uv": [5, 2.75, 5.5, 3], "texture": "#5"}
			}
		},
		{
			"from": [3.5, 13.5, 9],
			"to": [12.5, 15, 14],
			"rotation": {"angle": 0, "axis": "y", "origin": [-12, 1, 0]},
			"faces": {
				"north": {"uv": [2, 6, 12, 8], "texture": "#5"},
				"east": {"uv": [0.5, 7.75, 1.75, 8.25], "texture": "#5"},
				"south": {"uv": [7, 2, 9.5, 2.5], "texture": "#5"},
				"west": {"uv": [8, 0, 9.25, 0.5], "texture": "#5"},
				"up": {"uv": [7, 2.75, 4.5, 1.5], "texture": "#5"},
				"down": {"uv": [1, 1, 7, 7], "texture": "#5"}
			}
		},
		{
			"from": [5.18, 2, 2.84],
			"to": [6.78, 3.6, 10.04],
			"rotation": {"angle": 0, "axis": "y", "origin": [6.78, 2, 8.44]},
			"faces": {
				"north": {"uv": [6, 4, 4, 6], "texture": "#8"},
				"east": {"uv": [7, 2, 0, 4], "texture": "#8"},
				"south": {"uv": [6, 6, 4, 8], "texture": "#8"},
				"west": {"uv": [15, 2, 8, 4], "texture": "#8"},
				"up": {"uv": [0, 11, 2, 4], "texture": "#8"},
				"down": {"uv": [2, 4, 4, 11], "texture": "#8"}
			}
		},
		{
			"from": [9.18, 2, 2.84],
			"to": [10.78, 3.6, 10.04],
			"rotation": {"angle": 22.5, "axis": "y", "origin": [10.78, 2, 8.44]},
			"faces": {
				"north": {"uv": [6, 4, 4, 6], "texture": "#8"},
				"east": {"uv": [7, 2, 0, 4], "texture": "#8"},
				"south": {"uv": [6, 6, 4, 8], "texture": "#8"},
				"west": {"uv": [7, 0, 0, 2], "texture": "#8"},
				"up": {"uv": [0, 11, 2, 4], "texture": "#8"},
				"down": {"uv": [2, 4, 4, 11], "texture": "#8"}
			}
		},
		{
			"from": [9.12, 3.6, 2.84],
			"to": [10.72, 5.2, 10.04],
			"rotation": {"angle": 45, "axis": "y", "origin": [9.12, 3.6, 8.44]},
			"faces": {
				"north": {"uv": [4, 4, 6, 6], "texture": "#8"},
				"east": {"uv": [9, 2, 16, 4], "texture": "#8"},
				"south": {"uv": [4, 6, 6, 8], "texture": "#8"},
				"west": {"uv": [0, 2, 7, 4], "texture": "#8"},
				"up": {"uv": [2, 11, 0, 4], "texture": "#8"},
				"down": {"uv": [4, 4, 2, 11], "texture": "#8"}
			}
		},
		{
			"from": [3, 15, 7],
			"to": [13, 16, 15],
			"rotation": {"angle": 0, "axis": "y", "origin": [0, 0, -1]},
			"faces": {
				"north": {"uv": [0, 0, 11, 2], "texture": "#3"},
				"east": {"uv": [6.75, 5.75, 8.75, 6], "texture": "#3"},
				"south": {"uv": [1, 6.5, 3.5, 6.75], "texture": "#3"},
				"west": {"uv": [6.75, 6, 8.75, 6.25], "texture": "#3"},
				"up": {"uv": [11, 6, 0, 0], "texture": "#3"},
				"down": {"uv": [5.5, 2, 3, 4], "texture": "#3"}
			}
		},
		{
			"from": [2, 8, 0],
			"to": [14, 11, 8],
			"faces": {
				"north": {"uv": [0, 4, 14, 7.75], "texture": "#3"},
				"east": {"uv": [0, 4, 14, 7.75], "texture": "#3"},
				"south": {"uv": [4.5, 4.75, 7.5, 5.5], "texture": "#3"},
				"west": {"uv": [0, 4, 8, 7.75], "texture": "#3"},
				"up": {"uv": [14, 8, 0, 0], "texture": "#3"},
				"down": {"uv": [14, 0, 0, 8], "texture": "#3"}
			}
		},
		{
			"from": [3.5, 8, 8],
			"to": [12.5, 11, 14],
			"faces": {
				"north": {"uv": [0, 5.5, 2.25, 6.25], "texture": "#3"},
				"east": {"uv": [2.25, 5.5, 3.75, 6.25], "texture": "#3"},
				"south": {"uv": [5.5, 0, 7.75, 0.75], "texture": "#3"},
				"west": {"uv": [0, 0, 13, 6], "texture": "#3"},
				"up": {"uv": [13, 7, 0, 0], "texture": "#3"},
				"down": {"uv": [4.5, 4, 2.25, 5.5], "texture": "#3"}
			}
		},
		{
			"from": [13, 14, 7],
			"to": [15, 16, 15],
			"rotation": {"angle": 0, "axis": "y", "origin": [-1, 0, 0]},
			"faces": {
				"north": {"uv": [0, 0, 2, 2], "texture": "#3"},
				"east": {"uv": [0, 0, 6, 2], "texture": "#3"},
				"south": {"uv": [0, 0, 2, 2], "texture": "#3"},
				"west": {"uv": [5.5, 3.5, 7.5, 4], "texture": "#3"},
				"up": {"uv": [3, 8, 1, 2], "texture": "#3"},
				"down": {"uv": [4.75, 5.5, 4.25, 7.5], "texture": "#3"}
			}
		},
		{
			"from": [1, 14, 7],
			"to": [3, 16, 15],
			"rotation": {"angle": 0, "axis": "y", "origin": [17, 0, 0]},
			"faces": {
				"north": {"uv": [2, 0, 0, 2], "texture": "#3"},
				"east": {"uv": [7.5, 3.5, 5.5, 4], "texture": "#3"},
				"south": {"uv": [2, 0, 0, 2], "texture": "#3"},
				"west": {"uv": [6, 0, 0, 2], "texture": "#3"},
				"up": {"uv": [1, 8, 3, 2], "texture": "#3"},
				"down": {"uv": [4.25, 5.5, 4.75, 7.5], "texture": "#3"}
			}
		},
		{
			"from": [3, 14, 14],
			"to": [13, 15, 15],
			"faces": {
				"north": {"uv": [4.75, 6.5, 7.25, 6.75], "texture": "#3"},
				"east": {"uv": [3.5, 6.25, 3.75, 6.5], "texture": "#3"},
				"south": {"uv": [3, 0, 5.5, 1], "texture": "#3"},
				"west": {"uv": [3.5, 6.5, 3.75, 6.75], "texture": "#3"},
				"up": {"uv": [7.25, 7, 4.75, 6.75], "texture": "#3"},
				"down": {"uv": [9.25, 5.5, 6.75, 5.75], "texture": "#3"}
			}
		},
		{
			"from": [9.2, 11, 4.87],
			"to": [14.6, 11.63, 5.5],
			"rotation": {"angle": -22.5, "axis": "y", "origin": [11, 11, 3.7]},
			"faces": {
				"north": {"uv": [0, 0, 5.5, 0.75], "texture": "#7"},
				"east": {"uv": [3, 9, 3.75, 9.75], "texture": "#7"},
				"south": {"uv": [0, 1, 5.5, 1.75], "texture": "#7"},
				"west": {"uv": [4, 9, 4.75, 9.75], "texture": "#7"},
				"up": {"uv": [5.5, 2.75, 0, 2], "texture": "#7"},
				"down": {"uv": [5.5, 3, 0, 3.75], "texture": "#7"}
			}
		},
		{
			"from": [8.6375, 11, 3.07],
			"to": [9.1775, 11.63, 4.69],
			"rotation": {"angle": 0, "axis": "y", "origin": [10.9775, 11, 2.89]},
			"faces": {
				"north": {"uv": [10, 3, 10.5, 3.75], "texture": "#7"},
				"east": {"uv": [4, 7, 5.5, 7.75], "texture": "#7"},
				"south": {"uv": [4, 10, 4.5, 10.75], "texture": "#7"},
				"west": {"uv": [6, 7, 7.5, 7.75], "texture": "#7"},
				"up": {"uv": [8.5, 5.5, 8, 4], "texture": "#7"},
				"down": {"uv": [6.5, 8, 6, 9.5], "texture": "#7"}
			}
		},
		{
			"from": [6.9725, 11, 4.0825],
			"to": [7.5125, 11.63, 5.7025],
			"rotation": {"angle": -45, "axis": "y", "origin": [9.3125, 11, 3.9025]},
			"faces": {
				"north": {"uv": [10, 6, 10.5, 6.75], "texture": "#7"},
				"east": {"uv": [8, 3, 9.5, 3.75], "texture": "#7"},
				"south": {"uv": [7, 10, 7.5, 10.75], "texture": "#7"},
				"west": {"uv": [4, 8, 5.5, 8.75], "texture": "#7"},
				"up": {"uv": [1.5, 10.5, 1, 9], "texture": "#7"},
				"down": {"uv": [2.5, 9, 2, 10.5], "texture": "#7"}
			}
		},
		{
			"from": [8.03, 11, 2.125],
			"to": [9.83, 11.63, 2.755],
			"rotation": {"angle": -22.5, "axis": "y", "origin": [7.13, 11, 0.955]},
			"faces": {
				"north": {"uv": [6, 5, 7.75, 5.75], "texture": "#7"},
				"east": {"uv": [9, 5, 9.75, 5.75], "texture": "#7"},
				"south": {"uv": [6, 6, 7.75, 6.75], "texture": "#7"},
				"west": {"uv": [9, 6, 9.75, 6.75], "texture": "#7"},
				"up": {"uv": [1.75, 7.75, 0, 7], "texture": "#7"},
				"down": {"uv": [3.75, 7, 2, 7.75], "texture": "#7"}
			}
		},
		{
			"from": [9.2, 11, 2.8],
			"to": [14.6, 11.63, 3.43],
			"rotation": {"angle": 22.5, "axis": "y", "origin": [11, 11, 4.6]},
			"faces": {
				"north": {"uv": [0, 4, 5.5, 4.75], "texture": "#7"},
				"east": {"uv": [9, 7, 9.75, 7.75], "texture": "#7"},
				"south": {"uv": [0, 5, 5.5, 5.75], "texture": "#7"},
				"west": {"uv": [9, 8, 9.75, 8.75], "texture": "#7"},
				"up": {"uv": [5.5, 6.75, 0, 6], "texture": "#7"},
				"down": {"uv": [11.5, 0, 6, 0.75], "texture": "#7"}
			}
		},
		{
			"from": [8.6375, 11, 3.61],
			"to": [9.1775, 11.63, 5.23],
			"rotation": {"angle": 0, "axis": "y", "origin": [10.9775, 11, 5.41]},
			"faces": {
				"north": {"uv": [10, 4, 10.5, 4.75], "texture": "#7"},
				"east": {"uv": [0, 8, 1.5, 8.75], "texture": "#7"},
				"south": {"uv": [5, 10, 5.5, 10.75], "texture": "#7"},
				"west": {"uv": [8, 1, 9.5, 1.75], "texture": "#7"},
				"up": {"uv": [8.5, 7.5, 8, 6], "texture": "#7"},
				"down": {"uv": [7.5, 8, 7, 9.5], "texture": "#7"}
			}
		},
		{
			"from": [6.9725, 11, 2.5975],
			"to": [7.5125, 11.63, 4.2175],
			"rotation": {"angle": 45, "axis": "y", "origin": [9.3125, 11, 4.3975]},
			"faces": {
				"north": {"uv": [10, 5, 10.5, 5.75], "texture": "#7"},
				"east": {"uv": [2, 8, 3.5, 8.75], "texture": "#7"},
				"south": {"uv": [6, 10, 6.5, 10.75], "texture": "#7"},
				"west": {"uv": [8, 2, 9.5, 2.75], "texture": "#7"},
				"up": {"uv": [8.5, 9.5, 8, 8], "texture": "#7"},
				"down": {"uv": [0.5, 9, 0, 10.5], "texture": "#7"}
			}
		},
		{
			"from": [8.03, 11, 5.545],
			"to": [9.83, 11.63, 6.175],
			"rotation": {"angle": 22.5, "axis": "y", "origin": [7.13, 11, 7.345]},
			"faces": {
				"north": {"uv": [6, 1, 7.75, 1.75], "texture": "#7"},
				"east": {"uv": [9, 4, 9.75, 4.75], "texture": "#7"},
				"south": {"uv": [6, 2, 7.75, 2.75], "texture": "#7"},
				"west": {"uv": [5, 9, 5.75, 9.75], "texture": "#7"},
				"up": {"uv": [7.75, 3.75, 6, 3], "texture": "#7"},
				"down": {"uv": [7.75, 4, 6, 4.75], "texture": "#7"}
			}
		},
		{
			"from": [8.93, 11, 3.88],
			"to": [9.47, 11.9, 4.42],
			"rotation": {"angle": 0, "axis": "y", "origin": [8.3, 11, 3.25]},
			"faces": {
				"north": {"uv": [9, 9, 9.5, 10], "texture": "#7"},
				"east": {"uv": [10, 1, 10.5, 2], "texture": "#7"},
				"south": {"uv": [10, 2, 10.5, 3], "texture": "#7"},
				"west": {"uv": [3, 10, 3.5, 11], "texture": "#7"},
				"up": {"uv": [10.5, 7.5, 10, 7], "texture": "#7"},
				"down": {"uv": [8.5, 10, 8, 10.5], "texture": "#7"}
			}
		},
		{
			"from": [8, 16, 10],
			"to": [12, 18.5, 14],
			"rotation": {"angle": 0, "axis": "y", "origin": [1, 0, -1]},
			"faces": {
				"north": {"uv": [4, 0, 8, 3], "texture": "#9"},
				"east": {"uv": [4, 3, 8, 6], "texture": "#9"},
				"south": {"uv": [4, 6, 8, 9], "texture": "#9"},
				"west": {"uv": [0, 8, 4, 11], "texture": "#9"},
				"up": {"uv": [4, 4, 0, 0], "texture": "#9"},
				"down": {"uv": [4, 4, 0, 8], "texture": "#9"}
			}
		},
		{
			"from": [9, 18.5, 11],
			"to": [11, 18.6, 13],
			"rotation": {"angle": 0, "axis": "y", "origin": [1, 0, -1]},
			"faces": {
				"north": {"uv": [4, 0, 8, 3], "texture": "#10"},
				"east": {"uv": [4, 3, 8, 6], "texture": "#10"},
				"south": {"uv": [4, 6, 8, 9], "texture": "#10"},
				"west": {"uv": [0, 8, 4, 11], "texture": "#10"},
				"up": {"uv": [4, 4, 0, 0], "texture": "#10"},
				"down": {"uv": [4, 4, 0, 8], "texture": "#10"}
			}
		},
		{
			"from": [7.5, 18, 9.5],
			"to": [12.5, 19, 10],
			"rotation": {"angle": 0, "axis": "y", "origin": [1, 0, -1]},
			"faces": {
				"north": {"uv": [8, 0, 13, 1], "texture": "#3"},
				"east": {"uv": [1, 11, 2, 12], "texture": "#3"},
				"south": {"uv": [8, 1, 13, 2], "texture": "#3"},
				"west": {"uv": [2, 11, 3, 12], "texture": "#3"},
				"up": {"uv": [13, 3, 8, 2], "texture": "#3"},
				"down": {"uv": [13, 3, 8, 4], "texture": "#3"}
			}
		},
		{
			"from": [7.5, 18, 14],
			"to": [12.5, 19, 14.5],
			"rotation": {"angle": 0, "axis": "y", "origin": [1, 0, 25]},
			"faces": {
				"north": {"uv": [8, 4, 13, 5], "texture": "#3"},
				"east": {"uv": [3, 11, 4, 12], "texture": "#3"},
				"south": {"uv": [8, 5, 13, 6], "texture": "#3"},
				"west": {"uv": [4, 11, 5, 12], "texture": "#3"},
				"up": {"uv": [13, 7, 8, 6], "texture": "#3"},
				"down": {"uv": [13, 7, 8, 8], "texture": "#3"}
			}
		},
		{
			"from": [12, 18, 10],
			"to": [12.5, 19, 14],
			"rotation": {"angle": 0, "axis": "y", "origin": [1, 0, -1]},
			"faces": {
				"north": {"uv": [5, 11, 6, 12], "texture": "#3"},
				"east": {"uv": [8, 8, 12, 9], "texture": "#3"},
				"south": {"uv": [6, 11, 7, 12], "texture": "#3"},
				"west": {"uv": [4, 9, 8, 10], "texture": "#3"},
				"up": {"uv": [9, 13, 8, 9], "texture": "#3"},
				"down": {"uv": [10, 9, 9, 13], "texture": "#3"}
			}
		},
		{
			"from": [7.5, 18, 10],
			"to": [8, 19, 14],
			"rotation": {"angle": 0, "axis": "y", "origin": [19, 0, -1]},
			"faces": {
				"north": {"uv": [7, 11, 8, 12], "texture": "#3"},
				"east": {"uv": [4, 10, 8, 11], "texture": "#3"},
				"south": {"uv": [11, 10, 12, 11], "texture": "#3"},
				"west": {"uv": [10, 9, 14, 10], "texture": "#3"},
				"up": {"uv": [11, 14, 10, 10], "texture": "#3"},
				"down": {"uv": [1, 11, 0, 15], "texture": "#3"}
			}
		},
		{
			"from": [2, 0, 1],
			"to": [14, 2, 15],
			"faces": {
				"north": {"uv": [3.5, 2, 7, 2.5], "texture": "#3"},
				"east": {"uv": [3.5, 2.5, 7, 3], "texture": "#3"},
				"south": {"uv": [3.5, 3, 7, 3.5], "texture": "#3"},
				"west": {"uv": [3.5, 3.5, 7, 4], "texture": "#3"},
				"up": {"uv": [10, 10, 0, 0], "texture": "#3"},
				"down": {"uv": [14, 1, 2, 15], "texture": "#3"}
			}
		},
		{
			"from": [0, 0, 0],
			"to": [2, 2, 15],
			"rotation": {"angle": 0, "axis": "y", "origin": [-15, 0, 0]},
			"faces": {
				"north": {"uv": [5, 7, 8, 9], "texture": "#3"},
				"east": {"uv": [3.5, 5, 7, 5.5], "texture": "#3"},
				"south": {"uv": [1.75, 7, 2, 7.5], "texture": "#3"},
				"west": {"uv": [0, 8, 8.5, 11], "texture": "#3"},
				"up": {"uv": [0.75, 10.5, 0.5, 7], "texture": "#3"},
				"down": {"uv": [16, 1, 14, 16], "texture": "#3"}
			}
		},
		{
			"from": [14, 0, 0],
			"to": [16, 2, 15],
			"rotation": {"angle": 0, "axis": "y", "origin": [31, 0, 0]},
			"faces": {
				"north": {"uv": [8, 7, 5, 9], "texture": "#3"},
				"east": {"uv": [8.5, 8, 0, 11], "texture": "#3"},
				"south": {"uv": [2, 7, 1.75, 7.5], "texture": "#3"},
				"west": {"uv": [7, 5, 3.5, 5.5], "texture": "#3"},
				"up": {"uv": [0.5, 10.5, 0.75, 7], "texture": "#3"},
				"down": {"uv": [0, 0, 2, 15], "texture": "#3"}
			}
		},
		{
			"from": [2, 0, 0],
			"to": [14, 2, 1],
			"faces": {
				"north": {"uv": [0, 4, 14, 6], "texture": "#3"},
				"east": {"uv": [2, 7, 2.25, 7.5], "texture": "#3"},
				"south": {"uv": [3.5, 0.5, 7.5, 1], "texture": "#3"},
				"west": {"uv": [7, 2, 7.25, 2.5], "texture": "#3"},
				"up": {"uv": [5.6, 10, 15.1, 11], "texture": "#3"},
				"down": {"uv": [13, 1, 1, 2], "texture": "#3"}
			}
		},
		{
			"from": [0, 0, 15],
			"to": [16, 2, 16],
			"rotation": {"angle": 0, "axis": "y", "origin": [0, 0, 16]},
			"faces": {
				"north": {"uv": [7.5, 0.5, 3.5, 1], "texture": "#3"},
				"east": {"uv": [2.25, 7, 2, 7.5], "texture": "#3"},
				"south": {"uv": [8, 0, 3, 2], "texture": "#3"},
				"west": {"uv": [7.25, 2, 7, 2.5], "texture": "#3"},
				"up": {"uv": [5.6, 11, 15.1, 10], "texture": "#3"},
				"down": {"uv": [16, 16, 0, 15], "texture": "#3"}
			}
		}
	],
	"display": {
		"thirdperson_righthand": {
			"rotation": [75, 45, 0],
			"translation": [0, 2.5, 0],
			"scale": [0.375, 0.375, 0.375]
		},
		"thirdperson_lefthand": {
			"rotation": [75, 45, 0],
			"translation": [0, 2.5, 0],
			"scale": [0.375, 0.375, 0.375]
		},
		"firstperson_righthand": {
			"rotation": [0, 45, 0],
			"scale": [0.4, 0.4, 0.4]
		},
		"firstperson_lefthand": {
			"rotation": [0, 45, 0],
			"scale": [0.4, 0.4, 0.4]
		},
		"ground": {
			"translation": [0, 3, 0],
			"scale": [0.25, 0.25, 0.25]
		},
		"gui": {
			"rotation": [30, 225, 0],
			"translation": [0, -0.5, 0],
			"scale": [0.625, 0.625, 0.625]
		},
		"fixed": {
			"rotation": [-90, 0, 0],
			"translation": [0, 0, -7.25]
		}
	},
	"groups": [
		{
			"name": "SIDES",
			"origin": [0, 0, 0],
			"color": 0,
			"children": [0, 1, 2, 3, 4, 5, 6, 7, 8, 9, 10]
		},
		{
			"name": "FRONT",
			"origin": [-13, 0, 0],
			"color": 0,
			"children": [11, 12, 13, 14, 15, 16, 17, 18, 19, 20, 21, 22, 23, 24, 25, 26]
		},
		{
			"name": "INTERIOR",
			"origin": [0, -0.75, 30],
			"color": 0,
			"children": [
				27,
				28,
				29,
				30,
				31,
				32,
				33,
				34,
				{
					"name": "LOGS",
					"origin": [6.1, 4, 6.2],
					"color": 0,
					"children": [35, 36, 37]
				}
			]
		},
		{
			"name": "TOP",
			"origin": [0, 0, 30],
			"color": 0,
			"children": [38, 39, 40, 41, 42, 43]
		},
		{
			"name": "EXTRAS",
			"origin": [0, 0, -14],
			"color": 0,
			"children": [
				{
					"name": "Tongs",
					"origin": [8, 8, 8],
					"color": 0,
					"children": [
						{
							"name": "first",
							"origin": [4.7, 16, 0.95],
							"color": 0,
							"children": [44, 45, 46, 47]
						},
						{
							"name": "second",
							"origin": [4.7, 16, 0.95],
							"color": 0,
							"children": [48, 49, 50, 51]
						},
						52
					]
				},
				{
					"name": "Chimney",
					"origin": [19, 0, -1],
					"color": 0,
					"children": [53, 54, 55, 56, 57, 58]
				}
			]
		},
		{
			"name": "BOTTOM",
			"origin": [0, 0, 0],
			"color": 0,
			"children": [59, 60, 61, 62, 63]
		}
	]
}