{
	"credit": "Made with Blockbench",
	"textures": {
		"4": "block/spruce_planks",
		"5": "block/anvil",
		"6": "block/stripped_dark_oak_log",
		"7": "block/stripped_spruce_log",
		"8": "block/dark_oak_log",
		"9": "block/stone",
		"11": "block/grindstone_wire",
		"particle": "block/anvil"
	},
	"elements": [
		{
			"from": [12.78, 0.61, 0],
			"to": [15.04, 14.17, 2.26],
			"rotation": {"angle": 22.5, "axis": "x", "origin": [12.78, 0.61, 0]},
			"faces": {
				"north": {"uv": [0, 0, 2, 12], "texture": "#8"},
				"east": {"uv": [0, 0, 2, 12], "texture": "#8"},
				"south": {"uv": [0, 0, 2, 12], "texture": "#8"},
				"west": {"uv": [0, 0, 2, 12], "texture": "#8"},
				"up": {"uv": [4, 4, 2, 2], "texture": "#8"},
				"down": {"uv": [4, 4, 2, 2], "texture": "#8"}
			}
		},
		{
			"from": [1.48, 0.61, 0],
			"to": [3.74, 14.17, 2.26],
			"rotation": {"angle": 22.5, "axis": "x", "origin": [3.74, 0.61, 0]},
			"faces": {
				"north": {"uv": [2, 0, 0, 12], "texture": "#8"},
				"east": {"uv": [2, 0, 0, 12], "texture": "#8"},
				"south": {"uv": [2, 0, 0, 12], "texture": "#8"},
				"west": {"uv": [2, 0, 0, 12], "texture": "#8"},
				"up": {"uv": [2, 4, 4, 2], "texture": "#8"},
				"down": {"uv": [2, 4, 4, 2], "texture": "#8"}
			}
		},
		{
			"from": [1.48, 0.61, 19.21],
			"to": [3.74, 15.3, 21.47],
			"rotation": {"angle": -22.5, "axis": "x", "origin": [1.48, 0.61, 21.47]},
			"faces": {
				"north": {"uv": [2, 0, 4, 13], "texture": "#8"},
				"east": {"uv": [2, 0, 4, 13], "texture": "#8"},
				"south": {"uv": [2, 0, 4, 13], "texture": "#8"},
				"west": {"uv": [2, 0, 4, 13], "texture": "#8"},
				"up": {"uv": [4, 2, 2, 0], "texture": "#8"},
				"down": {"uv": [4, 2, 2, 0], "texture": "#8"}
			}
		},
		{
			"from": [12.78, 0.61, 19.21],
			"to": [15.04, 15.3, 21.47],
			"rotation": {"angle": -22.5, "axis": "x", "origin": [15.04, 0.61, 21.47]},
			"faces": {
				"north": {"uv": [4, 0, 2, 13], "texture": "#8"},
				"east": {"uv": [4, 0, 2, 13], "texture": "#8"},
				"south": {"uv": [4, 0, 2, 13], "texture": "#8"},
				"west": {"uv": [4, 0, 2, 13], "texture": "#8"},
				"up": {"uv": [2, 2, 4, 0], "texture": "#8"},
				"down": {"uv": [2, 2, 4, 0], "texture": "#8"}
			}
		},
		{
			"from": [3.74, 9.65, 2.26],
			"to": [12.78, 11.91, 5.198],
			"rotation": {"angle": 0, "axis": "y", "origin": [9.39, 9.65, 5.65]},
			"faces": {
				"north": {"uv": [0, 0, 8, 2], "texture": "#4"},
				"east": {"uv": [0, 0, 2.6, 2], "texture": "#4"},
				"south": {"uv": [0, 0, 8, 2], "texture": "#4"},
				"west": {"uv": [0, 0, 2.6, 2], "texture": "#4"},
				"up": {"uv": [8, 2.6, 0, 0], "texture": "#4"},
				"down": {"uv": [8, 2.6, 0, 0], "texture": "#4"}
			}
		},
		{
			"from": [4.87, 9.65, 1.13],
			"to": [11.65, 11.91, 2.26],
			"rotation": {"angle": 0, "axis": "y", "origin": [9.39, 9.65, 5.65]},
			"faces": {
				"north": {"uv": [0, 0, 6, 2], "texture": "#4"},
				"east": {"uv": [0, 0, 1, 2], "texture": "#4"},
				"south": {"uv": [0, 0, 6, 2], "texture": "#4"},
				"west": {"uv": [0, 0, 1, 2], "texture": "#4"},
				"up": {"uv": [6, 1, 0, 0], "texture": "#4"},
				"down": {"uv": [6, 1, 0, 0], "texture": "#4"}
			}
		},
		{
			"from": [3.74, 9.65, 15.82],
			"to": [12.78, 11.91, 18.08],
			"rotation": {"angle": 0, "axis": "y", "origin": [9.39, 9.65, 19.21]},
			"faces": {
				"north": {"uv": [0, 0, 8, 2], "texture": "#4"},
				"east": {"uv": [0, 0, 2, 2], "texture": "#4"},
				"south": {"uv": [0, 0, 8, 2], "texture": "#4"},
				"west": {"uv": [0, 0, 2, 2], "texture": "#4"},
				"up": {"uv": [8, 2, 0, 0], "texture": "#4"},
				"down": {"uv": [8, 2, 0, 0], "texture": "#4"}
			}
		},
		{
			"from": [10.52, 9.65, 5.198],
			"to": [12.78, 11.91, 15.82],
			"rotation": {"angle": 0, "axis": "y", "origin": [9.39, 9.65, 5.65]},
			"faces": {
				"north": {"uv": [0, 0, 2, 2], "texture": "#4"},
				"east": {"uv": [0, 0, 9.4, 2], "texture": "#4"},
				"south": {"uv": [0, 0, 2, 2], "texture": "#4"},
				"west": {"uv": [0, 0, 9.4, 2], "texture": "#4"},
				"up": {"uv": [2, 9.4, 0, 0], "texture": "#4"},
				"down": {"uv": [2, 9.4, 0, 0], "texture": "#4"}
			}
		},
		{
			"from": [11.085, 11.91, 9.266],
			"to": [12.215, 13.605, 12.204],
			"rotation": {"angle": 0, "axis": "y", "origin": [9.39, 9.65, 5.65]},
			"faces": {
				"north": {"uv": [0, 0, 1, 1.5], "texture": "#7"},
				"east": {"uv": [0, 0, 2.6, 2.5], "texture": "#7"},
				"south": {"uv": [0, 0, 1, 1.5], "texture": "#7"},
				"west": {"uv": [0, 0, 2.6, 1.5], "texture": "#7"},
				"up": {"uv": [1, 2.6, 0, 0], "texture": "#7"},
				"down": {"uv": [1, 2.6, 0, 0], "texture": "#7"}
			}
		},
		{
			"from": [11.085, 13.605, 9.718],
			"to": [12.215, 13.944, 11.752],
			"rotation": {"angle": 0, "axis": "y", "origin": [9.39, 9.65, 5.65]},
			"faces": {
				"north": {"uv": [0, 0, 1, 0.3], "texture": "#7"},
				"east": {"uv": [0, 0, 1.8, 0.3], "texture": "#7"},
				"south": {"uv": [0, 0, 1, 0.3], "texture": "#7"},
				"west": {"uv": [0, 0, 1.8, 0.3], "texture": "#7"},
				"up": {"uv": [2, 1.8, 0, 0], "texture": "#7"},
				"down": {"uv": [1, 1.8, 0, 0], "texture": "#7"}
			}
		},
		{
			"from": [10.859, 11.91, 11.639],
			"to": [12.441, 12.475, 12.656],
			"rotation": {"angle": 0, "axis": "y", "origin": [9.39, 9.65, 5.65]},
			"faces": {
				"north": {"uv": [0, 0, 1.4, 0.5], "texture": "#8"},
				"east": {"uv": [0, 0, 0.9, 0.5], "texture": "#8"},
				"south": {"uv": [0, 0, 1.4, 0.5], "texture": "#8"},
				"west": {"uv": [0, 0, 0.9, 0.5], "texture": "#8"},
				"up": {"uv": [1.4, 0.9, 0, 0], "texture": "#8"},
				"down": {"uv": [1.4, 0.9, 0, 0], "texture": "#8"}
			}
		},
		{
			"from": [10.859, 11.91, 8.701],
			"to": [12.441, 12.475, 9.718],
			"rotation": {"angle": 0, "axis": "y", "origin": [9.39, 9.65, 2.712]},
			"faces": {
				"north": {"uv": [0, 0, 1.4, 0.5], "texture": "#8"},
				"east": {"uv": [0, 0, 0.9, 0.5], "texture": "#8"},
				"south": {"uv": [0, 0, 1.4, 0.5], "texture": "#8"},
				"west": {"uv": [0, 0, 0.9, 0.5], "texture": "#8"},
				"up": {"uv": [1.4, 0.9, 0, 0], "texture": "#8"},
				"down": {"uv": [1.4, 0.9, 0, 0], "texture": "#8"}
			}
		},
		{
			"from": [3.74, 9.65, 5.198],
			"to": [6, 11.91, 15.82],
			"rotation": {"angle": 0, "axis": "y", "origin": [2.61, 9.65, 5.65]},
			"faces": {
				"north": {"uv": [0, 0, 2, 2], "texture": "#4"},
				"east": {"uv": [0, 0, 9.4, 2], "texture": "#4"},
				"south": {"uv": [0, 0, 2, 2], "texture": "#4"},
				"west": {"uv": [0, 0, 9.4, 2], "texture": "#4"},
				"up": {"uv": [2, 9.4, 0, 0], "texture": "#4"},
				"down": {"uv": [2, 9.4, 0, 0], "texture": "#4"}
			}
		},
		{
			"from": [7.2091, 9.16523, 7.29867],
			"to": [9.3109, 15.89099, 14.02443],
			"rotation": {"angle": 0, "axis": "y", "origin": [9.3109, 12.00266, 11.187]},
			"faces": {
				"north": {"uv": [0, 0, 2, 6.4], "texture": "#9"},
				"east": {"uv": [0, 0, 6.4, 6.4], "texture": "#9"},
				"south": {"uv": [0, 0, 2, 6.4], "texture": "#9"},
				"west": {"uv": [0, 0, 6.4, 6.4], "texture": "#9"},
				"up": {"uv": [2, 6.4, 0, 0], "texture": "#9"},
				"down": {"uv": [2, 6.4, 0, 0], "texture": "#9"}
			}
		},
		{
			"from": [3.5931, 12.66823, 10.57567],
			"to": [13.9439, 13.51799, 11.42543],
			"rotation": {"angle": -45, "axis": "x", "origin": [9.3109, 12.56766, 11.526]},
			"faces": {
				"north": {"uv": [0, 0, 9, 2.4], "texture": "#5"},
				"east": {"uv": [0, 0, 9.4, 2.4], "texture": "#5"},
				"south": {"uv": [0, 0, 9, 2], "texture": "#5"},
				"west": {"uv": [0, 0, 9.4, 2.4], "texture": "#5"},
				"up": {"uv": [9, 2.4, 0, 0], "texture": "#5"},
				"down": {"uv": [9, 2.4, 0, 0], "texture": "#5"}
			}
		},
		{
			"from": [6.7571, 11.53823, 9.78467],
			"to": [9.7629, 13.51799, 11.76443],
			"rotation": {"angle": 0, "axis": "x", "origin": [9.3109, 12.00266, 11.3]},
			"faces": {
				"north": {"uv": [2, 2, 6, 6.4], "texture": "#5"},
				"east": {"uv": [2, 2, 6.4, 6.4], "texture": "#5"},
				"south": {"uv": [2, 2, 6, 6.4], "texture": "#5"},
				"west": {"uv": [2, 2, 6.4, 6.4], "texture": "#5"},
				"up": {"uv": [6, 6.4, 2, 2], "texture": "#5"},
				"down": {"uv": [6.4, 6, 2, 2], "rotation": 270, "texture": "#5"}
			}
		},
		{
			"from": [6.3051, 11.65123, 10.01067],
			"to": [10.2149, 13.40499, 11.53843],
			"rotation": {"angle": 0, "axis": "x", "origin": [9.3109, 12.00266, 11.3]},
			"faces": {
				"north": {"uv": [2, 2, 6, 6.4], "texture": "#5"},
				"east": {"uv": [2, 2, 6.4, 6.4], "texture": "#5"},
				"south": {"uv": [2, 2, 6, 6.4], "texture": "#5"},
				"west": {"uv": [2, 2, 6.4, 6.4], "texture": "#5"},
				"up": {"uv": [6, 6.4, 2, 2], "texture": "#5"},
				"down": {"uv": [6, 6.4, 2, 2], "texture": "#5"}
			}
		},
		{
			"from": [3.0846, 11.87723, 10.09542],
			"to": [3.6044, 13.23549, 11.45368],
			"rotation": {"angle": 0, "axis": "x", "origin": [9.4804, 12.14391, 11.3]},
			"faces": {
				"north": {"uv": [3, 3, 6, 6.4], "texture": "#5"},
				"east": {"uv": [3, 3, 6.4, 6.4], "texture": "#5"},
				"south": {"uv": [3, 3, 6, 6.4], "texture": "#5"},
				"west": {"uv": [3, 3, 6.4, 6.4], "texture": "#5"},
				"up": {"uv": [6, 6.4, 3, 3], "texture": "#5"},
				"down": {"uv": [6, 6.4, 3, 3], "texture": "#5"}
			}
		},
		{
			"from": [2.88685, 12.32923, 10.54742],
			"to": [3.3219, 12.69874, 11.00168],
			"rotation": {"angle": 0, "axis": "x", "origin": [9.1979, 12.14391, 11.3]},
			"faces": {
				"north": {"uv": [0, 0, 2, 1.4], "texture": "#5"},
				"east": {"uv": [0, 0, 2.4, 1.4], "texture": "#5"},
				"south": {"uv": [0, 0, 2, 1.4], "texture": "#5"},
				"west": {"uv": [0, 0, 2.4, 1.4], "texture": "#5"},
				"up": {"uv": [2, 1.4, 0, 0], "texture": "#5"},
				"down": {"uv": [2, 1.4, 0, 0], "texture": "#5"}
			}
		},
		{
			"from": [0.79635, 16.67973, 10.54742],
			"to": [1.54215, 17.02099, 11.00168],
			"rotation": {"angle": 45, "axis": "z", "origin": [7.41815, 16.49441, 11.3]},
			"faces": {
				"north": {"uv": [0, 0, 2, 1.4], "texture": "#5"},
				"east": {"uv": [0, 0, 2.4, 1.4], "texture": "#5"},
				"south": {"uv": [0, 0, 2, 1.4], "texture": "#5"},
				"west": {"uv": [0, 0, 2.4, 1.4], "texture": "#5"},
				"up": {"uv": [2, 1.4, 0, 0], "texture": "#5"},
				"down": {"uv": [2, 6.4, 0, 0], "texture": "#5"}
			}
		},
		{
			"from": [-0.60033, 11.65236, 10.54742],
			"to": [-0.25907, 12.05916, 11.00168],
			"rotation": {"angle": 22.5, "axis": "z", "origin": [-0.78565, 18.27416, 11.3]},
			"faces": {
				"north": {"uv": [2, 0, 0, 1.4], "rotation": 270, "texture": "#5"},
				"east": {"uv": [2, 0, 0, 1.4], "rotation": 270, "texture": "#5"},
				"south": {"uv": [2, 0, 0, 1.4], "rotation": 90, "texture": "#5"},
				"west": {"uv": [2, 0, 0, 1.4], "rotation": 270, "texture": "#5"},
				"up": {"uv": [0, 1.4, 2.4, 0], "rotation": 270, "texture": "#5"},
				"down": {"uv": [0, 1.4, 2.4, 0], "rotation": 270, "texture": "#5"}
			}
		},
		{
			"from": [1.3331, 9.70198, 10.54742],
			"to": [2.0789, 10.04324, 11.00168],
			"rotation": {"angle": -22.5, "axis": "z", "origin": [7.9549, 9.51666, 11.3]},
			"faces": {
				"north": {"uv": [0, 0, 2, 6.4], "texture": "#5"},
				"east": {"uv": [0, 0, 6.4, 6.4], "texture": "#5"},
				"south": {"uv": [0, 0, 2, 2.4], "texture": "#5"},
				"west": {"uv": [0, 0, 6.4, 6.4], "texture": "#5"},
				"up": {"uv": [2, 2.4, 0, 0], "texture": "#5"},
				"down": {"uv": [2, 6.4, 0, 0], "texture": "#5"}
			}
		},
		{
			"from": [7.2091, 15.89099, 8.34957],
			"to": [9.3109, 16.94189, 12.97353],
			"rotation": {"angle": 0, "axis": "y", "origin": [9.3109, 12.00266, 11.187]},
			"faces": {
				"north": {"uv": [0, 0, 2, 1], "texture": "#9"},
				"east": {"uv": [0, 0, 4.4, 1], "texture": "#9"},
				"south": {"uv": [0, 0, 2, 1], "texture": "#9"},
				"west": {"uv": [0, 0, 4.4, 1], "texture": "#9"},
				"up": {"uv": [2, 4.4, 0, 0], "texture": "#9"},
				"down": {"uv": [2, 4.4, 0, 0], "texture": "#9"}
			}
		},
		{
			"from": [7.2091, 10.21613, 14.02443],
			"to": [9.3109, 14.84009, 15.07533],
			"rotation": {"angle": 0, "axis": "y", "origin": [9.3109, 12.00266, 18.96366]},
			"faces": {
				"north": {"uv": [0, 0, 2, 4.4], "texture": "#9"},
				"east": {"uv": [0, 0, 1, 4.4], "texture": "#9"},
				"south": {"uv": [0, 0, 2, 4.4], "texture": "#9"},
				"west": {"uv": [0, 0, 1, 4.4], "texture": "#9"},
				"up": {"uv": [2, 1, 0, 0], "texture": "#9"},
				"down": {"uv": [2, 1, 0, 0], "texture": "#9"}
			}
		},
		{
			"from": [7.2091, 10.21613, 6.24777],
			"to": [9.3109, 14.84009, 7.29867],
			"rotation": {"angle": 0, "axis": "y", "origin": [9.3109, 12.00266, 11.187]},
			"faces": {
				"north": {"uv": [0, 0, 2, 4.4], "texture": "#9"},
				"east": {"uv": [0, 0, 1, 4.4], "texture": "#9"},
				"south": {"uv": [0, 0, 2, 4.4], "texture": "#9"},
				"west": {"uv": [0, 0, 1, 4.4], "texture": "#9"},
				"up": {"uv": [2, 1, 0, 0], "texture": "#9"},
				"down": {"uv": [2, 1, 0, 0], "texture": "#9"}
			}
		},
		{
			"from": [7.2091, 8.11433, 8.34957],
			"to": [9.3109, 9.16523, 12.97353],
			"rotation": {"angle": 0, "axis": "y", "origin": [9.3109, 4.226, 11.187]},
			"faces": {
				"north": {"uv": [0, 0, 2, 1], "texture": "#9"},
				"east": {"uv": [0, 0, 4.4, 1], "texture": "#9"},
				"south": {"uv": [0, 0, 2, 1], "texture": "#9"},
				"west": {"uv": [0, 0, 4.4, 1], "texture": "#9"},
				"up": {"uv": [2, 4.4, 0, 0], "texture": "#9"},
				"down": {"uv": [2, 4.4, 0, 0], "texture": "#9"}
			}
		},
		{
			"from": [-0.78, 2.87, 1.13],
			"to": [1.48, 4, 16.95],
			"rotation": {"angle": 0, "axis": "y", "origin": [1.48, 1.74, 3.39]},
			"faces": {
				"north": {"uv": [0, 0, 2, 1], "texture": "#6"},
				"east": {"uv": [0, 0, 14, 1], "texture": "#6"},
				"south": {"uv": [0, 0, 2, 1], "texture": "#6"},
				"west": {"uv": [0, 0, 14, 1], "texture": "#6"},
				"up": {"uv": [2, 14, 0, 0], "texture": "#6"},
				"down": {"uv": [2, 14, 0, 0], "texture": "#6"}
			}
		},
		{
			"from": [-0.667, 4, 15.82],
			"to": [-0.102, 4.791, 16.498],
			"rotation": {"angle": 0, "axis": "y", "origin": [1.48, 1.74, 3.39]},
			"faces": {
				"north": {"uv": [0, 0, 0.5, 0.7], "texture": "#5"},
				"east": {"uv": [0, 0, 0.6, 0.7], "texture": "#5"},
				"south": {"uv": [0, 0, 0.5, 0.7], "texture": "#5"},
				"west": {"uv": [0, 0, 0.6, 0.7], "texture": "#5"},
				"up": {"uv": [0.5, 0.6, 0, 0], "texture": "#5"},
				"down": {"uv": [0.5, 0.6, 0, 0], "texture": "#5"}
			}
		},
		{
			"from": [1.45175, 3.322, 15.82],
			"to": [2.271, 3.8305, 16.498],
			"rotation": {"angle": 45, "axis": "z", "origin": [-0.78, 1.74, 3.39]},
			"faces": {
				"north": {"uv": [0, 0, 0.45, 0.725], "rotation": 270, "texture": "#5"},
				"east": {"uv": [0, 0, 0.45, 0.6], "rotation": 270, "texture": "#5"},
				"south": {"uv": [0, 0, 0.45, 0.725], "rotation": 90, "texture": "#5"},
				"west": {"uv": [0, 0, 0.45, 0.6], "rotation": 270, "texture": "#5"},
				"up": {"uv": [0.6, 0.725, 0, 0], "rotation": 270, "texture": "#5"},
				"down": {"uv": [0.6, 0.725, 0, 0], "rotation": 270, "texture": "#5"}
			}
		},
		{
			"from": [-1.571, 3.322, 15.82],
			"to": [-0.75175, 3.8305, 16.498],
			"rotation": {"angle": -45, "axis": "z", "origin": [1.48, 1.74, 3.39]},
			"faces": {
				"north": {"uv": [0, 0.725, 0.45, 1.45], "rotation": 270, "texture": "#5"},
				"east": {"uv": [0, 0.6, 0.45, 1.2], "rotation": 270, "texture": "#5"},
				"south": {"uv": [0, 0.725, 0.45, 1.45], "rotation": 90, "texture": "#5"},
				"west": {"uv": [0, 0.6, 0.45, 1.2], "rotation": 270, "texture": "#5"},
				"up": {"uv": [0.6, 1.45, 0, 0.725], "rotation": 270, "texture": "#5"},
				"down": {"uv": [0.6, 1.45, 0, 0.725], "rotation": 270, "texture": "#5"}
			}
		},
		{
			"from": [0.802, 4, 15.82],
			"to": [1.367, 4.791, 16.498],
			"rotation": {"angle": 0, "axis": "y", "origin": [2.949, 1.74, 3.39]},
			"faces": {
				"north": {"uv": [0, 0, 0.5, 0.7], "texture": "#5"},
				"east": {"uv": [0, 0, 0.6, 0.7], "texture": "#5"},
				"south": {"uv": [0, 0, 0.5, 0.7], "texture": "#5"},
				"west": {"uv": [0, 0, 0.6, 0.7], "texture": "#5"},
				"up": {"uv": [0.5, 0.6, 0, 0], "texture": "#5"},
				"down": {"uv": [0.5, 0.6, 0, 0], "texture": "#5"}
			}
		},
		{
			"from": [-0.102, 4.791, 15.82],
			"to": [0.802, 5.38425, 16.498],
			"rotation": {"angle": 0, "axis": "y", "origin": [2.949, 1.74, 3.39]},
			"faces": {
				"north": {"uv": [0, 0, 0.8, 0.525], "texture": "#5"},
				"east": {"uv": [0, 0, 0.6, 0.525], "texture": "#5"},
				"south": {"uv": [0, 0, 0.8, 0.525], "texture": "#5"},
				"west": {"uv": [0, 0, 0.6, 0.525], "texture": "#5"},
				"up": {"uv": [0.8, 0.6, 0, 0], "texture": "#5"},
				"down": {"uv": [0.8, 0.6, 0, 0], "texture": "#5"}
			}
		},
		{
			"from": [3.74, 2.87, 17.515],
			"to": [12.78, 4, 20.34],
			"rotation": {"angle": 0, "axis": "y", "origin": [12.78, 1.74, 20.34]},
			"faces": {
				"north": {"uv": [0, 0, 8, 1], "texture": "#6"},
				"east": {"uv": [0, 0, 2.5, 1], "texture": "#6"},
				"south": {"uv": [0, 0, 8, 1], "texture": "#6"},
				"west": {"uv": [0, 0, 2.5, 1], "texture": "#6"},
				"up": {"uv": [8, 2.5, 0, 0], "texture": "#6"},
				"down": {"uv": [8, 2.5, 0, 0], "texture": "#6"}
			}
		},
		{
			"from": [3.74, 2.87, 1.017],
			"to": [12.78, 4, 3.842],
			"rotation": {"angle": 0, "axis": "y", "origin": [12.78, 1.74, 3.842]},
			"faces": {
				"north": {"uv": [0, 0, 8, 1], "texture": "#6"},
				"east": {"uv": [0, 0, 2.5, 1], "texture": "#6"},
				"south": {"uv": [0, 0, 8, 1], "texture": "#6"},
				"west": {"uv": [0, 0, 2.5, 1], "texture": "#6"},
				"up": {"uv": [8, 2.5, 0, 0], "texture": "#6"},
				"down": {"uv": [8, 2.5, 0, 0], "texture": "#6"}
			}
		},
		{
			"from": [3.74, 4, 1.13],
			"to": [6, 5.13, 19.21],
			"rotation": {"angle": -22.5, "axis": "y", "origin": [6, 4, 18.08]},
			"faces": {
				"north": {"uv": [0, 0, 2, 1], "texture": "#7"},
				"east": {"uv": [0, 0, 16, 1], "texture": "#7"},
				"south": {"uv": [0, 0, 2, 1], "texture": "#7"},
				"west": {"uv": [0, 0, 16, 1], "texture": "#7"},
				"up": {"uv": [2, 16, 0, 0], "texture": "#7"},
				"down": {"uv": [2, 16, 0, 0], "texture": "#7"}
			}
		},
		{
			"from": [0.3, 5.7, 15.675],
			"to": [0.4, 6.275, 16.25],
			"rotation": {"angle": -22.5, "axis": "y", "origin": [0, 4.275, 16]},
			"faces": {
				"north": {"uv": [9.05, 8.45, 9.45, 8.875], "texture": "#11"},
				"east": {"uv": [9.05, 8.45, 9.45, 8.875], "texture": "#11"},
				"south": {"uv": [9.05, 8.45, 9.45, 8.875], "texture": "#11"},
				"west": {"uv": [9.05, 8.45, 9.45, 8.875], "texture": "#11"},
				"up": {"uv": [9.05, 8.45, 9.45, 8.875], "texture": "#11"},
				"down": {"uv": [9.05, 8.45, 9.45, 8.875], "texture": "#11"}
			}
		},
		{
			"from": [0.3, 6.275, 15.1],
			"to": [0.4, 7.4, 15.675],
			"rotation": {"angle": -22.5, "axis": "y", "origin": [0, 4.85, 16]},
			"faces": {
				"north": {"uv": [9.05, 8.45, 9.45, 8.875], "texture": "#11"},
				"east": {"uv": [9.05, 8.45, 9.45, 8.875], "texture": "#11"},
				"south": {"uv": [9.05, 8.45, 9.45, 8.875], "texture": "#11"},
				"west": {"uv": [9.05, 8.45, 9.45, 8.875], "texture": "#11"},
				"up": {"uv": [9.05, 8.45, 9.45, 8.875], "texture": "#11"},
				"down": {"uv": [9.05, 8.45, 9.45, 8.875], "texture": "#11"}
			}
		},
		{
			"from": [0.3, 7.4, 14.525],
			"to": [0.4, 7.95, 15.1],
			"rotation": {"angle": -22.5, "axis": "y", "origin": [0, 4.85, 16]},
			"faces": {
				"north": {"uv": [9.05, 8.45, 9.45, 8.875], "texture": "#11"},
				"east": {"uv": [9.05, 8.45, 9.45, 8.875], "texture": "#11"},
				"south": {"uv": [9.05, 8.45, 9.45, 8.875], "texture": "#11"},
				"west": {"uv": [9.05, 8.45, 9.45, 8.875], "texture": "#11"},
				"up": {"uv": [9.05, 8.45, 9.45, 8.875], "texture": "#11"},
				"down": {"uv": [9.05, 8.45, 9.45, 8.875], "texture": "#11"}
			}
		},
		{
			"from": [0.3, 7.95, 13.975],
			"to": [0.4, 8.525, 14.525],
			"rotation": {"angle": -22.5, "axis": "y", "origin": [0, 5.4, 16]},
			"faces": {
				"north": {"uv": [9.05, 8.45, 9.45, 8.875], "texture": "#11"},
				"east": {"uv": [9.05, 8.45, 9.45, 8.875], "texture": "#11"},
				"south": {"uv": [9.05, 8.45, 9.45, 8.875], "texture": "#11"},
				"west": {"uv": [9.05, 8.45, 9.45, 8.875], "texture": "#11"},
				"up": {"uv": [9.05, 8.45, 9.45, 8.875], "texture": "#11"},
				"down": {"uv": [9.05, 8.45, 9.45, 8.875], "texture": "#11"}
			}
		},
		{
			"from": [0.75, 8.525, 13.5],
			"to": [0.85, 9.075, 14.075],
			"rotation": {"angle": -22.5, "axis": "y", "origin": [0.45, 5.975, 14.975]},
			"faces": {
				"north": {"uv": [9.05, 8.45, 9.45, 8.875], "texture": "#11"},
				"east": {"uv": [9.05, 8.45, 9.45, 8.875], "texture": "#11"},
				"south": {"uv": [9.05, 8.45, 9.45, 8.875], "texture": "#11"},
				"west": {"uv": [9.05, 8.45, 9.45, 8.875], "texture": "#11"},
				"up": {"uv": [9.05, 8.45, 9.45, 8.875], "texture": "#11"},
				"down": {"uv": [9.05, 8.45, 9.45, 8.875], "texture": "#11"}
			}
		},
		{
			"from": [0.75, 9.075, 12.95],
			"to": [0.85, 9.65, 13.5],
			"rotation": {"angle": -22.5, "axis": "y", "origin": [0.45, 6.525, 14.975]},
			"faces": {
				"north": {"uv": [9.05, 8.45, 9.45, 8.875], "texture": "#11"},
				"east": {"uv": [9.05, 8.45, 9.45, 8.875], "texture": "#11"},
				"south": {"uv": [9.05, 8.45, 9.45, 8.875], "texture": "#11"},
				"west": {"uv": [9.05, 8.45, 9.45, 8.875], "texture": "#11"},
				"up": {"uv": [9.05, 8.45, 9.45, 8.875], "texture": "#11"},
				"down": {"uv": [9.05, 8.45, 9.45, 8.875], "texture": "#11"}
			}
		},
		{
			"from": [1.6, 11.3, 10.85],
			"to": [1.7, 12.475, 11.45],
			"rotation": {"angle": -22.5, "axis": "y", "origin": [1.3, 8.75, 12.925]},
			"faces": {
				"north": {"uv": [9.05, 8.45, 9.45, 8.875], "texture": "#11"},
				"east": {"uv": [9.05, 8.45, 9.45, 8.875], "texture": "#11"},
				"south": {"uv": [9.05, 8.45, 9.45, 8.875], "texture": "#11"},
				"west": {"uv": [9.05, 8.45, 9.45, 8.875], "texture": "#11"},
				"up": {"uv": [9.05, 8.45, 9.45, 8.875], "texture": "#11"},
				"down": {"uv": [9.05, 8.45, 9.45, 8.875], "texture": "#11"}
			}
		},
		{
			"from": [1.6, 11.3, 10.275],
			"to": [1.7, 11.925, 10.85],
			"rotation": {"angle": -22.5, "axis": "y", "origin": [1.3, 8.75, 12.925]},
			"faces": {
				"north": {"uv": [9.05, 8.45, 9.45, 8.875], "texture": "#11"},
				"east": {"uv": [9.05, 8.45, 9.45, 8.875], "texture": "#11"},
				"south": {"uv": [9.05, 8.45, 9.45, 8.875], "texture": "#11"},
				"west": {"uv": [9.05, 8.45, 9.45, 8.875], "texture": "#11"},
				"up": {"uv": [9.05, 8.45, 9.45, 8.875], "texture": "#11"},
				"down": {"uv": [9.05, 8.45, 9.45, 8.875], "texture": "#11"}
			}
		},
		{
			"from": [1.6, 12.425, 10.275],
			"to": [1.7, 13.05, 10.85],
			"rotation": {"angle": -22.5, "axis": "y", "origin": [1.3, 9.875, 12.925]},
			"faces": {
				"north": {"uv": [9.05, 8.45, 9.45, 8.875], "texture": "#11"},
				"east": {"uv": [9.05, 8.45, 9.45, 8.875], "texture": "#11"},
				"south": {"uv": [9.05, 8.45, 9.45, 8.875], "texture": "#11"},
				"west": {"uv": [9.05, 8.45, 9.45, 8.875], "texture": "#11"},
				"up": {"uv": [9.05, 8.45, 9.45, 8.875], "texture": "#11"},
				"down": {"uv": [9.05, 8.45, 9.45, 8.875], "texture": "#11"}
			}
		},
		{
			"from": [1.6, 11.925, 9.7],
			"to": [1.7, 12.475, 10.275],
			"rotation": {"angle": -22.5, "axis": "y", "origin": [1.3, 9.875, 12.925]},
			"faces": {
				"north": {"uv": [9.05, 8.45, 9.45, 8.875], "texture": "#11"},
				"east": {"uv": [9.05, 8.45, 9.45, 8.875], "texture": "#11"},
				"south": {"uv": [9.05, 8.45, 9.45, 8.875], "texture": "#11"},
				"west": {"uv": [9.05, 8.45, 9.45, 8.875], "texture": "#11"},
				"up": {"uv": [9.05, 8.45, 9.45, 8.875], "texture": "#11"},
				"down": {"uv": [9.05, 8.45, 9.45, 8.875], "texture": "#11"}
			}
		},
		{
			"from": [1.6, 10.75, 11.45],
			"to": [1.7, 11.3, 12.025],
			"rotation": {"angle": -22.5, "axis": "y", "origin": [1.3, 8.2, 12.925]},
			"faces": {
				"north": {"uv": [9.05, 8.45, 9.45, 8.875], "texture": "#11"},
				"east": {"uv": [9.05, 8.45, 9.45, 8.875], "texture": "#11"},
				"south": {"uv": [9.05, 8.45, 9.45, 8.875], "texture": "#11"},
				"west": {"uv": [9.05, 8.45, 9.45, 8.875], "texture": "#11"},
				"up": {"uv": [9.05, 8.45, 9.45, 8.875], "texture": "#11"},
				"down": {"uv": [9.05, 8.45, 9.45, 8.875], "texture": "#11"}
			}
		},
		{
			"from": [1.175, 10.175, 11.925],
			"to": [1.275, 10.75, 12.475],
			"rotation": {"angle": -22.5, "axis": "y", "origin": [0.875, 7.625, 13.95]},
			"faces": {
				"north": {"uv": [9.05, 8.45, 9.45, 8.875], "texture": "#11"},
				"east": {"uv": [9.05, 8.45, 9.45, 8.875], "texture": "#11"},
				"south": {"uv": [9.05, 8.45, 9.45, 8.875], "texture": "#11"},
				"west": {"uv": [9.05, 8.45, 9.45, 8.875], "texture": "#11"},
				"up": {"uv": [9.05, 8.45, 9.45, 8.875], "texture": "#11"},
				"down": {"uv": [9.05, 8.45, 9.45, 8.875], "texture": "#11"}
			}
		},
		{
			"from": [1.175, 9.65, 12.475],
			"to": [1.275, 10.2, 13.05],
			"rotation": {"angle": -22.5, "axis": "y", "origin": [0.875, 7.1, 13.95]},
			"faces": {
				"north": {"uv": [9.05, 8.45, 9.45, 8.875], "texture": "#11"},
				"east": {"uv": [9.05, 8.45, 9.45, 8.875], "texture": "#11"},
				"south": {"uv": [9.05, 8.45, 9.45, 8.875], "texture": "#11"},
				"west": {"uv": [9.05, 8.45, 9.45, 8.875], "texture": "#11"},
				"up": {"uv": [9.05, 8.45, 9.45, 8.875], "texture": "#11"},
				"down": {"uv": [9.05, 8.45, 9.45, 8.875], "texture": "#11"}
			}
		},
		{
			"from": [0.3, 5.125, 15.675],
			"to": [0.4, 5.7, 16.25],
			"rotation": {"angle": -22.5, "axis": "y", "origin": [0, 3.7, 16]},
			"faces": {
				"north": {"uv": [9.05, 8.45, 9.45, 8.875], "texture": "#11"},
				"east": {"uv": [9.05, 8.45, 9.45, 8.875], "texture": "#11"},
				"south": {"uv": [9.05, 8.45, 9.45, 8.875], "texture": "#11"},
				"west": {"uv": [9.05, 8.45, 9.45, 8.875], "texture": "#11"},
				"up": {"uv": [9.05, 8.45, 9.45, 8.875], "texture": "#11"},
				"down": {"uv": [9.05, 8.45, 9.45, 8.875], "texture": "#11"}
			}
		},
		{
			"from": [0.3, 5.125, 16.25],
			"to": [0.4, 5.7, 16.8],
			"rotation": {"angle": -22.5, "axis": "y", "origin": [0, 3.7, 16]},
			"faces": {
				"north": {"uv": [9.05, 8.45, 9.45, 8.875], "texture": "#11"},
				"east": {"uv": [9.05, 8.45, 9.45, 8.875], "texture": "#11"},
				"south": {"uv": [9.05, 8.45, 9.45, 8.875], "texture": "#11"},
				"west": {"uv": [9.05, 8.45, 9.45, 8.875], "texture": "#11"},
				"up": {"uv": [9.05, 8.45, 9.45, 8.875], "texture": "#11"},
				"down": {"uv": [9.05, 8.45, 9.45, 8.875], "texture": "#11"}
			}
		},
		{
			"from": [0.3, 4.55, 16.25],
			"to": [0.4, 5.125, 16.8],
			"rotation": {"angle": -22.5, "axis": "y", "origin": [0, 3.7, 16]},
			"faces": {
				"north": {"uv": [9.05, 8.45, 9.45, 8.875], "texture": "#11"},
				"east": {"uv": [9.05, 8.45, 9.45, 8.875], "texture": "#11"},
				"south": {"uv": [9.05, 8.45, 9.45, 8.875], "texture": "#11"},
				"west": {"uv": [9.05, 8.45, 9.45, 8.875], "texture": "#11"},
				"up": {"uv": [9.05, 8.45, 9.45, 8.875], "texture": "#11"},
				"down": {"uv": [9.05, 8.45, 9.45, 8.875], "texture": "#11"}
			}
		},
		{
			"from": [0.3, 4.55, 15.1],
			"to": [0.4, 5.4, 15.675],
			"rotation": {"angle": -22.5, "axis": "y", "origin": [0, 3.7, 16]},
			"faces": {
				"north": {"uv": [9.05, 8.45, 9.45, 8.875], "texture": "#11"},
				"east": {"uv": [9.05, 8.45, 9.45, 8.875], "texture": "#11"},
				"south": {"uv": [9.05, 8.45, 9.45, 8.875], "texture": "#11"},
				"west": {"uv": [9.05, 8.45, 9.45, 8.875], "texture": "#11"},
				"up": {"uv": [9.05, 8.45, 9.45, 8.875], "texture": "#11"},
				"down": {"uv": [9.05, 8.45, 9.45, 8.875], "texture": "#11"}
			}
		},
		{
			"from": [0.3, 3.975, 15.675],
			"to": [0.4, 4.55, 16.25],
			"rotation": {"angle": -22.5, "axis": "y", "origin": [0, 3.125, 16]},
			"faces": {
				"north": {"uv": [9.05, 8.45, 9.45, 8.875], "texture": "#11"},
				"east": {"uv": [9.05, 8.45, 9.45, 8.875], "texture": "#11"},
				"south": {"uv": [9.05, 8.45, 9.45, 8.875], "texture": "#11"},
				"west": {"uv": [9.05, 8.45, 9.45, 8.875], "texture": "#11"},
				"up": {"uv": [9.05, 8.45, 9.45, 8.875], "texture": "#11"},
				"down": {"uv": [9.05, 8.45, 9.45, 8.875], "texture": "#11"}
			}
		}
	],
	"display": {
		"thirdperson_righthand": {
			"rotation": [75, 45, 0],
			"translation": [0, 2.5, 0],
			"scale": [0.375, 0.375, 0.375]
		},
		"thirdperson_lefthand": {
			"rotation": [75, 45, 0],
			"translation": [0, 2.5, 0],
			"scale": [0.375, 0.375, 0.375]
		},
		"firstperson_righthand": {
			"rotation": [0, 45, 0],
			"scale": [0.4, 0.4, 0.4]
		},
		"firstperson_lefthand": {
			"rotation": [0, 225, 0],
			"scale": [0.4, 0.4, 0.4]
		},
		"ground": {
			"translation": [0, 3, 0],
			"scale": [0.25, 0.25, 0.25]
		},
		"gui": {
			"rotation": [30, 225, 0],
			"translation": [0, -0.5, 0],
			"scale": [0.625, 0.625, 0.625]
		},
		"fixed": {
			"rotation": [-90, 0, 0],
			"translation": [0, 0, -7.25]
		}
	},
	"groups": [
		{
			"name": "group",
			"origin": [7, 1.6, 6.5],
			"color": 0,
			"children": []
		},
		{
			"name": "group",
			"origin": [10, 3, 0],
			"color": 0,
			"children": [0, 1, 2, 3, 4, 5, 6, 7, 8, 9, 10, 11, 12, 13, 14, 15, 16, 17, 18, 19, 20, 21, 22, 23, 24, 25, 26, 27, 28, 29, 30, 31, 32, 33, 34]
		},
		35,
		36,
		37,
		38,
		39,
		40,
		41,
		42,
		43,
		44,
		45,
		46,
		47,
		48,
		49,
		50,
		51,
		52
	]
}