{
	"credit": "Made with Blockbench",
	"ambientocclusion": false,
	"textures": {
		"2": "block/cauldron_side",
		"3": "block/spruce_log",
		"particle": "block/cauldron_side",
		"top": "block/hopper_top",
		"inside": "block/hopper_inside"
	},
	"elements": [
		{
			"from": [4, 10, 0],
			"to": [12, 11, 16],
			"faces": {
				"north": {"uv": [4, 15, 12, 16], "texture": "#inside"},
				"east": {"uv": [0, 15, 16, 16], "texture": "#inside"},
				"south": {"uv": [4, 0, 12, 1], "texture": "#inside"},
				"west": {"uv": [0, 0, 16, 1], "texture": "#inside"},
				"up": {"uv": [4, 0, 12, 16], "texture": "#inside"},
				"down": {"uv": [4, 0, 12, 16], "texture": "#inside"}
			}
		},
		{
			"from": [2, 10, 2],
			"to": [4, 11, 14],
			"rotation": {"angle": 0, "axis": "y", "origin": [16, 0, 0]},
			"faces": {
				"north": {"uv": [12, 15, 4, 16], "texture": "#inside"},
				"east": {"uv": [16, 0, 0, 1], "texture": "#inside"},
				"south": {"uv": [12, 0, 4, 1], "texture": "#inside"},
				"west": {"uv": [16, 15, 0, 16], "texture": "#inside"},
				"up": {"uv": [14, 2, 12, 14], "texture": "#inside"},
				"down": {"uv": [14, 2, 12, 14], "texture": "#inside"}
			}
		},
		{
			"from": [12, 10, 2],
			"to": [14, 11, 14],
			"faces": {
				"north": {"uv": [4, 15, 12, 16], "texture": "#inside"},
				"east": {"uv": [0, 15, 16, 16], "texture": "#inside"},
				"south": {"uv": [4, 0, 12, 1], "texture": "#inside"},
				"west": {"uv": [0, 0, 16, 1], "texture": "#inside"},
				"up": {"uv": [12, 2, 14, 14], "texture": "#inside"},
				"down": {"uv": [12, 2, 14, 14], "texture": "#inside"}
			}
		},
		{
			"from": [14, 10, 4],
			"to": [16, 11, 12],
			"faces": {
				"north": {"uv": [0, 5, 2, 6], "texture": "#inside", "cullface": "north"},
				"east": {"uv": [2, 5, 12, 6], "texture": "#inside", "cullface": "east"},
				"south": {"uv": [14, 5, 16, 6], "texture": "#inside", "cullface": "south"},
				"west": {"uv": [2, 5, 14, 6], "texture": "#inside", "cullface": "west"},
				"up": {"uv": [14, 2, 16, 14], "texture": "#inside", "cullface": "up"},
				"down": {"uv": [14, 4, 16, 12], "texture": "#inside"}
			}
		},
		{
			"from": [0, 10, 4],
			"to": [2, 11, 12],
			"rotation": {"angle": 0, "axis": "y", "origin": [16, 0, 0]},
			"faces": {
				"north": {"uv": [2, 5, 0, 6], "texture": "#inside", "cullface": "north"},
				"east": {"uv": [14, 5, 2, 6], "texture": "#inside", "cullface": "west"},
				"south": {"uv": [16, 5, 14, 6], "texture": "#inside", "cullface": "south"},
				"west": {"uv": [12, 5, 2, 6], "texture": "#inside", "cullface": "east"},
				"up": {"uv": [16, 2, 14, 14], "texture": "#inside", "cullface": "up"},
				"down": {"uv": [16, 4, 14, 12], "texture": "#inside"}
			}
		},
		{
			"from": [4, 11, 14],
			"to": [12, 16, 16],
			"rotation": {"angle": 0, "axis": "y", "origin": [2, 14, 14]},
			"faces": {
				"north": {"uv": [3, 0, 13, 5], "texture": "#2"},
				"east": {"uv": [5, 0, 7, 5], "texture": "#2"},
				"south": {"uv": [3, 0, 13, 5], "texture": "#2"},
				"west": {"uv": [2, 0, 4, 5], "texture": "#2"},
				"up": {"uv": [0, 0, 12, 2], "texture": "#2"},
				"down": {"uv": [0, 0, 12, 2], "texture": "#2"}
			}
		},
		{
			"from": [4, 11, 0],
			"to": [12, 16, 2],
			"rotation": {"angle": 0, "axis": "y", "origin": [2, 14, 0]},
			"faces": {
				"north": {"uv": [3, 0, 13, 5], "texture": "#2"},
				"east": {"uv": [2, 0, 4, 5], "texture": "#2"},
				"south": {"uv": [3, 0, 13, 5], "texture": "#2"},
				"west": {"uv": [5, 0, 7, 5], "texture": "#2"},
				"up": {"uv": [0, 0, 12, 2], "texture": "#2"},
				"down": {"uv": [0, 0, 12, 2], "texture": "#2"}
			}
		},
		{
			"from": [0, 11, 4],
			"to": [2, 16, 12],
			"rotation": {"angle": 0, "axis": "y", "origin": [2, 14, 2]},
			"faces": {
				"north": {"uv": [2, 0, 4, 5], "texture": "#2"},
				"east": {"uv": [3, 0, 13, 5], "texture": "#2"},
				"south": {"uv": [5, 0, 7, 5], "texture": "#2"},
				"west": {"uv": [3, 0, 13, 5], "texture": "#2"},
				"up": {"uv": [0, 0, 12, 2], "rotation": 90, "texture": "#2"},
				"down": {"uv": [0, 0, 12, 2], "rotation": 270, "texture": "#2"}
			}
		},
		{
			"from": [2, 11, 12],
			"to": [4, 16, 14],
			"rotation": {"angle": 0, "axis": "y", "origin": [2, 14, 2]},
			"faces": {
				"north": {"uv": [1, 0, 4, 5], "texture": "#2"},
				"east": {"uv": [5, 0, 8, 5], "texture": "#2"},
				"south": {"uv": [5, 0, 8, 5], "texture": "#2"},
				"west": {"uv": [1, 0, 4, 5], "texture": "#2"},
				"up": {"uv": [1, 0, 4, 5], "texture": "#2"},
				"down": {"uv": [1, 0, 4, 5], "texture": "#2"}
			}
		},
		{
			"from": [12, 11, 12],
			"to": [14, 16, 14],
			"rotation": {"angle": 0, "axis": "y", "origin": [14, 14, 2]},
			"faces": {
				"north": {"uv": [4, 0, 1, 5], "texture": "#2"},
				"east": {"uv": [9, 0, 6, 5], "texture": "#2"},
				"south": {"uv": [4, 0, 1, 5], "texture": "#2"},
				"west": {"uv": [8, 0, 5, 5], "texture": "#2"},
				"up": {"uv": [4, 0, 1, 5], "texture": "#2"},
				"down": {"uv": [4, 0, 1, 5], "texture": "#2"}
			}
		},
		{
			"from": [12, 11, 2],
			"to": [14, 16, 4],
			"rotation": {"angle": 0, "axis": "y", "origin": [14, 14, 14]},
			"faces": {
				"north": {"uv": [0, 0, 3, 5], "texture": "#2"},
				"east": {"uv": [0, 0, 3, 5], "texture": "#2"},
				"south": {"uv": [1, 0, 4, 5], "texture": "#2"},
				"west": {"uv": [5, 0, 8, 5], "texture": "#2"},
				"up": {"uv": [4, 5, 1, 0], "texture": "#2"},
				"down": {"uv": [4, 5, 1, 0], "texture": "#2"}
			}
		},
		{
			"from": [2, 11, 2],
			"to": [4, 16, 4],
			"rotation": {"angle": 0, "axis": "y", "origin": [2, 14, 14]},
			"faces": {
				"north": {"uv": [3, 0, 0, 5], "texture": "#2"},
				"east": {"uv": [8, 0, 5, 5], "texture": "#2"},
				"south": {"uv": [4, 0, 1, 5], "texture": "#2"},
				"west": {"uv": [3, 0, 0, 5], "texture": "#2"},
				"up": {"uv": [1, 5, 4, 0], "texture": "#2"},
				"down": {"uv": [1, 5, 4, 0], "texture": "#2"}
			}
		},
		{
			"from": [14, 11, 4],
			"to": [16, 16, 12],
			"rotation": {"angle": 0, "axis": "y", "origin": [16, 14, 2]},
			"faces": {
				"north": {"uv": [5, 0, 7, 5], "texture": "#2"},
				"east": {"uv": [3, 0, 13, 5], "texture": "#2"},
				"south": {"uv": [2, 0, 4, 5], "texture": "#2"},
				"west": {"uv": [3, 0, 13, 5], "texture": "#2"},
				"up": {"uv": [0, 0, 12, 2], "rotation": 90, "texture": "#2"},
				"down": {"uv": [0, 0, 12, 2], "rotation": 270, "texture": "#2"}
			}
		},
		{
			"from": [4, 16, 14],
			"to": [12, 16.1, 16],
			"rotation": {"angle": 0, "axis": "y", "origin": [2, 14, 14]},
			"faces": {
				"north": {"uv": [0, 0, 12, 0.1], "texture": "#top"},
				"east": {"uv": [0, 0, 2, 0.1], "texture": "#top"},
				"south": {"uv": [0, 0, 12, 0.1], "texture": "#top"},
				"west": {"uv": [0, 0, 2, 0.1], "texture": "#top"},
				"up": {"uv": [0, 0, 12, 2], "texture": "#top"},
				"down": {"uv": [0, 0, 12, 2], "texture": "#top"}
			}
		},
		{
			"from": [4, 16, 0],
			"to": [12, 16.1, 2],
			"rotation": {"angle": 0, "axis": "y", "origin": [2, 14, 2]},
			"faces": {
				"north": {"uv": [12, 0, 0, 0.1], "texture": "#top"},
				"east": {"uv": [2, 0, 0, 0.1], "texture": "#top"},
				"south": {"uv": [12, 0, 0, 0.1], "texture": "#top"},
				"west": {"uv": [2, 0, 0, 0.1], "texture": "#top"},
				"up": {"uv": [0, 2, 12, 0], "texture": "#top"},
				"down": {"uv": [0, 2, 12, 0], "texture": "#top"}
			}
		},
		{
			"from": [12, 16, 2],
			"to": [14, 16.1, 4],
			"rotation": {"angle": 0, "axis": "y", "origin": [2, 14, 4]},
			"faces": {
				"north": {"uv": [5, 0, 4, 1], "rotation": 270, "texture": "#top"},
				"east": {"uv": [5, 0, 4, 1], "rotation": 270, "texture": "#top"},
				"south": {"uv": [5, 0, 4, 1], "rotation": 270, "texture": "#top"},
				"west": {"uv": [5, 0, 4, 1], "rotation": 270, "texture": "#top"},
				"up": {"uv": [5, 0, 4, 1], "rotation": 270, "texture": "#top"},
				"down": {"uv": [5, 0, 4, 1], "rotation": 270, "texture": "#top"}
			}
		},
		{
			"from": [2, 16, 2],
			"to": [4, 16.1, 4],
			"rotation": {"angle": 0, "axis": "y", "origin": [14, 14, 4]},
			"faces": {
				"north": {"uv": [5, 2, 3, 0], "rotation": 270, "texture": "#top"},
				"east": {"uv": [5, 2, 3, 0], "rotation": 270, "texture": "#top"},
				"south": {"uv": [5, 2, 3, 0], "rotation": 270, "texture": "#top"},
				"west": {"uv": [5, 2, 3, 0], "rotation": 270, "texture": "#top"},
				"up": {"uv": [5, 2, 3, 0], "rotation": 270, "texture": "#top"},
				"down": {"uv": [5, 2, 3, 0], "rotation": 270, "texture": "#top"}
			}
		},
		{
			"from": [2, 16, 12],
			"to": [4, 16.1, 14],
			"rotation": {"angle": 0, "axis": "y", "origin": [14, 14, 12]},
			"faces": {
				"north": {"uv": [5, 0, 3, 2], "rotation": 270, "texture": "#top"},
				"east": {"uv": [5, 0, 3, 2], "rotation": 270, "texture": "#top"},
				"south": {"uv": [5, 0, 3, 2], "rotation": 270, "texture": "#top"},
				"west": {"uv": [5, 0, 3, 2], "rotation": 270, "texture": "#top"},
				"up": {"uv": [3, 2, 5, 0], "rotation": 270, "texture": "#top"},
				"down": {"uv": [3, 2, 5, 0], "rotation": 270, "texture": "#top"}
			}
		},
		{
			"from": [12, 16, 12],
			"to": [14, 16.1, 14],
			"rotation": {"angle": 0, "axis": "y", "origin": [2, 14, 12]},
			"faces": {
				"north": {"uv": [5, 2, 3, 0], "rotation": 270, "texture": "#top"},
				"east": {"uv": [5, 2, 3, 0], "rotation": 270, "texture": "#top"},
				"south": {"uv": [5, 2, 3, 0], "rotation": 270, "texture": "#top"},
				"west": {"uv": [5, 2, 3, 0], "rotation": 270, "texture": "#top"},
				"up": {"uv": [3, 0, 5, 2], "rotation": 270, "texture": "#top"},
				"down": {"uv": [3, 0, 5, 2], "rotation": 270, "texture": "#top"}
			}
		},
		{
			"from": [14, 16, 4],
			"to": [16, 16.1, 12],
			"rotation": {"angle": 0, "axis": "y", "origin": [14, 14, 14]},
			"faces": {
				"north": {"uv": [0, 0, 2, 0.1], "texture": "#top"},
				"east": {"uv": [0, 0, 12, 0.1], "texture": "#top"},
				"south": {"uv": [0, 0, 2, 0.1], "texture": "#top"},
				"west": {"uv": [0, 0, 12, 0.1], "texture": "#top"},
				"up": {"uv": [0, 0, 12, 2], "rotation": 270, "texture": "#top"},
				"down": {"uv": [0, 0, 12, 2], "rotation": 90, "texture": "#top"}
			}
		},
		{
			"from": [0, 16, 4],
			"to": [2, 16.1, 12],
			"rotation": {"angle": 0, "axis": "y", "origin": [2, 14, 14]},
			"faces": {
				"north": {"uv": [2, 0, 0, 0.1], "texture": "#top"},
				"east": {"uv": [12, 0, 0, 0.1], "texture": "#top"},
				"south": {"uv": [2, 0, 0, 0.1], "texture": "#top"},
				"west": {"uv": [12, 0, 0, 0.1], "texture": "#top"},
				"up": {"uv": [0, 2, 12, 0], "rotation": 270, "texture": "#top"},
				"down": {"uv": [0, 2, 12, 0], "rotation": 90, "texture": "#top"}
			}
		},
		{
			"from": [7, 0, 7],
			"to": [9, 4, 9],
			"rotation": {"angle": 0, "axis": "y", "origin": [7, 0, 7]},
			"faces": {
				"north": {"uv": [8, 6, 10, 10], "texture": "#inside"},
				"east": {"uv": [8, 6, 10, 10], "texture": "#inside"},
				"south": {"uv": [8, 6, 10, 10], "texture": "#inside"},
				"west": {"uv": [4, 6, 6, 10], "texture": "#inside"},
				"up": {"uv": [8, 6, 10, 8], "texture": "#inside"},
				"down": {"uv": [4, 7, 6, 9], "texture": "#inside"}
			}
		},
		{
			"from": [6, 5, 6],
			"to": [10, 7, 10],
			"rotation": {"angle": 0, "axis": "y", "origin": [7, 4, 7]},
			"faces": {
				"north": {"uv": [5, 2, 11, 4], "texture": "#2"},
				"east": {"uv": [5, 2, 11, 4], "texture": "#2"},
				"south": {"uv": [5, 2, 11, 4], "texture": "#2"},
				"west": {"uv": [5, 2, 11, 4], "texture": "#2"},
				"up": {"uv": [5, 2, 11, 8], "texture": "#2"},
				"down": {"uv": [5, 2, 11, 8], "texture": "#2"}
			}
		},
		{
			"from": [6, 4, 6],
			"to": [10, 5, 10],
			"rotation": {"angle": 0, "axis": "y", "origin": [7, 4, 7]},
			"faces": {
				"north": {"uv": [4, 5, 7, 10], "texture": "#inside"},
				"east": {"uv": [4, 5, 7, 10], "texture": "#inside"},
				"south": {"uv": [4, 5, 7, 10], "texture": "#inside"},
				"west": {"uv": [4, 5, 7, 10], "texture": "#inside"},
				"up": {"uv": [4, 5, 7, 10], "texture": "#inside"},
				"down": {"uv": [4, 5, 7, 10], "texture": "#inside"}
			}
		},
		{
			"from": [3, 8, 5],
			"to": [5, 10, 11],
			"rotation": {"angle": 0, "axis": "y", "origin": [7, 4, 7]},
			"faces": {
				"north": {"uv": [7, 2, 9, 4], "texture": "#2"},
				"east": {"uv": [5, 2, 11, 4], "texture": "#2"},
				"south": {"uv": [7, 2, 9, 4], "texture": "#2"},
				"west": {"uv": [5, 2, 11, 4], "texture": "#2"},
				"up": {"uv": [3, 0, 13, 10], "texture": "#2"},
				"down": {"uv": [3, 0, 13, 10], "texture": "#2"}
			}
		},
		{
			"from": [11, 8, 5],
			"to": [13, 10, 11],
			"rotation": {"angle": 0, "axis": "y", "origin": [9, 4, 7]},
			"faces": {
				"north": {"uv": [9, 2, 7, 4], "texture": "#2"},
				"east": {"uv": [11, 2, 5, 4], "texture": "#2"},
				"south": {"uv": [9, 2, 7, 4], "texture": "#2"},
				"west": {"uv": [11, 2, 5, 4], "texture": "#2"},
				"up": {"uv": [13, 0, 3, 10], "texture": "#2"},
				"down": {"uv": [13, 0, 3, 10], "texture": "#2"}
			}
		},
		{
			"from": [5, 8, 11],
			"to": [11, 10, 13],
			"rotation": {"angle": 0, "axis": "z", "origin": [9, 4, 9]},
			"faces": {
				"north": {"uv": [11, 2, 5, 4], "texture": "#2"},
				"east": {"uv": [9, 2, 7, 4], "texture": "#2"},
				"south": {"uv": [11, 2, 5, 4], "texture": "#2"},
				"west": {"uv": [9, 2, 7, 4], "texture": "#2"},
				"up": {"uv": [13, 0, 3, 10], "rotation": 90, "texture": "#2"},
				"down": {"uv": [13, 0, 3, 10], "rotation": 270, "texture": "#2"}
			}
		},
		{
			"from": [5, 8, 3],
			"to": [11, 10, 5],
			"rotation": {"angle": 0, "axis": "z", "origin": [9, 4, 7]},
			"faces": {
				"north": {"uv": [5, 2, 11, 4], "texture": "#2"},
				"east": {"uv": [7, 2, 9, 4], "texture": "#2"},
				"south": {"uv": [5, 2, 11, 4], "texture": "#2"},
				"west": {"uv": [7, 2, 9, 4], "texture": "#2"},
				"up": {"uv": [3, 0, 13, 10], "rotation": 90, "texture": "#2"},
				"down": {"uv": [3, 0, 13, 10], "rotation": 270, "texture": "#2"}
			}
		},
		{
			"from": [3, 7, 5],
			"to": [13, 8, 11],
			"rotation": {"angle": 0, "axis": "y", "origin": [7, 4, 7]},
			"faces": {
				"north": {"uv": [5, 13, 11, 14], "texture": "#inside"},
				"east": {"uv": [5, 13, 11, 14], "texture": "#inside"},
				"south": {"uv": [5, 13, 11, 14], "texture": "#inside"},
				"west": {"uv": [5, 13, 11, 14], "texture": "#inside"},
				"up": {"uv": [5, 13, 11, 14], "texture": "#inside"},
				"down": {"uv": [5, 5, 14, 11], "texture": "#inside"}
			}
		},
		{
			"from": [5, 7, 3],
			"to": [11, 8, 5],
			"rotation": {"angle": 0, "axis": "y", "origin": [7, 4, 5]},
			"faces": {
				"north": {"uv": [5, 13, 11, 14], "texture": "#inside"},
				"east": {"uv": [6, 13, 10, 14], "texture": "#inside"},
				"south": {"uv": [5, 13, 11, 14], "texture": "#inside"},
				"west": {"uv": [6, 13, 10, 14], "texture": "#inside"},
				"up": {"uv": [5, 13, 11, 14], "texture": "#inside"},
				"down": {"uv": [5, 5, 10, 7], "texture": "#inside"}
			}
		},
		{
			"from": [5, 7, 11],
			"to": [11, 8, 13],
			"rotation": {"angle": 0, "axis": "y", "origin": [7, 4, 11]},
			"faces": {
				"north": {"uv": [11, 13, 5, 14], "texture": "#inside"},
				"east": {"uv": [10, 13, 6, 14], "texture": "#inside"},
				"south": {"uv": [11, 13, 5, 14], "texture": "#inside"},
				"west": {"uv": [10, 13, 6, 14], "texture": "#inside"},
				"up": {"uv": [5, 14, 11, 13], "texture": "#inside"},
				"down": {"uv": [5, 7, 10, 5], "texture": "#inside"}
			}
		},
		{
			"from": [0, 0, 0],
			"to": [2, 16, 2],
			"faces": {
				"north": {"uv": [0, 0, 2, 16], "texture": "#3"},
				"east": {"uv": [0, 0, 2, 16], "texture": "#3"},
				"south": {"uv": [0, 0, 2, 16], "texture": "#3"},
				"west": {"uv": [0, 0, 2, 16], "texture": "#3"},
				"up": {"uv": [0, 0, 2, 2], "texture": "#3"},
				"down": {"uv": [0, 0, 2, 2], "texture": "#3"}
			}
		},
		{
			"from": [0.025, 16, 0.025],
			"to": [1.975, 17, 1.975],
			"faces": {
				"north": {"uv": [0, 0, 1.95, 1], "texture": "#3"},
				"east": {"uv": [0, 0, 1.95, 1], "texture": "#3"},
				"south": {"uv": [0, 0, 1.95, 1], "texture": "#3"},
				"west": {"uv": [0, 0, 1.95, 1], "texture": "#3"},
				"up": {"uv": [0, 0, 1.95, 1.95], "texture": "#3"},
				"down": {"uv": [0, 0, 1.95, 1.95], "texture": "#3"}
			}
		},
		{
			"from": [14, 0, 0],
			"to": [16, 16, 2],
			"rotation": {"angle": 0, "axis": "y", "origin": [16, 0, 0]},
			"faces": {
				"north": {"uv": [2, 0, 0, 16], "texture": "#3"},
				"east": {"uv": [2, 0, 0, 16], "texture": "#3"},
				"south": {"uv": [2, 0, 0, 16], "texture": "#3"},
				"west": {"uv": [2, 0, 0, 16], "texture": "#3"},
				"up": {"uv": [2, 0, 0, 2], "texture": "#3"},
				"down": {"uv": [2, 0, 0, 2], "texture": "#3"}
			}
		},
		{
			"from": [14.025, 16, 0.025],
			"to": [15.975, 17, 1.975],
			"rotation": {"angle": 0, "axis": "y", "origin": [16, 0, 0]},
			"faces": {
				"north": {"uv": [1.95, 0, 0, 1], "texture": "#3"},
				"east": {"uv": [1.95, 0, 0, 1], "texture": "#3"},
				"south": {"uv": [1.95, 0, 0, 1], "texture": "#3"},
				"west": {"uv": [1.95, 0, 0, 1], "texture": "#3"},
				"up": {"uv": [1.95, 0, 0, 1.95], "texture": "#3"},
				"down": {"uv": [1.95, 0, 0, 1.95], "texture": "#3"}
			}
		},
		{
			"from": [14, 0, 14],
			"to": [16, 16, 16],
			"rotation": {"angle": 0, "axis": "y", "origin": [16, 0, 16]},
			"faces": {
				"north": {"uv": [0, 0, 2, 16], "texture": "#3"},
				"east": {"uv": [0, 0, 2, 16], "texture": "#3"},
				"south": {"uv": [0, 0, 2, 16], "texture": "#3"},
				"west": {"uv": [0, 0, 2, 16], "texture": "#3"},
				"up": {"uv": [2, 2, 0, 0], "texture": "#3"},
				"down": {"uv": [2, 2, 0, 0], "texture": "#3"}
			}
		},
		{
			"from": [14.025, 16, 14.025],
			"to": [15.975, 17, 15.975],
			"rotation": {"angle": 0, "axis": "y", "origin": [16, 0, 16]},
			"faces": {
				"north": {"uv": [0, 0, 1.95, 1], "texture": "#3"},
				"east": {"uv": [0, 0, 1.95, 1], "texture": "#3"},
				"south": {"uv": [0, 0, 1.95, 1], "texture": "#3"},
				"west": {"uv": [0, 0, 1.95, 1], "texture": "#3"},
				"up": {"uv": [1.95, 1.95, 0, 0], "texture": "#3"},
				"down": {"uv": [1.95, 1.95, 0, 0], "texture": "#3"}
			}
		},
		{
			"from": [0, 0, 14],
			"to": [2, 16, 16],
			"rotation": {"angle": 0, "axis": "y", "origin": [0, 0, 16]},
			"faces": {
				"north": {"uv": [2, 0, 0, 16], "texture": "#3"},
				"east": {"uv": [2, 0, 0, 16], "texture": "#3"},
				"south": {"uv": [2, 0, 0, 16], "texture": "#3"},
				"west": {"uv": [2, 0, 0, 16], "texture": "#3"},
				"up": {"uv": [0, 2, 2, 0], "texture": "#3"},
				"down": {"uv": [0, 2, 2, 0], "texture": "#3"}
			}
		},
		{
			"from": [0.025, 16, 14.025],
			"to": [1.975, 17, 15.975],
			"rotation": {"angle": 0, "axis": "y", "origin": [0, 0, 16]},
			"faces": {
				"north": {"uv": [1.95, 0, 0, 1], "texture": "#3"},
				"east": {"uv": [1.95, 0, 0, 1], "texture": "#3"},
				"south": {"uv": [1.95, 0, 0, 1], "texture": "#3"},
				"west": {"uv": [1.95, 0, 0, 1], "texture": "#3"},
				"up": {"uv": [0, 1.95, 1.95, 0], "texture": "#3"},
				"down": {"uv": [0, 1.95, 1.95, 0], "texture": "#3"}
			}
		}
	]
}