{
	"credit": "Made with Blockbench",
	"ambientocclusion": false,
	"textures": {
		"2": "block/stone",
		"3": "block/spruce_log",
		"5": "block/stripped_dark_oak_log",
		"6": "block/stripped_spruce_log",
		"7": "block/deepslate",
		"particle": "block/cobblestone"
	},
	"elements": [
		{
			"from": [7, 1, 7],
			"to": [9, 6, 9],
			"rotation": {"angle": -45, "axis": "x", "origin": [8, 1, 8]},
			"faces": {
				"north": {"uv": [7, 6, 9, 16], "texture": "#6"},
				"east": {"uv": [7, 6, 9, 16], "texture": "#6"},
				"south": {"uv": [7, 6, 9, 16], "texture": "#6"},
				"west": {"uv": [7, 6, 9, 16], "texture": "#6"},
				"up": {"uv": [7, 6, 9, 8], "texture": "#6"}
			}
		},
		{
			"from": [7.3, 6, 7.3],
			"to": [8.7, 9, 8.7],
			"rotation": {"angle": -45, "axis": "x", "origin": [8, 1, 8]},
			"faces": {
				"north": {"uv": [7, 6, 9, 16], "texture": "#6"},
				"east": {"uv": [7, 6, 9, 16], "texture": "#6"},
				"south": {"uv": [7, 6, 9, 16], "texture": "#6"},
				"west": {"uv": [7, 6, 9, 16], "texture": "#6"},
				"up": {"uv": [7, 6, 9, 8], "texture": "#6"}
			}
		},
		{
			"from": [5, -3, 3],
			"to": [11, 2, 13],
			"rotation": {"angle": 0, "axis": "y", "origin": [5, 0, 4]},
			"faces": {
				"north": {"uv": [0, 0, 6, 5], "texture": "#2"},
				"east": {"uv": [0, 0, 10, 5], "texture": "#2"},
				"south": {"uv": [0, 0, 6, 5], "texture": "#2"},
				"west": {"uv": [0, 0, 10, 5], "texture": "#2"},
				"up": {"uv": [0, 0, 6, 10], "texture": "#2"},
				"down": {"uv": [0, 0, 6, 10], "texture": "#2"}
			}
		},
		{
			"from": [4, -3.025, 12],
			"to": [6, 2, 14],
			"rotation": {"angle": 0, "axis": "y", "origin": [5, 0, 4]},
			"faces": {
				"north": {"uv": [0, 0, 2, 5.025], "texture": "#3"},
				"east": {"uv": [0, 0, 2, 5.025], "texture": "#3"},
				"south": {"uv": [0, 0, 2, 5.025], "texture": "#3"},
				"west": {"uv": [0, 0, 2, 5.025], "texture": "#3"},
				"up": {"uv": [0, 0, 2, 2], "texture": "#3"},
				"down": {"uv": [0, 0, 2, 2], "texture": "#3"}
			}
		},
		{
			"from": [10, -3.025, 12],
			"to": [12, 2, 14],
			"rotation": {"angle": 0, "axis": "y", "origin": [11, 0, 4]},
			"faces": {
				"north": {"uv": [2, 0, 4, 5.025], "texture": "#3"},
				"east": {"uv": [2, 0, 4, 5.025], "texture": "#3"},
				"south": {"uv": [2, 0, 4, 5.025], "texture": "#3"},
				"west": {"uv": [2, 0, 4, 5.025], "texture": "#3"},
				"up": {"uv": [2, 0, 4, 2], "texture": "#3"},
				"down": {"uv": [2, 0, 4, 2], "texture": "#3"}
			}
		},
		{
			"from": [10, -3.025, 2],
			"to": [12, 2, 4],
			"rotation": {"angle": 0, "axis": "y", "origin": [11, 0, 12]},
			"faces": {
				"north": {"uv": [0, 0, 2, 5.025], "texture": "#3"},
				"east": {"uv": [0, 0, 2, 5.025], "texture": "#3"},
				"south": {"uv": [0, 0, 2, 5.025], "texture": "#3"},
				"west": {"uv": [0, 0, 2, 5.025], "texture": "#3"},
				"up": {"uv": [2, 2, 4, 4], "texture": "#3"},
				"down": {"uv": [2, 2, 4, 4], "texture": "#3"}
			}
		},
		{
			"from": [4, -3.025, 2],
			"to": [6, 2, 4],
			"rotation": {"angle": 0, "axis": "y", "origin": [5, 0, 12]},
			"faces": {
				"north": {"uv": [2, 0, 4, 5.025], "texture": "#3"},
				"east": {"uv": [2, 0, 4, 5.025], "texture": "#3"},
				"south": {"uv": [2, 0, 4, 5.025], "texture": "#3"},
				"west": {"uv": [2, 0, 4, 5.025], "texture": "#3"},
				"up": {"uv": [0, 2, 2, 4], "texture": "#3"},
				"down": {"uv": [0, 2, 2, 4], "texture": "#3"}
			}
		},
		{
			"from": [9.3, 2, 3],
			"to": [11, 3, 13],
			"rotation": {"angle": 0, "axis": "y", "origin": [5, 0, 4]},
			"faces": {
				"north": {"uv": [0, 0, 1.7, 1], "texture": "#2"},
				"east": {"uv": [0, 0, 10, 1], "texture": "#2"},
				"south": {"uv": [0, 0, 1.7, 1], "texture": "#2"},
				"west": {"uv": [0, 0, 10, 1], "texture": "#2"},
				"up": {"uv": [0, 0, 1.7, 10], "texture": "#2"},
				"down": {"uv": [0, 0, 1.7, 10], "texture": "#2"}
			}
		},
		{
			"from": [5, 2, 3],
			"to": [6.7, 3, 13],
			"rotation": {"angle": 0, "axis": "y", "origin": [11, 0, 4]},
			"faces": {
				"north": {"uv": [1.5, 0, 3.2, 1], "texture": "#2"},
				"east": {"uv": [6, 0, 16, 1], "texture": "#2"},
				"south": {"uv": [1.5, 0, 3.2, 1], "texture": "#2"},
				"west": {"uv": [6, 0, 16, 1], "texture": "#2"},
				"up": {"uv": [1.5, 0, 3.2, 10], "texture": "#2"},
				"down": {"uv": [1.5, 0, 3.2, 10], "texture": "#2"}
			}
		},
		{
			"from": [6.7, 2, 3],
			"to": [9.3, 3, 4.3],
			"rotation": {"angle": 0, "axis": "y", "origin": [13.6, 0, -4]},
			"faces": {
				"north": {"uv": [1.5, 0, 4.1, 1], "texture": "#2"},
				"east": {"uv": [6, 0, 7.3, 1], "texture": "#2"},
				"south": {"uv": [1.5, 0, 4.1, 1], "texture": "#2"},
				"west": {"uv": [6, 0, 7.3, 1], "texture": "#2"},
				"up": {"uv": [1.5, 0, 4.1, 1.3], "texture": "#2"},
				"down": {"uv": [1.5, 0, 4.1, 1.3], "texture": "#2"}
			}
		},
		{
			"from": [6.7, 2, 11.7],
			"to": [9.3, 3, 13],
			"rotation": {"angle": 0, "axis": "y", "origin": [13.6, 0, 20]},
			"faces": {
				"north": {"uv": [4.1, 0, 1.5, 1], "texture": "#2"},
				"east": {"uv": [7.3, 0, 6, 1], "texture": "#2"},
				"south": {"uv": [4.1, 0, 1.5, 1], "texture": "#2"},
				"west": {"uv": [7.3, 0, 6, 1], "texture": "#2"},
				"up": {"uv": [1.5, 1.3, 4.1, 0], "texture": "#2"},
				"down": {"uv": [1.5, 1.3, 4.1, 0], "texture": "#2"}
			}
		},
		{
			"from": [6.9, 2, 3.7],
			"to": [9.1, 2.2, 11.7],
			"rotation": {"angle": 0, "axis": "y", "origin": [13.6, 0, 20]},
			"faces": {
				"north": {"uv": [4.1, 0, 6.3, 0.2], "texture": "#7"},
				"east": {"uv": [7.3, 0, 15.3, 0.2], "texture": "#7"},
				"south": {"uv": [4.1, 0, 6.3, 0.2], "texture": "#7"},
				"west": {"uv": [7.3, 0, 15.3, 0.2], "texture": "#7"},
				"up": {"uv": [1.5, 1.3, 3.7, 9.3], "texture": "#7"},
				"down": {"uv": [1.5, 1.3, 3.7, 9.3], "texture": "#7"}
			}
		},
		{
			"from": [7, 6, 1.6],
			"to": [9, 9, 3.6],
			"rotation": {"angle": -45, "axis": "x", "origin": [7, 6, 1.6]},
			"faces": {
				"north": {"uv": [0, 0, 2, 3], "texture": "#5"},
				"east": {"uv": [0, 0, 2, 3], "texture": "#5"},
				"south": {"uv": [0, 0, 2, 3], "texture": "#5"},
				"west": {"uv": [0, 0, 2, 3], "texture": "#5"},
				"up": {"uv": [0, 0, 2, 2], "texture": "#5"},
				"down": {"uv": [0, 0, 2, 2], "texture": "#5"}
			}
		}
	]
}