{
	"credit": "Made with Blockbench",
	"parent": "minecraft:block/cube",
	"texture_size": [32, 32],
	"textures": {
		"1": "block/anvil",
		"2": "block/stripped_mangrove_log",
		"4": "block/iron_block",
		"5": "block/stripped_spruce_log",
		"7": "block/smooth_stone",
		"8": "block/stripped_dark_oak_log",
		"9": "block/copper_block",
		"10": "block/smithing_table_leather_piece",
		"particle": "block/anvil",
		"up": "block/smithing_table_top"
	},
	"elements": [
		{
			"from": [3, 2, 3],
			"to": [13, 13.3, 13],
			"faces": {
				"north": {"uv": [0, 0, 16, 16], "texture": "#2"},
				"east": {"uv": [0, 0, 16, 16], "texture": "#2"},
				"south": {"uv": [0, 0, 16, 16], "texture": "#2"},
				"west": {"uv": [0, 0, 16, 16], "texture": "#2"},
				"up": {"uv": [0, 0, 16, 16], "texture": "#2"},
				"down": {"uv": [0, 0, 10, 10], "texture": "#2"}
			}
		},
		{
			"from": [12.5, 0, -0.5],
			"to": [16.5, 3, 3.5],
			"faces": {
				"north": {"uv": [0, 0, 4, 3], "texture": "#1"},
				"east": {"uv": [0, 0, 4, 3], "texture": "#1"},
				"south": {"uv": [0, 0, 4, 3], "texture": "#1"},
				"west": {"uv": [0, 0, 4, 3], "texture": "#1"},
				"up": {"uv": [0, 0, 4, 4], "texture": "#1"},
				"down": {"uv": [0, 0, 4, 4], "texture": "#1"}
			}
		},
		{
			"from": [-0.5, 0, -0.5],
			"to": [3.5, 3, 3.5],
			"rotation": {"angle": 0, "axis": "y", "origin": [16, 0, 0]},
			"faces": {
				"north": {"uv": [4, 0, 0, 3], "texture": "#1"},
				"east": {"uv": [4, 0, 0, 3], "texture": "#1"},
				"south": {"uv": [4, 0, 0, 3], "texture": "#1"},
				"west": {"uv": [4, 0, 0, 3], "texture": "#1"},
				"up": {"uv": [4, 0, 0, 4], "texture": "#1"},
				"down": {"uv": [4, 0, 0, 4], "texture": "#1"}
			}
		},
		{
			"from": [-0.5, 0, 12.5],
			"to": [3.5, 3, 16.5],
			"rotation": {"angle": 0, "axis": "y", "origin": [16, 0, 16]},
			"faces": {
				"north": {"uv": [0, 0, 4, 3], "texture": "#1"},
				"east": {"uv": [0, 0, 4, 3], "texture": "#1"},
				"south": {"uv": [0, 0, 4, 3], "texture": "#1"},
				"west": {"uv": [0, 0, 4, 3], "texture": "#1"},
				"up": {"uv": [4, 4, 0, 0], "texture": "#1"},
				"down": {"uv": [4, 4, 0, 0], "texture": "#1"}
			}
		},
		{
			"from": [12.5, 0, 12.5],
			"to": [16.5, 3, 16.5],
			"rotation": {"angle": 0, "axis": "y", "origin": [0, 0, 16]},
			"faces": {
				"north": {"uv": [4, 0, 0, 3], "texture": "#1"},
				"east": {"uv": [4, 0, 0, 3], "texture": "#1"},
				"south": {"uv": [4, 0, 0, 3], "texture": "#1"},
				"west": {"uv": [4, 0, 0, 3], "texture": "#1"},
				"up": {"uv": [0, 4, 4, 0], "texture": "#1"},
				"down": {"uv": [0, 4, 4, 0], "texture": "#1"}
			}
		},
		{
			"from": [13, 0, 0],
			"to": [16, 13.3, 3],
			"faces": {
				"north": {"uv": [0, 0, 3, 13.3], "texture": "#1"},
				"east": {"uv": [0, 0, 3, 13.3], "texture": "#1"},
				"south": {"uv": [0, 0, 3, 13.3], "texture": "#1"},
				"west": {"uv": [0, 0, 3, 13.3], "texture": "#1"},
				"up": {"uv": [0, 0, 3, 3], "texture": "#1"},
				"down": {"uv": [0, 0, 3, 3], "texture": "#1"}
			}
		},
		{
			"from": [0, 0, 0],
			"to": [3, 13.3, 3],
			"rotation": {"angle": 0, "axis": "y", "origin": [16, 0, 0]},
			"faces": {
				"north": {"uv": [3, 0, 0, 13.3], "texture": "#1"},
				"east": {"uv": [3, 0, 0, 13.3], "texture": "#1"},
				"south": {"uv": [3, 0, 0, 13.3], "texture": "#1"},
				"west": {"uv": [3, 0, 0, 13.3], "texture": "#1"},
				"up": {"uv": [3, 0, 0, 3], "texture": "#1"},
				"down": {"uv": [3, 0, 0, 3], "texture": "#1"}
			}
		},
		{
			"from": [0, 0, 13],
			"to": [3, 13.3, 16],
			"rotation": {"angle": 0, "axis": "y", "origin": [16, 0, 16]},
			"faces": {
				"north": {"uv": [0, 0, 3, 13.3], "texture": "#1"},
				"east": {"uv": [0, 0, 3, 13.3], "texture": "#1"},
				"south": {"uv": [0, 0, 3, 13.3], "texture": "#1"},
				"west": {"uv": [0, 0, 3, 13.3], "texture": "#1"},
				"up": {"uv": [3, 3, 0, 0], "texture": "#1"},
				"down": {"uv": [3, 3, 0, 0], "texture": "#1"}
			}
		},
		{
			"from": [13, 0, 13],
			"to": [16, 13.3, 16],
			"rotation": {"angle": 0, "axis": "y", "origin": [0, 0, 16]},
			"faces": {
				"north": {"uv": [3, 0, 0, 13.3], "texture": "#1"},
				"east": {"uv": [3, 0, 0, 13.3], "texture": "#1"},
				"south": {"uv": [3, 0, 0, 13.3], "texture": "#1"},
				"west": {"uv": [3, 0, 0, 13.3], "texture": "#1"},
				"up": {"uv": [0, 3, 3, 0], "texture": "#1"},
				"down": {"uv": [0, 3, 3, 0], "texture": "#1"}
			}
		},
		{
			"from": [0, 13.3, 0],
			"to": [16, 16.3, 16],
			"rotation": {"angle": 0, "axis": "y", "origin": [0, 0.3, 0]},
			"faces": {
				"north": {"uv": [0, 0, 16, 3], "texture": "#up"},
				"east": {"uv": [0, 0, 16, 3], "texture": "#up"},
				"south": {"uv": [0, 0, 16, 3], "texture": "#up"},
				"west": {"uv": [0, 0, 16, 3], "texture": "#up"},
				"up": {"uv": [0, 0, 16, 16], "texture": "#up"},
				"down": {"uv": [0, 0, 16, 16], "texture": "#up"}
			}
		},
		{
			"from": [2, 14.3, 16],
			"to": [14, 16.3, 17],
			"rotation": {"angle": 0, "axis": "y", "origin": [0, 0.3, 0]},
			"faces": {
				"north": {"uv": [0, 0, 12, 2], "texture": "#up"},
				"east": {"uv": [0, 0, 1, 2], "texture": "#up"},
				"south": {"uv": [0, 0, 12, 2], "texture": "#up"},
				"west": {"uv": [0, 0, 1, 2], "texture": "#up"},
				"up": {"uv": [0, 0, 12, 1], "texture": "#up"},
				"down": {"uv": [0, 0, 12, 1], "texture": "#up"}
			}
		},
		{
			"from": [2, 14.3, -1],
			"to": [14, 16.3, 0],
			"rotation": {"angle": 0, "axis": "y", "origin": [0, 0.3, 16]},
			"faces": {
				"north": {"uv": [12, 0, 0, 2], "texture": "#up"},
				"east": {"uv": [1, 0, 0, 2], "texture": "#up"},
				"south": {"uv": [12, 0, 0, 2], "texture": "#up"},
				"west": {"uv": [1, 0, 0, 2], "texture": "#up"},
				"up": {"uv": [0, 1, 12, 0], "texture": "#up"},
				"down": {"uv": [0, 1, 12, 0], "texture": "#up"}
			}
		},
		{
			"from": [16, 14.3, 2],
			"to": [17, 16.3, 14],
			"rotation": {"angle": 0, "axis": "y", "origin": [0, 0.3, 0]},
			"faces": {
				"north": {"uv": [0, 0, 1, 2], "texture": "#up"},
				"east": {"uv": [0, 0, 12, 2], "texture": "#up"},
				"south": {"uv": [0, 0, 1, 2], "texture": "#up"},
				"west": {"uv": [0, 0, 12, 2], "texture": "#up"},
				"up": {"uv": [0, 0, 1, 12], "texture": "#up"},
				"down": {"uv": [0, 0, 1, 12], "texture": "#up"}
			}
		},
		{
			"from": [-1, 14.3, 1],
			"to": [0, 16.3, 14],
			"rotation": {"angle": 0, "axis": "y", "origin": [16, 0.3, 0]},
			"faces": {
				"north": {"uv": [1, 0, 0, 2], "texture": "#up"},
				"east": {"uv": [13, 0, 0, 2], "texture": "#up"},
				"south": {"uv": [1, 0, 0, 2], "texture": "#up"},
				"west": {"uv": [13, 0, 0, 2], "texture": "#up"},
				"up": {"uv": [1, 0, 0, 13], "texture": "#up"},
				"down": {"uv": [1, 0, 0, 13], "texture": "#up"}
			}
		},
		{
			"from": [16, 16.3, 3],
			"to": [17, 18.3, 13],
			"rotation": {"angle": 0, "axis": "y", "origin": [0, 0.3, 0]},
			"faces": {
				"north": {"uv": [0, 0, 0.5, 1], "texture": "#up"},
				"east": {"uv": [0, 13, 10, 16], "texture": "#up"},
				"south": {"uv": [0, 0, 0.5, 1], "texture": "#up"},
				"west": {"uv": [0, 13, 10, 16], "texture": "#up"},
				"up": {"uv": [15.5, 11, 16, 16], "texture": "#up"},
				"down": {"uv": [15.5, 11, 16, 16], "texture": "#up"}
			}
		},
		{
			"from": [-1, 5, -1],
			"to": [17, 7, 17],
			"rotation": {"angle": 0, "axis": "y", "origin": [0, -9, 0]},
			"faces": {
				"north": {"uv": [0, 0, 16, 2], "texture": "#up"},
				"east": {"uv": [0, 0, 16, 2], "texture": "#up"},
				"south": {"uv": [0, 0, 16, 2], "texture": "#up"},
				"west": {"uv": [0, 0, 16, 2], "texture": "#up"},
				"up": {"uv": [0, 0, 16, 16], "texture": "#up"},
				"down": {"uv": [0, 0, 16, 16], "texture": "#up"}
			}
		},
		{
			"from": [-1, 16.3, -1],
			"to": [4, 16.5, 5],
			"faces": {
				"north": {"uv": [1, 6, 3.5, 6.5], "texture": "#10"},
				"east": {"uv": [2, 5, 5, 5.5], "texture": "#10"},
				"south": {"uv": [6, 3, 8.5, 3.5], "texture": "#10"},
				"west": {"uv": [5, 2, 8, 2.5], "texture": "#10"},
				"up": {"uv": [2.5, 3, 0, 0], "texture": "#10"},
				"down": {"uv": [5, 0, 2.5, 3], "texture": "#10"}
			}
		},
		{
			"from": [4, 16.3, -1],
			"to": [5, 16.5, 3],
			"faces": {
				"north": {"uv": [5, 9, 5.5, 9.5], "texture": "#10"},
				"east": {"uv": [6, 6, 8, 6.5], "texture": "#10"},
				"south": {"uv": [6, 9, 6.5, 9.5], "texture": "#10"},
				"west": {"uv": [1, 6.5, 3, 7], "texture": "#10"},
				"up": {"uv": [3.5, 8.5, 3, 6.5], "texture": "#10"},
				"down": {"uv": [4, 6.5, 3.5, 8.5], "texture": "#10"}
			}
		},
		{
			"from": [5, 16.3, -1],
			"to": [6, 16.5, 1],
			"faces": {
				"north": {"uv": [9, 6, 9.5, 6.5], "texture": "#10"},
				"east": {"uv": [8, 6, 9, 6.5], "texture": "#10"},
				"south": {"uv": [6.5, 9, 7, 9.5], "texture": "#10"},
				"west": {"uv": [8, 6.5, 9, 7], "texture": "#10"},
				"up": {"uv": [6, 8.5, 5.5, 7.5], "texture": "#10"},
				"down": {"uv": [7.5, 8, 7, 9], "texture": "#10"}
			}
		},
		{
			"from": [-1, 16.3, 5],
			"to": [1, 16.5, 7],
			"faces": {
				"north": {"uv": [8, 7, 9, 7.5], "texture": "#10"},
				"east": {"uv": [7.5, 8, 8.5, 8.5], "texture": "#10"},
				"south": {"uv": [8, 7.5, 9, 8], "texture": "#10"},
				"west": {"uv": [8.5, 0, 9.5, 0.5], "texture": "#10"},
				"up": {"uv": [5, 7.5, 4, 6.5], "texture": "#10"},
				"down": {"uv": [6, 6.5, 5, 7.5], "texture": "#10"}
			}
		},
		{
			"from": [1, 16.3, 5],
			"to": [3, 16.5, 6],
			"faces": {
				"north": {"uv": [8.5, 0.5, 9.5, 1], "texture": "#10"},
				"east": {"uv": [9, 6.5, 9.5, 7], "texture": "#10"},
				"south": {"uv": [1, 8.5, 2, 9], "texture": "#10"},
				"west": {"uv": [7, 9, 7.5, 9.5], "texture": "#10"},
				"up": {"uv": [9.5, 1.5, 8.5, 1], "texture": "#10"},
				"down": {"uv": [9.5, 1.5, 8.5, 2], "texture": "#10"}
			}
		},
		{
			"from": [-1, 15.5, -1.2],
			"to": [6, 16.5, -1],
			"faces": {
				"north": {"uv": [5, 0, 8.5, 0.5], "texture": "#10"},
				"east": {"uv": [9, 7, 9.5, 7.5], "texture": "#10"},
				"south": {"uv": [5, 0.5, 8.5, 1], "texture": "#10"},
				"west": {"uv": [7.5, 9, 8, 9.5], "texture": "#10"},
				"up": {"uv": [8.5, 1.5, 5, 1], "texture": "#10"},
				"down": {"uv": [8.5, 1.5, 5, 2], "texture": "#10"}
			}
		},
		{
			"from": [-1, 13.5, -1.2],
			"to": [5, 15.5, -1],
			"faces": {
				"north": {"uv": [0, 3, 3, 4], "texture": "#10"},
				"east": {"uv": [3, 8.5, 3.5, 9.5], "texture": "#10"},
				"south": {"uv": [3, 3, 6, 4], "texture": "#10"},
				"west": {"uv": [8.5, 3, 9, 4], "texture": "#10"},
				"up": {"uv": [8, 3, 5, 2.5], "texture": "#10"},
				"down": {"uv": [8, 5, 5, 5.5], "texture": "#10"}
			}
		},
		{
			"from": [-1, 10.5, -1.2],
			"to": [3, 12.5, -1],
			"faces": {
				"north": {"uv": [0, 4, 2, 5], "texture": "#10"},
				"east": {"uv": [3.5, 8.5, 4, 9.5], "texture": "#10"},
				"south": {"uv": [2, 4, 4, 5], "texture": "#10"},
				"west": {"uv": [4, 8.5, 4.5, 9.5], "texture": "#10"},
				"up": {"uv": [8, 7, 6, 6.5], "texture": "#10"},
				"down": {"uv": [3, 7, 1, 7.5], "texture": "#10"}
			}
		},
		{
			"from": [-1, 12.5, -1.2],
			"to": [4, 13.5, -1],
			"faces": {
				"north": {"uv": [3.5, 6, 6, 6.5], "texture": "#10"},
				"east": {"uv": [9, 7.5, 9.5, 8], "texture": "#10"},
				"south": {"uv": [6, 3.5, 8.5, 4], "texture": "#10"},
				"west": {"uv": [8, 9, 8.5, 9.5], "texture": "#10"},
				"up": {"uv": [8.5, 4.5, 6, 4], "texture": "#10"},
				"down": {"uv": [8.5, 4.5, 6, 5], "texture": "#10"}
			}
		},
		{
			"from": [-1, 9.5, -1.2],
			"to": [2, 10.5, -1],
			"faces": {
				"north": {"uv": [4, 7.5, 5.5, 8], "texture": "#10"},
				"east": {"uv": [9, 8, 9.5, 8.5], "texture": "#10"},
				"south": {"uv": [8, 2, 9.5, 2.5], "texture": "#10"},
				"west": {"uv": [8.5, 9, 9, 9.5], "texture": "#10"},
				"up": {"uv": [9.5, 3, 8, 2.5], "texture": "#10"},
				"down": {"uv": [5.5, 8, 4, 8.5], "texture": "#10"}
			}
		},
		{
			"from": [-1, 8.5, -1.2],
			"to": [1, 9.5, -1],
			"faces": {
				"north": {"uv": [8.5, 4, 9.5, 4.5], "texture": "#10"},
				"east": {"uv": [9, 8.5, 9.5, 9], "texture": "#10"},
				"south": {"uv": [4.5, 8.5, 5.5, 9], "texture": "#10"},
				"west": {"uv": [9, 9, 9.5, 9.5], "texture": "#10"},
				"up": {"uv": [9.5, 5, 8.5, 4.5], "texture": "#10"},
				"down": {"uv": [8.5, 8.5, 7.5, 9], "texture": "#10"}
			}
		},
		{
			"from": [-1.2, 15.5, -1.2],
			"to": [-1, 16.5, 5],
			"faces": {
				"north": {"uv": [9.5, 0, 10, 0.5], "texture": "#10"},
				"east": {"uv": [2, 5.5, 5, 6], "texture": "#10"},
				"south": {"uv": [9.5, 0.5, 10, 1], "texture": "#10"},
				"west": {"uv": [5, 5.5, 8, 6], "texture": "#10"},
				"up": {"uv": [0.5, 9, 0, 6], "texture": "#10"},
				"down": {"uv": [1, 6, 0.5, 9], "texture": "#10"}
			}
		},
		{
			"from": [-1.2, 13.5, -1.2],
			"to": [-1, 15.5, 3],
			"faces": {
				"north": {"uv": [5.5, 8.5, 6, 9.5], "texture": "#10"},
				"east": {"uv": [4, 4, 6, 5], "texture": "#10"},
				"south": {"uv": [8.5, 8, 9, 9], "texture": "#10"},
				"west": {"uv": [0, 5, 2, 6], "texture": "#10"},
				"up": {"uv": [6.5, 9, 6, 7], "texture": "#10"},
				"down": {"uv": [7, 7, 6.5, 9], "texture": "#10"}
			}
		},
		{
			"from": [-1.2, 12.5, -1.2],
			"to": [-1, 13.5, 2],
			"faces": {
				"north": {"uv": [9.5, 1, 10, 1.5], "texture": "#10"},
				"east": {"uv": [8, 5, 9.5, 5.5], "texture": "#10"},
				"south": {"uv": [9.5, 1.5, 10, 2], "texture": "#10"},
				"west": {"uv": [8, 5.5, 9.5, 6], "texture": "#10"},
				"up": {"uv": [2.5, 9, 2, 7.5], "texture": "#10"},
				"down": {"uv": [3, 7.5, 2.5, 9], "texture": "#10"}
			}
		},
		{
			"from": [-1.2, 10.5, -1.2],
			"to": [-1, 12.5, 1],
			"faces": {
				"north": {"uv": [0, 9, 0.5, 10], "texture": "#10"},
				"east": {"uv": [7, 7, 8, 8], "texture": "#10"},
				"south": {"uv": [0.5, 9, 1, 10], "texture": "#10"},
				"west": {"uv": [1, 7.5, 2, 8.5], "texture": "#10"},
				"up": {"uv": [1.5, 10, 1, 9], "texture": "#10"},
				"down": {"uv": [2, 9, 1.5, 10], "texture": "#10"}
			}
		},
		{
			"from": [-1.2, 8.5, -1.2],
			"to": [-1, 10.5, 0],
			"faces": {
				"north": {"uv": [2, 9, 2.5, 10], "texture": "#10"},
				"east": {"uv": [2.5, 9, 3, 10], "texture": "#10"},
				"south": {"uv": [9, 3, 9.5, 4], "texture": "#10"},
				"west": {"uv": [4.5, 9, 5, 10], "texture": "#10"},
				"up": {"uv": [10, 2.5, 9.5, 2], "texture": "#10"},
				"down": {"uv": [10, 2.5, 9.5, 3], "texture": "#10"}
			}
		},
		{
			"from": [6, 16.6, 8.5],
			"to": [13, 18.1, 10],
			"rotation": {"angle": 45, "axis": "y", "origin": [10, 16.3, 8]},
			"faces": {
				"north": {"uv": [0, 0, 7, 1.5], "texture": "#8"},
				"east": {"uv": [0, 0, 1.5, 1.5], "texture": "#8"},
				"south": {"uv": [0, 0, 7, 1.5], "texture": "#8"},
				"west": {"uv": [0, 0, 1.5, 1.5], "texture": "#8"},
				"up": {"uv": [0, 0, 7, 1.5], "texture": "#8"},
				"down": {"uv": [0, 0, 7, 1.5], "texture": "#8"}
			}
		},
		{
			"from": [3, 16.3, 6.5],
			"to": [6, 18.8, 12],
			"rotation": {"angle": 45, "axis": "y", "origin": [10, 16.5, 8]},
			"faces": {
				"north": {"uv": [0, 0, 3, 2.5], "texture": "#1"},
				"east": {"uv": [0, 0, 5.5, 2.5], "texture": "#1"},
				"south": {"uv": [0, 0, 3, 2.5], "texture": "#1"},
				"west": {"uv": [0, 0, 5.5, 2.5], "texture": "#1"},
				"up": {"uv": [0, 0, 3, 5.5], "texture": "#1"},
				"down": {"uv": [0, 0, 3, 5.5], "texture": "#1"}
			}
		},
		{
			"from": [11.675, 2.8, 18.3],
			"to": [13.675, 16.8, 20.3],
			"rotation": {"angle": 0, "axis": "x", "origin": [11.675, 14.8, 18.3]},
			"faces": {
				"north": {"uv": [0, 0, 2, 14], "texture": "#8"},
				"east": {"uv": [0, 0, 2, 14], "texture": "#8"},
				"south": {"uv": [0, 0, 2, 14], "texture": "#8"},
				"west": {"uv": [0, 0, 2, 14], "texture": "#8"},
				"up": {"uv": [0, 0, 2, 2], "texture": "#8"},
				"down": {"uv": [0, 0, 2, 2], "texture": "#8"}
			}
		},
		{
			"from": [9.675, -0.2, 17.3],
			"to": [15.675, 3.3, 21.3],
			"rotation": {"angle": 0, "axis": "x", "origin": [11.675, 14.8, 18.3]},
			"faces": {
				"north": {"uv": [0, 0, 6, 3.5], "texture": "#up"},
				"east": {"uv": [0, 0, 4, 3.5], "texture": "#up"},
				"south": {"uv": [0, 0, 6, 3.5], "texture": "#up"},
				"west": {"uv": [0, 0, 4, 3.5], "texture": "#up"},
				"up": {"uv": [0, 0, 6, 4], "texture": "#up"},
				"down": {"uv": [0, 0, 6, 4], "texture": "#up"}
			}
		},
		{
			"from": [16.7, 7.3, 3],
			"to": [18.8, 9, 5.7],
			"rotation": {"angle": 0, "axis": "y", "origin": [17, 13, 4]},
			"faces": {
				"north": {"uv": [0, 0, 2.1, 1.7], "texture": "#1"},
				"east": {"uv": [0, 0, 2.7, 1.7], "texture": "#1"},
				"south": {"uv": [0, 0, 2.1, 1.7], "texture": "#1"},
				"west": {"uv": [0, 0, 2.7, 1.7], "texture": "#1"},
				"up": {"uv": [0, 0, 2.1, 2.7], "texture": "#1"},
				"down": {"uv": [0, 0, 2.1, 2.7], "texture": "#1"}
			}
		},
		{
			"from": [17.05, 9, 4],
			"to": [18.45, 15, 5.4],
			"rotation": {"angle": 0, "axis": "y", "origin": [17.05, 13, 4]},
			"faces": {
				"north": {"uv": [3, 2, 4.4, 8], "texture": "#8"},
				"east": {"uv": [3, 2, 4.4, 8], "texture": "#8"},
				"south": {"uv": [3, 2, 4.4, 8], "texture": "#8"},
				"west": {"uv": [3, 2, 4.4, 8], "texture": "#8"},
				"up": {"uv": [0, 0, 1.4, 1.4], "texture": "#8"},
				"down": {"uv": [0, 0, 1.4, 1.4], "texture": "#8"}
			}
		},
		{
			"from": [16.7, 7.6, 5.7],
			"to": [18.8, 8.7, 7.2],
			"rotation": {"angle": 0, "axis": "y", "origin": [17, 13, 4]},
			"faces": {
				"north": {"uv": [0, 0, 2.1, 1.1], "texture": "#1"},
				"east": {"uv": [0, 0, 1.5, 1.1], "texture": "#1"},
				"south": {"uv": [0, 0, 2.1, 1.1], "texture": "#1"},
				"west": {"uv": [0, 0, 1.5, 1.1], "texture": "#1"},
				"up": {"uv": [0, 0, 2.1, 1.5], "texture": "#1"},
				"down": {"uv": [0, 0, 2.1, 1.5], "texture": "#1"}
			}
		},
		{
			"from": [16.7, 8.2, 8],
			"to": [18.4, 9.7, 10.9],
			"rotation": {"angle": 0, "axis": "y", "origin": [16.8, 13.7, 9]},
			"faces": {
				"north": {"uv": [0, 0, 1.7, 1.5], "texture": "#1"},
				"east": {"uv": [0, 0, 2.9, 1.5], "texture": "#1"},
				"south": {"uv": [0, 0, 1.7, 1.5], "texture": "#1"},
				"west": {"uv": [0, 0, 2.9, 1.5], "texture": "#1"},
				"up": {"uv": [0, 0, 1.7, 2.9], "texture": "#1"},
				"down": {"uv": [0, 0, 1.7, 2.9], "texture": "#1"}
			}
		},
		{
			"from": [16.95, 9.7, 9.1],
			"to": [18.15, 15.7, 10.3],
			"rotation": {"angle": 0, "axis": "y", "origin": [16.85, 13.7, 9]},
			"faces": {
				"north": {"uv": [3, 2, 4.2, 8], "texture": "#8"},
				"east": {"uv": [3, 2, 4.2, 8], "texture": "#8"},
				"south": {"uv": [3, 2, 4.2, 8], "texture": "#8"},
				"west": {"uv": [3, 2, 4.2, 8], "texture": "#8"},
				"up": {"uv": [0, 0, 1.2, 1.2], "texture": "#8"},
				"down": {"uv": [0, 0, 1.2, 1.2], "texture": "#8"}
			}
		},
		{
			"from": [17.2, 8.2, 10.9],
			"to": [17.9, 9.7, 12.4],
			"rotation": {"angle": 0, "axis": "y", "origin": [16.8, 13.7, 9]},
			"faces": {
				"north": {"uv": [0, 0, 0.7, 1.5], "texture": "#1"},
				"east": {"uv": [0, 0, 1.5, 1.5], "texture": "#1"},
				"south": {"uv": [0, 0, 0.7, 1.5], "texture": "#1"},
				"west": {"uv": [0, 0, 1.5, 1.5], "texture": "#1"},
				"up": {"uv": [0, 0, 0.7, 1.5], "texture": "#1"},
				"down": {"uv": [0, 0, 0.7, 1.5], "texture": "#1"}
			}
		},
		{
			"from": [8, 6.925, 14.35],
			"to": [11, 11.525, 16.65],
			"rotation": {"angle": -22.5, "axis": "x", "origin": [9, 6.525, 15.65]},
			"faces": {
				"north": {"uv": [8, 4, 5, 8.6], "texture": "#9"},
				"east": {"uv": [7.3, 4, 5, 8.6], "texture": "#9"},
				"south": {"uv": [8, 4, 5, 8.6], "texture": "#9"},
				"west": {"uv": [7.3, 4, 5, 8.6], "texture": "#9"},
				"up": {"uv": [0, 2.3, 3, 0], "texture": "#9"},
				"down": {"uv": [0, 2.3, 3, 0], "texture": "#9"}
			}
		},
		{
			"from": [4, 6.925, 14.35],
			"to": [7, 11.525, 16.65],
			"rotation": {"angle": -22.5, "axis": "x", "origin": [5, 6.525, 15.65]},
			"faces": {
				"north": {"uv": [8, 3, 5, 7.6], "texture": "#9"},
				"east": {"uv": [7.3, 3, 5, 7.6], "texture": "#9"},
				"south": {"uv": [8, 3, 5, 7.6], "texture": "#9"},
				"west": {"uv": [7.3, 3, 5, 7.6], "texture": "#9"},
				"up": {"uv": [0, 2.3, 3, 0], "texture": "#9"},
				"down": {"uv": [0, 2.3, 3, 0], "texture": "#9"}
			}
		},
		{
			"from": [-2, 9, 5],
			"to": [-1, 15, 6],
			"rotation": {"angle": 0, "axis": "y", "origin": [-2, 13, 4]},
			"faces": {
				"north": {"uv": [0, 0, 1, 6], "texture": "#4"},
				"east": {"uv": [0, 0, 1, 6], "texture": "#4"},
				"south": {"uv": [0, 0, 1, 6], "texture": "#4"},
				"west": {"uv": [0, 0, 1, 6], "texture": "#4"},
				"up": {"uv": [0, 0, 1, 1], "texture": "#4"},
				"down": {"uv": [0, 0, 1, 1], "texture": "#4"}
			}
		},
		{
			"from": [-2.2, 12, 4.8],
			"to": [-0.8, 15.1, 6.2],
			"rotation": {"angle": 0, "axis": "y", "origin": [-2, 13, 4]},
			"faces": {
				"north": {"uv": [3, 2, 4.4, 5.1], "texture": "#5"},
				"east": {"uv": [3, 2, 4.4, 5.1], "texture": "#5"},
				"south": {"uv": [3, 2, 4.4, 5.1], "texture": "#5"},
				"west": {"uv": [3, 2, 4.4, 5.1], "texture": "#5"},
				"up": {"uv": [0, 0, 1.4, 1.4], "texture": "#5"},
				"down": {"uv": [0, 0, 1.4, 1.4], "texture": "#5"}
			}
		},
		{
			"from": [-2, 7, 8],
			"to": [-1, 15, 9],
			"rotation": {"angle": 0, "axis": "y", "origin": [-2, 13, 7]},
			"faces": {
				"north": {"uv": [0, 0, 1, 8], "texture": "#4"},
				"east": {"uv": [0, 0, 1, 8], "texture": "#4"},
				"south": {"uv": [0, 0, 1, 8], "texture": "#4"},
				"west": {"uv": [0, 0, 1, 8], "texture": "#4"},
				"up": {"uv": [0, 0, 1, 1], "texture": "#4"},
				"down": {"uv": [0, 0, 1, 1], "texture": "#4"}
			}
		},
		{
			"from": [-2.2, 11, 7.8],
			"to": [-0.8, 14.6, 9.2],
			"rotation": {"angle": 0, "axis": "y", "origin": [-2, 13, 7]},
			"faces": {
				"north": {"uv": [3, 1, 4.4, 4.6], "texture": "#5"},
				"east": {"uv": [3, 1, 4.4, 4.6], "texture": "#5"},
				"south": {"uv": [3, 1, 4.4, 4.6], "texture": "#5"},
				"west": {"uv": [3, 1, 4.4, 4.6], "texture": "#5"},
				"up": {"uv": [0, 0, 1.4, 1.4], "texture": "#5"},
				"down": {"uv": [0, 0, 1.4, 1.4], "texture": "#5"}
			}
		},
		{
			"from": [3.68, 7.16, -0.84],
			"to": [10.28, 8.48, 1.8],
			"rotation": {"angle": 0, "axis": "y", "origin": [5, 7.16, 1.8]},
			"faces": {
				"north": {"uv": [7, 4, 4, 5], "texture": "#9"},
				"east": {"uv": [6, 4, 4, 5], "texture": "#9"},
				"south": {"uv": [8, 4, 3, 5], "texture": "#9"},
				"west": {"uv": [6, 4, 4, 5], "texture": "#9"},
				"up": {"uv": [3, 7, 8, 5], "texture": "#9"},
				"down": {"uv": [3, 7, 8, 5], "texture": "#9"}
			}
		},
		{
			"from": [4.34, 8.48, -0.312],
			"to": [9.62, 9.14, 1.272],
			"rotation": {"angle": 0, "axis": "y", "origin": [5, 6.5, 1.8]},
			"faces": {
				"north": {"uv": [4, 0, 0, 0.5], "texture": "#9"},
				"east": {"uv": [1.2, 0, 0, 0.5], "texture": "#9"},
				"south": {"uv": [4, 0, 0, 0.5], "texture": "#9"},
				"west": {"uv": [1.2, 0, 0, 0.5], "texture": "#9"},
				"up": {"uv": [4, 6, 7, 5], "texture": "#9"},
				"down": {"uv": [3, 6.2, 7, 5], "texture": "#9"}
			}
		},
		{
			"from": [0, -0.075, 0],
			"to": [16, 2, 16],
			"faces": {
				"north": {"uv": [0, 0, 16, 1.075], "texture": "#7"},
				"east": {"uv": [0, 0, 16, 1.075], "texture": "#7"},
				"south": {"uv": [0, 0, 16, 1.075], "texture": "#7"},
				"west": {"uv": [0, 0, 16, 1.075], "texture": "#7"},
				"up": {"uv": [0, 0, 16, 16], "texture": "#7"},
				"down": {"uv": [0, 0, 16, 16], "texture": "#7"}
			}
		}
	],
	"groups": [
		{
			"name": "SmithingTableMain",
			"origin": [0, 0, 0],
			"color": 0,
			"children": [0]
		},
		{
			"name": "SmithingTableBottomCorners",
			"origin": [16, 0, 0],
			"color": 0,
			"children": [1, 2, 3, 4]
		},
		{
			"name": "SmithingTableEdges",
			"origin": [16, 0, 16],
			"color": 0,
			"children": [5, 6, 7, 8]
		},
		{
			"name": "SmithingTableTop",
			"origin": [0, 0.3, 0],
			"color": 0,
			"children": [9, 10, 11, 12, 13, 14]
		},
		{
			"name": "SmithingTable Shelf",
			"origin": [0, -8, 0],
			"color": 0,
			"children": [15]
		},
		{
			"name": "SmithingTableExtras",
			"origin": [8, 8, 8],
			"color": 0,
			"children": [
				{
					"name": "LeatherPiece",
					"origin": [0, 0, 0],
					"color": 0,
					"children": [16, 17, 18, 19, 20, 21, 22, 23, 24, 25, 26, 27, 28, 29, 30, 31]
				},
				{
					"name": "Hammers",
					"origin": [8, 8, 8],
					"color": 0,
					"children": [
						{
							"name": "Hammer",
							"origin": [10, 16.5, 8],
							"color": 0,
							"children": [32, 33]
						},
						{
							"name": "Sledge",
							"origin": [12, 14.8, 18.3],
							"color": 0,
							"children": [34, 35]
						},
						{
							"name": "Hammer2",
							"origin": [17, 13, 4],
							"color": 0,
							"children": [36, 37, 38]
						},
						{
							"name": "Hammer3",
							"origin": [17, 13, 4],
							"color": 0,
							"children": [39, 40, 41]
						}
					]
				},
				{
					"name": "Things",
					"origin": [5, 6.525, 0.35],
					"color": 0,
					"children": [42, 43]
				},
				{
					"name": "idk",
					"origin": [-2, 13, 5],
					"color": 0,
					"children": [44, 45]
				},
				{
					"name": "idk2",
					"origin": [-2, 13, 5],
					"color": 0,
					"children": [46, 47]
				},
				{
					"name": "IronIngot",
					"origin": [6, 6.5, 14.2],
					"color": 0,
					"children": [48, 49]
				}
			]
		},
		{
			"name": "SmithingTableBottom",
			"origin": [0, 0, 0],
			"color": 0,
			"children": [50]
		}
	]
}