{
	"credit": "Made with Blockbench",
	"textures": {
		"4": "block/sandstone_top",
		"5": "block/green_terracotta",
		"11": "block/bamboo_planks",
		"particle": "block/stripped_dark_oak_log"
	},
	"elements": [
		{
			"from": [11.5, 2, 1],
			"to": [13, 7.5, 2],
			"rotation": {"angle": 0, "axis": "y", "origin": [12, 2, 1]},
			"faces": {
				"north": {"uv": [0, 0, 1.5, 5.5], "texture": "#5"},
				"east": {"uv": [0, 0, 1, 5.5], "texture": "#5"},
				"south": {"uv": [0, 0, 1.5, 5.5], "texture": "#5"},
				"west": {"uv": [0, 0, 1, 5.5], "texture": "#5"},
				"up": {"uv": [0, 0, 1.5, 1], "texture": "#5"},
				"down": {"uv": [0, 0, 1.5, 1], "texture": "#5"}
			}
		},
		{
			"from": [13, 2, 1],
			"to": [14, 7.5, 6],
			"rotation": {"angle": 0, "axis": "y", "origin": [12, 2, 1]},
			"faces": {
				"north": {"uv": [0, 0, 1, 5.5], "texture": "#5"},
				"east": {"uv": [0, 0, 5, 5.5], "texture": "#5"},
				"south": {"uv": [0, 0, 1, 5.5], "texture": "#5"},
				"west": {"uv": [0, 0, 5, 5.5], "texture": "#5"},
				"up": {"uv": [0, 0, 1, 5], "texture": "#5"},
				"down": {"uv": [0, 0, 1, 5], "texture": "#5"}
			}
		},
		{
			"from": [10.5, 2, 1],
			"to": [11.5, 7.5, 6],
			"rotation": {"angle": 0, "axis": "y", "origin": [12, 2, 1]},
			"faces": {
				"north": {"uv": [0, 0, 1, 5.5], "texture": "#5"},
				"east": {"uv": [0, 0, 5, 5.5], "texture": "#5"},
				"south": {"uv": [0, 0, 1, 5.5], "texture": "#5"},
				"west": {"uv": [0, 0, 5, 5.5], "texture": "#5"},
				"up": {"uv": [0, 0, 1, 5], "texture": "#5"},
				"down": {"uv": [0, 0, 1, 5], "texture": "#5"}
			}
		},
		{
			"from": [10.5, 3.4, 0.9],
			"to": [14, 4.1, 1],
			"rotation": {"angle": 0, "axis": "y", "origin": [12, 2, 1]},
			"faces": {
				"north": {"uv": [0, 0, 3.5, 0.7], "texture": "#11"},
				"east": {"uv": [0, 0, 0.1, 0.7], "texture": "#11"},
				"south": {"uv": [0, 0, 3.5, 0.7], "texture": "#11"},
				"west": {"uv": [0, 0, 0.1, 0.7], "texture": "#11"},
				"up": {"uv": [1, 2, 4.5, 2.1], "texture": "#11"},
				"down": {"uv": [0, 0, 3.5, 0.1], "texture": "#11"}
			}
		},
		{
			"from": [10.4, 3.4, 0.9],
			"to": [10.5, 4.1, 6.1],
			"rotation": {"angle": 0, "axis": "y", "origin": [12, 2, 1]},
			"faces": {
				"north": {"uv": [0.1, 0, 0.2, 0.7], "texture": "#11"},
				"east": {"uv": [5.2, 0, 10.4, 0.7], "texture": "#11"},
				"south": {"uv": [0.1, 0, 0.2, 0.7], "texture": "#11"},
				"west": {"uv": [6.2, 2, 11.4, 2.7], "texture": "#11"},
				"up": {"uv": [0.1, 0, 0.2, 5.2], "texture": "#11"},
				"down": {"uv": [0.1, 0, 0.2, 5.2], "texture": "#11"}
			}
		},
		{
			"from": [14, 3.4, 0.9],
			"to": [14.1, 4.1, 6.1],
			"rotation": {"angle": 0, "axis": "y", "origin": [12, 2, 1]},
			"faces": {
				"north": {"uv": [0, 0, 0.1, 0.7], "texture": "#11"},
				"east": {"uv": [1, 2, 6.2, 2.7], "texture": "#11"},
				"south": {"uv": [0, 0, 0.1, 0.7], "texture": "#11"},
				"west": {"uv": [0, 0, 5.2, 0.7], "texture": "#11"},
				"up": {"uv": [0, 0, 0.1, 5.2], "texture": "#11"},
				"down": {"uv": [0, 0, 0.1, 5.2], "texture": "#11"}
			}
		},
		{
			"from": [11.5, 2.3, 2],
			"to": [13, 7.2, 5.8],
			"rotation": {"angle": 0, "axis": "y", "origin": [12, 2, 1]},
			"faces": {
				"north": {"uv": [0, 0, 1.5, 4.9], "texture": "#4"},
				"east": {"uv": [0, 0, 3.8, 4.9], "texture": "#4"},
				"south": {"uv": [0, 0, 1.5, 4.9], "texture": "#4"},
				"west": {"uv": [0, 0, 3.8, 4.9], "texture": "#4"},
				"up": {"uv": [5, 7, 6.5, 10.8], "texture": "#4"},
				"down": {"uv": [0, 0, 1.5, 3.8], "texture": "#4"}
			}
		},
		{
			"from": [13, 3.4, 5.9],
			"to": [14, 4.1, 6.1],
			"rotation": {"angle": 0, "axis": "y", "origin": [12, 2, 1]},
			"faces": {
				"north": {"uv": [0, 0, 1, 0.7], "texture": "#11"},
				"east": {"uv": [0, 0, 0.2, 0.7], "texture": "#11"},
				"south": {"uv": [0, 0, 1, 0.7], "texture": "#11"},
				"west": {"uv": [0, 0, 0.2, 0.7], "texture": "#11"},
				"up": {"uv": [0, 0, 1, 0.2], "texture": "#11"},
				"down": {"uv": [0, 0, 1, 0.2], "texture": "#11"}
			}
		},
		{
			"from": [10.5, 3.4, 5.9],
			"to": [11.5, 4.1, 6.1],
			"rotation": {"angle": 0, "axis": "y", "origin": [12, 2, 1]},
			"faces": {
				"north": {"uv": [1, 0, 2, 0.7], "texture": "#11"},
				"east": {"uv": [0.2, 0, 0.4, 0.7], "texture": "#11"},
				"south": {"uv": [1, 0, 2, 0.7], "texture": "#11"},
				"west": {"uv": [0.2, 0, 0.4, 0.7], "texture": "#11"},
				"up": {"uv": [1, 0, 2, 0.2], "texture": "#11"},
				"down": {"uv": [1, 0, 2, 0.2], "texture": "#11"}
			}
		}
	],
	"groups": [
		{
			"name": "Book",
			"origin": [12, 8, -12],
			"color": 0,
			"children": [0, 1, 2, 3, 4, 5, 6, 7, 8]
		}
	]
}