{
	"credit": "Made with Blockbench",
	"ambientocclusion": false,
	"texture_size": [32, 32],
	"textures": {
		"0": "block/cauldron_top",
		"1": "block/cauldron_side",
		"2": "block/cauldron_inner",
		"3": "block/anvil",
		"4": "block/water_still",
		"particle": "block/cauldron_top"
	},
	"elements": [
		{
			"from": [3, 3, 3],
			"to": [13, 5, 13],
			"rotation": {"angle": 0, "axis": "y", "origin": [0, 3, 0]},
			"faces": {
				"north": {"uv": [0, 0, 10, 2], "texture": "#1"},
				"east": {"uv": [0, 0, 10, 2], "texture": "#1"},
				"south": {"uv": [0, 0, 10, 2], "texture": "#1"},
				"west": {"uv": [0, 0, 10, 2], "texture": "#1"},
				"up": {"uv": [0, 0, 10, 10], "texture": "#1"},
				"down": {"uv": [4, 4, 12, 10], "texture": "#1"}
			}
		},
		{
			"from": [2, 5, 2],
			"to": [14, 7, 14],
			"rotation": {"angle": 0, "axis": "y", "origin": [0, 5, 0]},
			"faces": {
				"north": {"uv": [0, 0, 12, 2], "texture": "#1"},
				"east": {"uv": [0, 0, 12, 2], "texture": "#1"},
				"south": {"uv": [0, 0, 12, 2], "texture": "#1"},
				"west": {"uv": [0, 0, 12, 2], "texture": "#1"},
				"up": {"uv": [2, 1, 14, 13], "texture": "#1"},
				"down": {"uv": [2, 1, 14, 13], "texture": "#1"}
			}
		},
		{
			"from": [2.1, 5.15, 2.1],
			"to": [13.9, 7.15, 13.9],
			"rotation": {"angle": 0, "axis": "y", "origin": [0, 5.15, 0]},
			"faces": {
				"north": {"uv": [0, 0, 12, 2], "texture": "#2"},
				"east": {"uv": [0, 0, 12, 2], "texture": "#2"},
				"south": {"uv": [0, 0, 12, 2], "texture": "#2"},
				"west": {"uv": [0, 0, 12, 2], "texture": "#2"},
				"up": {"uv": [0, 0, 16, 16], "texture": "#2"},
				"down": {"uv": [2, 1, 14, 13], "texture": "#2"}
			}
		},
		{
			"from": [14, 6, 2],
			"to": [16, 12, 14],
			"rotation": {"angle": 0, "axis": "y", "origin": [0, 6, 0]},
			"faces": {
				"north": {"uv": [0, 0, 2, 6], "texture": "#1"},
				"east": {"uv": [2, 0, 14, 6], "texture": "#1"},
				"south": {"uv": [0, 0, 2, 6], "texture": "#1"},
				"west": {"uv": [0, 0, 12, 6], "texture": "#1"},
				"up": {"uv": [2, 4, 4, 15], "texture": "#1"},
				"down": {"uv": [2, 4, 4, 15], "texture": "#1"}
			}
		},
		{
			"from": [0, 6, 2],
			"to": [2, 12, 14],
			"rotation": {"angle": 0, "axis": "y", "origin": [-14, 6, 0]},
			"faces": {
				"north": {"uv": [0, 0, 2, 6], "texture": "#1"},
				"east": {"uv": [0, 0, 12, 6], "texture": "#1"},
				"south": {"uv": [0, 0, 2, 6], "texture": "#1"},
				"west": {"uv": [2, 0, 14, 6], "texture": "#1"},
				"up": {"uv": [2, 4, 4, 15], "texture": "#1"},
				"down": {"uv": [2, 4, 4, 15], "texture": "#1"}
			}
		},
		{
			"from": [2, 6, 0],
			"to": [14, 12, 2],
			"rotation": {"angle": 0, "axis": "y", "origin": [0, 6, 16]},
			"faces": {
				"north": {"uv": [2, 0, 14, 6], "texture": "#1"},
				"east": {"uv": [0, 0, 2, 6], "texture": "#1"},
				"south": {"uv": [0, 0, 12, 6], "texture": "#1"},
				"west": {"uv": [0, 0, 2, 6], "texture": "#1"},
				"up": {"uv": [2, 4, 4, 15], "rotation": 270, "texture": "#1"},
				"down": {"uv": [2, 4, 4, 15], "rotation": 90, "texture": "#1"}
			}
		},
		{
			"from": [2, 6, 14],
			"to": [14, 12, 16],
			"rotation": {"angle": 0, "axis": "y", "origin": [0, 6, 30]},
			"faces": {
				"north": {"uv": [0, 0, 12, 6], "texture": "#1"},
				"east": {"uv": [0, 0, 2, 6], "texture": "#1"},
				"south": {"uv": [2, 0, 14, 6], "texture": "#1"},
				"west": {"uv": [0, 0, 2, 6], "texture": "#1"},
				"up": {"uv": [2, 4, 4, 15], "rotation": 270, "texture": "#1"},
				"down": {"uv": [2, 4, 4, 15], "rotation": 90, "texture": "#1"}
			}
		},
		{
			"from": [14, 14, 2],
			"to": [16, 16, 14],
			"rotation": {"angle": 0, "axis": "y", "origin": [0, 14, 0]},
			"faces": {
				"north": {"uv": [1, 14, 3, 16], "texture": "#0"},
				"east": {"uv": [2, 1, 14, 3], "texture": "#0"},
				"south": {"uv": [1, 14, 3, 16], "texture": "#0"},
				"west": {"uv": [1, 13, 15, 15], "texture": "#0"},
				"up": {"uv": [13, 1, 15, 15], "texture": "#0"},
				"down": {"uv": [0, 0, 2, 12], "texture": "#0"}
			}
		},
		{
			"from": [0, 14, 2],
			"to": [2, 16, 14],
			"rotation": {"angle": 0, "axis": "y", "origin": [16, 14, 0]},
			"faces": {
				"north": {"uv": [3, 14, 1, 16], "texture": "#0"},
				"east": {"uv": [15, 13, 1, 15], "texture": "#0"},
				"south": {"uv": [3, 14, 1, 16], "texture": "#0"},
				"west": {"uv": [14, 1, 2, 3], "texture": "#0"},
				"up": {"uv": [15, 1, 13, 15], "texture": "#0"},
				"down": {"uv": [2, 0, 0, 12], "texture": "#0"}
			}
		},
		{
			"from": [2, 14, 14],
			"to": [14, 16, 16],
			"rotation": {"angle": 0, "axis": "y", "origin": [0, 14, 0]},
			"faces": {
				"north": {"uv": [15, 13, 1, 15], "texture": "#0"},
				"east": {"uv": [3, 14, 1, 16], "texture": "#0"},
				"south": {"uv": [14, 1, 2, 3], "texture": "#0"},
				"west": {"uv": [3, 14, 1, 16], "texture": "#0"},
				"up": {"uv": [15, 1, 13, 15], "rotation": 270, "texture": "#0"},
				"down": {"uv": [2, 0, 0, 12], "rotation": 90, "texture": "#0"}
			}
		},
		{
			"from": [2, 14, 0],
			"to": [14, 16, 2],
			"rotation": {"angle": 0, "axis": "y", "origin": [0, 14, 16]},
			"faces": {
				"north": {"uv": [2, 1, 14, 3], "texture": "#0"},
				"east": {"uv": [1, 14, 3, 16], "texture": "#0"},
				"south": {"uv": [1, 13, 15, 15], "texture": "#0"},
				"west": {"uv": [1, 14, 3, 16], "texture": "#0"},
				"up": {"uv": [13, 1, 15, 15], "rotation": 270, "texture": "#0"},
				"down": {"uv": [0, 0, 2, 12], "rotation": 90, "texture": "#0"}
			}
		},
		{
			"from": [2, 12, 13],
			"to": [14, 14, 14],
			"rotation": {"angle": 0, "axis": "y", "origin": [0, 8, 28]},
			"faces": {
				"north": {"uv": [0, 0, 12, 2], "texture": "#0"},
				"east": {"uv": [1, 0, 2, 2], "texture": "#0"},
				"south": {"uv": [1, 0, 13, 2], "texture": "#0"},
				"west": {"uv": [1, 0, 2, 2], "texture": "#0"},
				"up": {"uv": [0, 0, 1, 12], "rotation": 270, "texture": "#0"},
				"down": {"uv": [0, 0, 1, 12], "rotation": 90, "texture": "#0"}
			}
		},
		{
			"from": [2, 12, 2],
			"to": [14, 14, 3],
			"rotation": {"angle": 0, "axis": "y", "origin": [0, 8, 18]},
			"faces": {
				"north": {"uv": [1, 0, 13, 2], "texture": "#0"},
				"east": {"uv": [1, 0, 2, 2], "texture": "#0"},
				"south": {"uv": [0, 0, 12, 2], "texture": "#0"},
				"west": {"uv": [1, 0, 2, 2], "texture": "#0"},
				"up": {"uv": [0, 0, 1, 12], "rotation": 270, "texture": "#0"},
				"down": {"uv": [0, 0, 1, 12], "rotation": 90, "texture": "#0"}
			}
		},
		{
			"from": [13, 12, 3],
			"to": [14, 14, 13],
			"rotation": {"angle": 0, "axis": "y", "origin": [0, 8, 18]},
			"faces": {
				"north": {"uv": [0, 0, 1, 2], "texture": "#0"},
				"east": {"uv": [1, 0, 11, 2], "texture": "#0"},
				"south": {"uv": [0, 0, 1, 2], "texture": "#0"},
				"west": {"uv": [1, 0, 11, 2], "texture": "#0"},
				"up": {"uv": [0, 0, 10, 1], "rotation": 270, "texture": "#0"},
				"down": {"uv": [0, 0, 10, 1], "rotation": 90, "texture": "#0"}
			}
		},
		{
			"from": [2, 12, 3],
			"to": [3, 14, 13],
			"rotation": {"angle": 0, "axis": "y", "origin": [-10, 8, 18]},
			"faces": {
				"north": {"uv": [0, 0, 1, 2], "texture": "#0"},
				"east": {"uv": [1, 0, 11, 2], "texture": "#0"},
				"south": {"uv": [0, 0, 1, 2], "texture": "#0"},
				"west": {"uv": [1, 0, 11, 2], "texture": "#0"},
				"up": {"uv": [0, 0, 10, 1], "rotation": 270, "texture": "#0"},
				"down": {"uv": [0, 0, 10, 1], "rotation": 90, "texture": "#0"}
			}
		},
		{
			"from": [7, 0.6, 0],
			"to": [9, 6, 2],
			"rotation": {"angle": 22.5, "axis": "x", "origin": [7, 0, 0]},
			"faces": {
				"north": {"uv": [0, 0, 2, 5.4], "texture": "#3"},
				"east": {"uv": [0, 0, 2, 5.4], "texture": "#3"},
				"south": {"uv": [0, 0, 2, 5.4], "texture": "#3"},
				"west": {"uv": [0, 0, 2, 5.4], "texture": "#3"},
				"up": {"uv": [0, 0, 2, 2], "texture": "#3"},
				"down": {"uv": [0, 0, 2, 2], "texture": "#3"}
			}
		},
		{
			"from": [7, 0.6, 14],
			"to": [9, 6, 16],
			"rotation": {"angle": -22.5, "axis": "x", "origin": [7, 0, 16]},
			"faces": {
				"north": {"uv": [2, 0, 0, 5.4], "texture": "#3"},
				"east": {"uv": [2, 0, 0, 5.4], "texture": "#3"},
				"south": {"uv": [2, 0, 0, 5.4], "texture": "#3"},
				"west": {"uv": [2, 0, 0, 5.4], "texture": "#3"},
				"up": {"uv": [0, 2, 2, 0], "texture": "#3"},
				"down": {"uv": [0, 2, 2, 0], "texture": "#3"}
			}
		},
		{
			"from": [-0.2, 0.6, 7],
			"to": [1.8, 6, 9],
			"rotation": {"angle": -22.5, "axis": "z", "origin": [-0.2, 0, 7]},
			"faces": {
				"north": {"uv": [0, 0, 2, 5.4], "texture": "#3"},
				"east": {"uv": [0, 0, 2, 5.4], "texture": "#3"},
				"south": {"uv": [0, 0, 2, 5.4], "texture": "#3"},
				"west": {"uv": [0, 0, 2, 5.4], "texture": "#3"},
				"up": {"uv": [0, 0, 2, 2], "texture": "#3"},
				"down": {"uv": [0, 0, 2, 2], "texture": "#3"}
			}
		},
		{
			"from": [14.2, 0.6, 7],
			"to": [16.2, 6, 9],
			"rotation": {"angle": 22.5, "axis": "z", "origin": [16.2, 0, 7]},
			"faces": {
				"north": {"uv": [2, 0, 0, 5.4], "texture": "#3"},
				"east": {"uv": [2, 0, 0, 5.4], "texture": "#3"},
				"south": {"uv": [2, 0, 0, 5.4], "texture": "#3"},
				"west": {"uv": [2, 0, 0, 5.4], "texture": "#3"},
				"up": {"uv": [2, 0, 0, 2], "texture": "#3"},
				"down": {"uv": [2, 0, 0, 2], "texture": "#3"}
			}
		},
		{
			"from": [-0.7, 9, 6],
			"to": [0, 11, 10],
			"rotation": {"angle": 0, "axis": "y", "origin": [-1, 9, 7]},
			"faces": {
				"north": {"uv": [0, 0, 0.7, 2], "texture": "#3"},
				"east": {"uv": [0, 0, 4, 2], "texture": "#3"},
				"south": {"uv": [0, 0, 0.7, 2], "texture": "#3"},
				"west": {"uv": [0, 0, 4, 2], "texture": "#3"},
				"up": {"uv": [0, 0, 0.7, 4], "texture": "#3"},
				"down": {"uv": [0, 0, 0.7, 4], "texture": "#3"}
			}
		},
		{
			"from": [-0.5, 9.5, 5],
			"to": [0, 10.5, 11],
			"rotation": {"angle": 0, "axis": "y", "origin": [-1, 9, 7]},
			"faces": {
				"north": {"uv": [0, 0, 0.5, 1], "texture": "#3"},
				"east": {"uv": [0, 0, 6, 1], "texture": "#3"},
				"south": {"uv": [0, 0, 0.5, 1], "texture": "#3"},
				"west": {"uv": [0, 0, 6, 1], "texture": "#3"},
				"up": {"uv": [0, 0, 0.5, 6], "texture": "#3"},
				"down": {"uv": [0, 0, 0.5, 6], "texture": "#3"}
			}
		},
		{
			"from": [-0.5, 6.5, 5],
			"to": [0, 7.5, 11],
			"rotation": {"angle": 0, "axis": "y", "origin": [-1, 6, 7]},
			"faces": {
				"north": {"uv": [0, 0, 0.5, 1], "texture": "#3"},
				"east": {"uv": [0, 0, 6, 1], "texture": "#3"},
				"south": {"uv": [0, 0, 0.5, 1], "texture": "#3"},
				"west": {"uv": [0, 0, 6, 1], "texture": "#3"},
				"up": {"uv": [0, 0, 0.5, 6], "texture": "#3"},
				"down": {"uv": [0, 0, 0.5, 6], "texture": "#3"}
			}
		},
		{
			"from": [-0.5, 7.5, 11],
			"to": [0, 9.5, 12],
			"rotation": {"angle": 0, "axis": "y", "origin": [-1, 9, 7]},
			"faces": {
				"north": {"uv": [0, 0, 0.5, 2], "texture": "#3"},
				"east": {"uv": [0, 0, 1, 2], "texture": "#3"},
				"south": {"uv": [0, 0, 0.5, 2], "texture": "#3"},
				"west": {"uv": [0, 0, 1, 2], "texture": "#3"},
				"up": {"uv": [0, 0, 0.5, 1], "texture": "#3"},
				"down": {"uv": [0, 0, 0.5, 1], "texture": "#3"}
			}
		},
		{
			"from": [-0.5, 7.5, 4],
			"to": [0, 9.5, 5],
			"rotation": {"angle": 0, "axis": "y", "origin": [-1, 9, 0]},
			"faces": {
				"north": {"uv": [0, 0, 0.5, 2], "texture": "#3"},
				"east": {"uv": [0, 0, 1, 2], "texture": "#3"},
				"south": {"uv": [0, 0, 0.5, 2], "texture": "#3"},
				"west": {"uv": [0, 0, 1, 2], "texture": "#3"},
				"up": {"uv": [0, 0, 0.5, 1], "texture": "#3"},
				"down": {"uv": [0, 0, 0.5, 1], "texture": "#3"}
			}
		},
		{
			"from": [16, 7.5, 4],
			"to": [16.5, 9.5, 5],
			"rotation": {"angle": 0, "axis": "y", "origin": [17, 9, 0]},
			"faces": {
				"north": {"uv": [0.5, 0, 0, 2], "texture": "#3"},
				"east": {"uv": [1, 0, 0, 2], "texture": "#3"},
				"south": {"uv": [0.5, 0, 0, 2], "texture": "#3"},
				"west": {"uv": [1, 0, 0, 2], "texture": "#3"},
				"up": {"uv": [0.5, 0, 0, 1], "texture": "#3"},
				"down": {"uv": [0.5, 0, 0, 1], "texture": "#3"}
			}
		},
		{
			"from": [16, 6.5, 5],
			"to": [16.5, 7.5, 11],
			"rotation": {"angle": 0, "axis": "y", "origin": [17, 6, 7]},
			"faces": {
				"north": {"uv": [0.5, 0, 0, 1], "texture": "#3"},
				"east": {"uv": [6, 0, 0, 1], "texture": "#3"},
				"south": {"uv": [0.5, 0, 0, 1], "texture": "#3"},
				"west": {"uv": [6, 0, 0, 1], "texture": "#3"},
				"up": {"uv": [0.5, 0, 0, 6], "texture": "#3"},
				"down": {"uv": [0.5, 0, 0, 6], "texture": "#3"}
			}
		},
		{
			"from": [16, 7.5, 11],
			"to": [16.5, 9.5, 12],
			"rotation": {"angle": 0, "axis": "y", "origin": [17, 9, 7]},
			"faces": {
				"north": {"uv": [0.5, 0, 0, 2], "texture": "#3"},
				"east": {"uv": [1, 0, 0, 2], "texture": "#3"},
				"south": {"uv": [0.5, 0, 0, 2], "texture": "#3"},
				"west": {"uv": [1, 0, 0, 2], "texture": "#3"},
				"up": {"uv": [0.5, 0, 0, 1], "texture": "#3"},
				"down": {"uv": [0.5, 0, 0, 1], "texture": "#3"}
			}
		},
		{
			"from": [16, 9.5, 5],
			"to": [16.5, 10.5, 11],
			"rotation": {"angle": 0, "axis": "y", "origin": [17, 9, 7]},
			"faces": {
				"north": {"uv": [0.5, 0, 0, 1], "texture": "#3"},
				"east": {"uv": [6, 0, 0, 1], "texture": "#3"},
				"south": {"uv": [0.5, 0, 0, 1], "texture": "#3"},
				"west": {"uv": [6, 0, 0, 1], "texture": "#3"},
				"up": {"uv": [0.5, 0, 0, 6], "texture": "#3"},
				"down": {"uv": [0.5, 0, 0, 6], "texture": "#3"}
			}
		},
		{
			"from": [16, 9, 6],
			"to": [16.7, 11, 10],
			"rotation": {"angle": 0, "axis": "y", "origin": [17, 9, 7]},
			"faces": {
				"north": {"uv": [0.7, 0, 0, 2], "texture": "#3"},
				"east": {"uv": [4, 0, 0, 2], "texture": "#3"},
				"south": {"uv": [0.7, 0, 0, 2], "texture": "#3"},
				"west": {"uv": [4, 0, 0, 2], "texture": "#3"},
				"up": {"uv": [0.7, 0, 0, 4], "texture": "#3"},
				"down": {"uv": [0.7, 0, 0, 4], "texture": "#3"}
			}
		},
		{
			"from": [3, 10, 3],
			"to": [13, 13, 13],
			"rotation": {"angle": 0, "axis": "y", "origin": [6, 10, 2]},
			"faces": {
				"north": {"uv": [6, 0, 12, 1.5], "texture": "#4"},
				"east": {"uv": [6, 1.5, 12, 3], "texture": "#4"},
				"south": {"uv": [6, 3, 12, 4.5], "texture": "#4"},
				"west": {"uv": [6, 4.5, 12, 6], "texture": "#4"},
				"up": {"uv": [8, 8, 0, 0], "texture": "#4"},
				"down": {"uv": [6, 6, 0, 12], "texture": "#4"}
			}
		}
	]
}