{
	"providers": [
		{
			"type": "bitmap",
			"file": "minecraft:gui/container/brewing_guide_left.png",
			"ascent": 13,
			"height": 166,
			"chars": [
				"\uEff1"
			]
		},
		{
			"type": "bitmap",
			"file": "minecraft:gui/container/brewing_guide_right.png",
			"ascent": 27,
			"height": 193,
			"chars": [
				"\uEff2"
			]
		},
		{
			"type": "bitmap",
			"file": "minecraft:gui/container/furnace_fuel_right.png",
			"ascent": 27,
			"height": 200,
			"chars": [
				"\uEff3"
			]
		},
		{
			"type": "bitmap",
			"file": "minecraft:gui/container/furnace_fuel_right2.png",
			"ascent": 31,
			"height": 200,
			"chars": [
				"\uEff6"
			]
		},
		{
			"type": "bitmap",
			"file": "minecraft:gui/container/armorertrades.png",
			"ascent": 31,
			"height": 200,
			"chars": [
				"\uE001"
			]
		},
		{
			"type": "bitmap",
			"file": "minecraft:gui/container/butchertrades.png",
			"ascent": 31,
			"height": 200,
			"chars": [
				"\uE002"
			]
		},
		{
			"type": "bitmap",
			"file": "minecraft:gui/container/cartogrophertrades.png",
			"ascent": 31,
			"height": 200,
			"chars": [
				"\uE003"
			]
		},
		{
			"type": "bitmap",
			"file": "minecraft:gui/container/clerictrades.png",
			"ascent": 31,
			"height": 200,
			"chars": [
				"\uE004"
			]
		},
		{
			"type": "bitmap",
			"file": "minecraft:gui/container/farmertrades.png",
			"ascent": 31,
			"height": 200,
			"chars": [
				"\uE02C"
			]
		},
		{
			"type": "bitmap",
			"file": "minecraft:gui/container/fishermantrades.png",
			"ascent": 31,
			"height": 200,
			"chars": [
				"\uEff7"
			]
		},
		{
			"type": "bitmap",
			"file": "minecraft:gui/container/fletchertrades.png",
			"ascent": 31,
			"height": 200,
			"chars": [
				"\uEff8"
			]
		},
		{
			"type": "bitmap",
			"file": "minecraft:gui/container/leatherworkertrades.png",
			"ascent": 31,
			"height": 200,
			"chars": [
				"\uE031"
			]
		},
		{
			"type": "bitmap",
			"file": "minecraft:gui/container/librariantrades.png",
			"ascent": 31,
			"height": 200,
			"chars": [
				"\uE030"
			]
		},
		{
			"type": "bitmap",
			"file": "minecraft:gui/container/masontrades.png",
			"ascent": 31,
			"height": 200,
			"chars": [
				"\uE03A"
			]
		},
		{
			"type": "bitmap",
			"file": "minecraft:gui/container/shepardtrades.png",
			"ascent": 31,
			"height": 200,
			"chars": [
				"\uE03B"
			]
		},
		{
			"type": "bitmap",
			"file": "minecraft:gui/container/toolsmithtrades.png",
			"ascent": 31,
			"height": 200,
			"chars": [
				"\uE03C"
			]
		},
		{
			"type": "bitmap",
			"file": "minecraft:gui/container/wanderingtradertrades.png",
			"ascent": 31,
			"height": 200,
			"chars": [
				"\uE03D"
			]
		},
		{
			"type": "bitmap",
			"file": "minecraft:gui/container/weaponsmithtrades.png",
			"ascent": 31,
			"height": 200,
			"chars": [
				"\uE03F"
			]
		},
		{
			"type": "bitmap",
			"file": "minecraft:gui/container/guipatch.png",
			"ascent": 28,
			"height": 200,
			"chars": [
				"\uE077"
			]
		},
		{
			"type": "bitmap",
			"file": "minecraft:gui/container/cartographyinfo.png",
			"ascent": 13,
			"height": 166,
			"chars": [
				"\uE078"
			]
		},
		{
			"type": "bitmap",
			"file": "minecraft:gui/container/smithing_table_1.png",
			"ascent": 27,
			"height": 175,
			"chars": [
				"\uE081"
			]
		},
		{
			"type": "bitmap",
			"file": "minecraft:gui/container/smithing_table_2.png",
			"ascent": 13,
			"height": 166,
			"chars": [
				"\uE080"
			]
		},
		{
			"type": "bitmap",
			"file": "minecraft:gui/container/filler.png",
			"ascent": 5,
			"height": 97,
			"chars": [
				"\uE079"
			]
		},
        {
            "type": "bitmap",
            "file": "space:font/space_split.png",
            "ascent": -32768,
            "height": -3,
            "chars": [
                "\uF801"
            ]
        },
        {
            "type": "bitmap",
            "file": "space:font/space_split.png",
            "ascent": -32768,
            "height": -4,
            "chars": [
                "\uF802"
            ]
        },
        {
            "type": "bitmap",
            "file": "space:font/space_split.png",
            "ascent": -32768,
            "height": -5,
            "chars": [
                "\uF803"
            ]
        },
        {
            "type": "bitmap",
            "file": "space:font/space_split.png",
            "ascent": -32768,
            "height": -6,
            "chars": [
                "\uF804"
            ]
        },
        {
            "type": "bitmap",
            "file": "space:font/space_split.png",
            "ascent": -32768,
            "height": -7,
            "chars": [
                "\uF805"
            ]
        },
        {
            "type": "bitmap",
            "file": "space:font/space_split.png",
            "ascent": -32768,
            "height": -8,
            "chars": [
                "\uF806"
            ]
        },
        {
            "type": "bitmap",
            "file": "space:font/space_split.png",
            "ascent": -32768,
            "height": -9,
            "chars": [
                "\uF807"
            ]
        },
        {
            "type": "bitmap",
            "file": "space:font/space_split.png",
            "ascent": -32768,
            "height": -10,
            "chars": [
                "\uF808"
            ]
        },
        {
            "type": "bitmap",
            "file": "space:font/space_split.png",
            "ascent": -32768,
            "height": -18,
            "chars": [
                "\uF809"
            ]
        },
        {
            "type": "bitmap",
            "file": "space:font/space_split.png",
            "ascent": -32768,
            "height": -34,
            "chars": [
                "\uF80A"
            ]
        },
        {
            "type": "bitmap",
            "file": "space:font/space_split.png",
            "ascent": -32768,
            "height": -66,
            "chars": [
                "\uF80B"
            ]
        },
        {
            "type": "bitmap",
            "file": "space:font/space_split.png",
            "ascent": -32768,
            "height": -130,
            "chars": [
                "\uF80C"
            ]
        },
        {
            "type": "bitmap",
            "file": "space:font/space_split.png",
            "ascent": -32768,
            "height": -258,
            "chars": [
                "\uF80D"
            ]
        },
        {
            "type": "bitmap",
            "file": "space:font/space_split.png",
            "ascent": -32768,
            "height": -514,
            "chars": [
                "\uF80E"
            ]
        },
        {
            "type": "bitmap",
            "file": "space:font/space_split.png",
            "ascent": -32768,
            "height": -1026,
            "chars": [
                "\uF80F"
            ]
        },
        {
            "type": "bitmap",
            "file": "space:font/space_split.png",
            "ascent": -65536,
            "height": -32770,
            "chars": [
                "\uF800"
            ]
        },
        {
            "type": "bitmap",
            "file": "space:font/space_split.png",
            "ascent": -32768,
            "height": 0,
            "chars": [
                "\uF821"
            ]
        },
        {
            "type": "bitmap",
            "file": "space:font/space_split.png",
            "ascent": -32768,
            "height": 1,
            "chars": [
                "\uF822"
            ]
        },
        {
            "type": "bitmap",
            "file": "space:font/space_split.png",
            "ascent": -32768,
            "height": 2,
            "chars": [
                "\uF823"
            ]
        },
        {
            "type": "bitmap",
            "file": "space:font/space_split.png",
            "ascent": -32768,
            "height": 3,
            "chars": [
                "\uF824"
            ]
        },
        {
            "type": "bitmap",
            "file": "space:font/space_split.png",
            "ascent": -32768,
            "height": 4,
            "chars": [
                "\uF825"
            ]
        },
        {
            "type": "bitmap",
            "file": "space:font/space_split.png",
            "ascent": -32768,
            "height": 5,
            "chars": [
                "\uF826"
            ]
        },
        {
            "type": "bitmap",
            "file": "space:font/space_split.png",
            "ascent": -32768,
            "height": 6,
            "chars": [
                "\uF827"
            ]
        },
        {
            "type": "bitmap",
            "file": "space:font/space_split.png",
            "ascent": -32768,
            "height": 7,
            "chars": [
                "\uF828"
            ]
        },
        {
            "type": "bitmap",
            "file": "space:font/space_split.png",
            "ascent": -32768,
            "height": 15,
            "chars": [
                "\uF829"
            ]
        },
        {
            "type": "bitmap",
            "file": "space:font/space_split.png",
            "ascent": -32768,
            "height": 31,
            "chars": [
                "\uF82A"
            ]
        },
        {
            "type": "bitmap",
            "file": "space:font/space_split.png",
            "ascent": -32768,
            "height": 63,
            "chars": [
                "\uF82B"
            ]
        },
        {
            "type": "bitmap",
            "file": "space:font/space_split.png",
            "ascent": -32768,
            "height": 127,
            "chars": [
                "\uF82C"
            ]
        },
        {
            "type": "bitmap",
            "file": "space:font/space_split.png",
            "ascent": -32768,
            "height": 255,
            "chars": [
                "\uF82D"
            ]
        },
        {
            "type": "bitmap",
            "file": "space:font/space_split.png",
            "ascent": -32768,
            "height": 511,
            "chars": [
                "\uF82E"
            ]
        },
        {
            "type": "bitmap",
            "file": "space:font/space_split.png",
            "ascent": -32768,
            "height": 1023,
            "chars": [
                "\uF82F"
            ]
        },
        {
            "type": "bitmap",
            "file": "space:font/space_split.png",
            "ascent": -65536,
            "height": 32767,
            "chars": [
                "\uF820"
            ]
        },
        {
            "type": "bitmap",
            "file": "space:font/space_nosplit.png",
            "ascent": -32768,
            "height": -3,
            "chars": [
                "\uF811"
            ]
        },
        {
            "type": "bitmap",
            "file": "space:font/space_nosplit.png",
            "ascent": -32768,
            "height": -4,
            "chars": [
                "\uF812"
            ]
        },
        {
            "type": "bitmap",
            "file": "space:font/space_nosplit.png",
            "ascent": -32768,
            "height": -5,
            "chars": [
                "\uF813"
            ]
        },
        {
            "type": "bitmap",
            "file": "space:font/space_nosplit.png",
            "ascent": -32768,
            "height": -6,
            "chars": [
                "\uF814"
            ]
        },
        {
            "type": "bitmap",
            "file": "space:font/space_nosplit.png",
            "ascent": -32768,
            "height": -7,
            "chars": [
                "\uF815"
            ]
        },
        {
            "type": "bitmap",
            "file": "space:font/space_nosplit.png",
            "ascent": -32768,
            "height": -8,
            "chars": [
                "\uF816"
            ]
        },
        {
            "type": "bitmap",
            "file": "space:font/space_nosplit.png",
            "ascent": -32768,
            "height": -9,
            "chars": [
                "\uF817"
            ]
        },
        {
            "type": "bitmap",
            "file": "space:font/space_nosplit.png",
            "ascent": -32768,
            "height": -10,
            "chars": [
                "\uF818"
            ]
        },
        {
            "type": "bitmap",
            "file": "space:font/space_nosplit.png",
            "ascent": -32768,
            "height": -18,
            "chars": [
                "\uF819"
            ]
        },
        {
            "type": "bitmap",
            "file": "space:font/space_nosplit.png",
            "ascent": -32768,
            "height": -34,
            "chars": [
                "\uF81A"
            ]
        },
        {
            "type": "bitmap",
            "file": "space:font/space_nosplit.png",
            "ascent": -32768,
            "height": -66,
            "chars": [
                "\uF81B"
            ]
        },
        {
            "type": "bitmap",
            "file": "space:font/space_nosplit.png",
            "ascent": -32768,
            "height": -130,
            "chars": [
                "\uF81C"
            ]
        },
        {
            "type": "bitmap",
            "file": "space:font/space_nosplit.png",
            "ascent": -32768,
            "height": -258,
            "chars": [
                "\uF81D"
            ]
        },
        {
            "type": "bitmap",
            "file": "space:font/space_nosplit.png",
            "ascent": -32768,
            "height": -514,
            "chars": [
                "\uF81E"
            ]
        },
        {
            "type": "bitmap",
            "file": "space:font/space_nosplit.png",
            "ascent": -32768,
            "height": -1026,
            "chars": [
                "\uF81F"
            ]
        },
        {
            "type": "bitmap",
            "file": "space:font/space_nosplit.png",
            "ascent": -65536,
            "height": -32770,
            "chars": [
                "\uF810"
            ]
        },
        {
            "type": "bitmap",
            "file": "space:font/space_nosplit.png",
            "ascent": -32768,
            "height": 0,
            "chars": [
                "\uF831"
            ]
        },
        {
            "type": "bitmap",
            "file": "space:font/space_nosplit.png",
            "ascent": -32768,
            "height": 1,
            "chars": [
                "\uF832"
            ]
        },
        {
            "type": "bitmap",
            "file": "space:font/space_nosplit.png",
            "ascent": -32768,
            "height": 2,
            "chars": [
                "\uF833"
            ]
        },
        {
            "type": "bitmap",
            "file": "space:font/space_nosplit.png",
            "ascent": -32768,
            "height": 3,
            "chars": [
                "\uF834"
            ]
        },
        {
            "type": "bitmap",
            "file": "space:font/space_nosplit.png",
            "ascent": -32768,
            "height": 4,
            "chars": [
                "\uF835"
            ]
        },
        {
            "type": "bitmap",
            "file": "space:font/space_nosplit.png",
            "ascent": -32768,
            "height": 5,
            "chars": [
                "\uF836"
            ]
        },
        {
            "type": "bitmap",
            "file": "space:font/space_nosplit.png",
            "ascent": -32768,
            "height": 6,
            "chars": [
                "\uF837"
            ]
        },
        {
            "type": "bitmap",
            "file": "space:font/space_nosplit.png",
            "ascent": -32768,
            "height": 7,
            "chars": [
                "\uF838"
            ]
        },
        {
            "type": "bitmap",
            "file": "space:font/space_nosplit.png",
            "ascent": -32768,
            "height": 15,
            "chars": [
                "\uF839"
            ]
        },
        {
            "type": "bitmap",
            "file": "space:font/space_nosplit.png",
            "ascent": -32768,
            "height": 31,
            "chars": [
                "\uF83A"
            ]
        },
        {
            "type": "bitmap",
            "file": "space:font/space_nosplit.png",
            "ascent": -32768,
            "height": 63,
            "chars": [
                "\uF83B"
            ]
        },
        {
            "type": "bitmap",
            "file": "space:font/space_nosplit.png",
            "ascent": -32768,
            "height": 127,
            "chars": [
                "\uF83C"
            ]
        },
        {
            "type": "bitmap",
            "file": "space:font/space_nosplit.png",
            "ascent": -32768,
            "height": 255,
            "chars": [
                "\uF83D"
            ]
        },
        {
            "type": "bitmap",
            "file": "space:font/space_nosplit.png",
            "ascent": -32768,
            "height": 511,
            "chars": [
                "\uF83E"
            ]
        },
        {
            "type": "bitmap",
            "file": "space:font/space_nosplit.png",
            "ascent": -32768,
            "height": 1023,
            "chars": [
                "\uF83F"
            ]
        },
        {
            "type": "bitmap",
            "file": "space:font/space_nosplit.png",
            "ascent": -65536,
            "height": 32767,
            "chars": [
                "\uF830"
            ]
        }
	]
}
